Player,Nation,Position,Age,Minutes,PC1,PC2,PC3,PC4,PC5,PC6,PC7
Mohamed Salah,EGY,AT,32,3371,-6.730623751601814,1.7361278008383174,0.7618588276981585,-0.9431215248221362,-0.6459025710388229,-0.42586087649091914,0.37376736852607645
Virgil van Dijk,NED,DF,33,3330,0.7497414736860658,-0.08646025653448654,-0.30448918716388884,-0.44699880684488086,0.5356814041114826,-0.2189440345892886,0.04289841598799103
Ryan Gravenberch,NED,MT,22,3160,0.06678834379379378,-0.796424817350898,0.4618110817562185,-0.31703476364003763,0.15859871511354764,-0.35232238844014235,-0.163950610539044
Alexis Mac Allister,ARG,MT,25,2599,-0.9752227729299011,-0.3535348862608924,0.3882594964567087,-1.0045005651905194,0.21664946535375063,-0.08914010709916549,0.22650773906725827
Ibrahima Konaté,FRA,DF,25,2560,0.6577407523054165,-0.08072580487019657,0.12369506791708745,-0.3948511837039496,0.1951832004297612,-0.31388243908439667,-0.11864022828483517
Dominik Szoboszlai,HUN,MT,23,2491,-2.393373025328193,-0.09101353983395565,0.9029605779364603,-0.5468025370402773,0.11304271032197555,0.2514801995789641,-0.14765345799635005
Andrew Robertson,SCO,DF,30,2482,-0.2606041165221076,-1.2550935189791055,0.17043977486460518,0.050388261691783134,0.5017271259622945,0.4108987731404373,-0.04287823395531205
Alisson,BRA,GB,31,2508,1.5694099862783621,0.3805745467246431,0.30683218198475304,0.0966198202291066,-0.2710957172418472,0.2794569854375689,0.1303322155202097
Luis Díaz,COL,AT,27,2399,-3.5762775513073843,0.8373495675465749,-0.38711693652261975,0.47018310755304465,-0.0367248389368065,-0.3439353924767201,0.2486869154245521
Trent Alexander-Arnold,ENG,DF,25,2365,-1.806184273606286,-1.3649488889448755,0.8844089073738911,-1.4133066660082736,0.4071751112395457,0.19586880514744218,0.10133909091325502
Cody Gakpo,NED,AT,25,1935,-3.0937218666918302,0.7997909271462917,-0.31024241195482266,0.2110715859657838,-0.7214322470213,0.08988387052996218,0.7449563728507702
Curtis Jones,ENG,"MT,DF",23,1712,-0.9441721946369885,0.03754955105430187,-0.2924837208887685,-0.6830313673580554,0.07926527470968447,-0.6272742584715097,-0.36099891291294656
Diogo Jota,POR,AT,27,1196,-3.2069357313652187,1.852449084331849,-0.14273094829895253,-0.048663885139860176,-0.07921310327043131,-0.48835526084873415,-0.5785951432654034
Caoimhín Kelleher,IRL,GB,25,900,1.6516639112755565,0.4243680485095755,0.23223612720456122,0.11141469368574893,-0.30458991719305495,0.15426857271288638,0.11317125069911718
Kostas Tsimikas,GRE,DF,28,837,-0.8223382688028624,-1.5816807870249698,0.3417529059671103,-0.6992148604262282,0.42758285081936764,0.5513952779140926,-0.07554149184191837
Darwin Núñez,URU,AT,25,1133,-2.121913037932462,1.6576730013247687,-0.36647160285878666,-0.03059794962524761,-0.136163273513695,-0.25923114022455884,-0.17519598444237625
Conor Bradley,NIR,DF,21,754,-1.405741938381635,-1.160857890380001,1.3331118209558843,0.027283828250967184,-0.4835911685875529,-0.7435502315525807,-0.380258279606076
Joe Gomez,ENG,DF,27,519,0.9516930183475744,-0.45812224475561386,-0.4068086520893066,-0.2593008777690825,0.6572382137248192,-0.11203735659521952,-0.24231793311149907
Jarell Quansah,ENG,DF,21,495,1.2090758349219506,-0.16607929240740238,-0.12244044959128587,-0.07432233518460254,0.19210514685716829,0.05257667185098905,-0.018374993372054962
Harvey Elliott,ENG,MT,21,371,-4.255446588330035,-0.5431785555552909,0.710954309875002,-2.5164578106662363,-0.32346324486501676,-1.0149071531708602,-1.0411694232147084
Wataru Endo,JPN,"MT,DF",31,273,1.0377498649290344,-0.6678377809241567,-0.6305032028878116,-0.42580631545618,0.3321280139753278,0.036977475647196216,0.03992562957750459
Federico Chiesa,ITA,AT,26,108,-0.5065511148674183,-0.152138912949956,-0.07186961436849765,0.944378343991797,0.07613879758589098,0.7737515526447369,-0.8049748804532232
Vitezslav Jaros,CZE,GB,23,12,1.6516639112755565,0.4243680485095755,0.23223612720456122,0.11141469368574893,-0.30458991719305495,0.15426857271288638,0.11317125069911718
Jayden Danns,ENG,MT,18,11,1.6516639112755565,0.4243680485095755,0.23223612720456122,0.11141469368574893,-0.30458991719305495,0.15426857271288638,0.11317125069911718
Mohamed Salah,EGY,AT,32,3371,-6.730623751601814,1.7361278008383174,0.7618588276981585,-0.9431215248221362,-0.6459025710388229,-0.42586087649091914,0.37376736852607645
Virgil van Dijk,NED,DF,33,3330,0.7497414736860658,-0.08646025653448654,-0.30448918716388884,-0.44699880684488086,0.5356814041114826,-0.2189440345892886,0.04289841598799103
Ryan Gravenberch,NED,MT,22,3160,0.06678834379379378,-0.796424817350898,0.4618110817562185,-0.31703476364003763,0.15859871511354764,-0.35232238844014235,-0.163950610539044
Alexis Mac Allister,ARG,MT,25,2599,-0.9752227729299011,-0.3535348862608924,0.3882594964567087,-1.0045005651905194,0.21664946535375063,-0.08914010709916549,0.22650773906725827
Ibrahima Konaté,FRA,DF,25,2560,0.6577407523054165,-0.08072580487019657,0.12369506791708745,-0.3948511837039496,0.1951832004297612,-0.31388243908439667,-0.11864022828483517
Dominik Szoboszlai,HUN,MT,23,2491,-2.393373025328193,-0.09101353983395565,0.9029605779364603,-0.5468025370402773,0.11304271032197555,0.2514801995789641,-0.14765345799635005
Andrew Robertson,SCO,DF,30,2482,-0.2606041165221076,-1.2550935189791055,0.17043977486460518,0.050388261691783134,0.5017271259622945,0.4108987731404373,-0.04287823395531205
Alisson,BRA,GB,31,2508,1.5694099862783621,0.3805745467246431,0.30683218198475304,0.0966198202291066,-0.2710957172418472,0.2794569854375689,0.1303322155202097
Luis Díaz,COL,AT,27,2399,-3.5762775513073843,0.8373495675465749,-0.38711693652261975,0.47018310755304465,-0.0367248389368065,-0.3439353924767201,0.2486869154245521
Trent Alexander-Arnold,ENG,DF,25,2365,-1.806184273606286,-1.3649488889448755,0.8844089073738911,-1.4133066660082736,0.4071751112395457,0.19586880514744218,0.10133909091325502
Cody Gakpo,NED,AT,25,1935,-3.0937218666918302,0.7997909271462917,-0.31024241195482266,0.2110715859657838,-0.7214322470213,0.08988387052996218,0.7449563728507702
Curtis Jones,ENG,"MT,DF",23,1712,-0.9441721946369885,0.03754955105430187,-0.2924837208887685,-0.6830313673580554,0.07926527470968447,-0.6272742584715097,-0.36099891291294656
Diogo Jota,POR,AT,27,1196,-3.2069357313652187,1.852449084331849,-0.14273094829895253,-0.048663885139860176,-0.07921310327043131,-0.48835526084873415,-0.5785951432654034
Caoimhín Kelleher,IRL,GB,25,900,1.6516639112755565,0.4243680485095755,0.23223612720456122,0.11141469368574893,-0.30458991719305495,0.15426857271288638,0.11317125069911718
Kostas Tsimikas,GRE,DF,28,837,-0.8223382688028624,-1.5816807870249698,0.3417529059671103,-0.6992148604262282,0.42758285081936764,0.5513952779140926,-0.07554149184191837
Darwin Núñez,URU,AT,25,1133,-2.121913037932462,1.6576730013247687,-0.36647160285878666,-0.03059794962524761,-0.136163273513695,-0.25923114022455884,-0.17519598444237625
Conor Bradley,NIR,DF,21,754,-1.405741938381635,-1.160857890380001,1.3331118209558843,0.027283828250967184,-0.4835911685875529,-0.7435502315525807,-0.380258279606076
Joe Gomez,ENG,DF,27,519,0.9516930183475744,-0.45812224475561386,-0.4068086520893066,-0.2593008777690825,0.6572382137248192,-0.11203735659521952,-0.24231793311149907
Jarell Quansah,ENG,DF,21,495,1.2090758349219506,-0.16607929240740238,-0.12244044959128587,-0.07432233518460254,0.19210514685716829,0.05257667185098905,-0.018374993372054962
Harvey Elliott,ENG,MT,21,371,-4.255446588330035,-0.5431785555552909,0.710954309875002,-2.5164578106662363,-0.32346324486501676,-1.0149071531708602,-1.0411694232147084
Wataru Endo,JPN,"MT,DF",31,273,1.0377498649290344,-0.6678377809241567,-0.6305032028878116,-0.42580631545618,0.3321280139753278,0.036977475647196216,0.03992562957750459
Federico Chiesa,ITA,AT,26,108,-0.5065511148674183,-0.152138912949956,-0.07186961436849765,0.944378343991797,0.07613879758589098,0.7737515526447369,-0.8049748804532232
Vitezslav Jaros,CZE,GB,23,12,1.6516639112755565,0.4243680485095755,0.23223612720456122,0.11141469368574893,-0.30458991719305495,0.15426857271288638,0.11317125069911718
Jayden Danns,ENG,MT,18,11,1.6516639112755565,0.4243680485095755,0.23223612720456122,0.11141469368574893,-0.30458991719305495,0.15426857271288638,0.11317125069911718
David Raya,ESP,GB,28,3420,1.6330665985803003,0.37295956273396136,0.18896119615077353,0.06845652622735739,-0.25377503755789843,0.1397294893952978,0.10509224675114176
William Saliba,FRA,DF,23,3039,0.9365120855739754,0.0633603112211545,-0.24066147794849532,-0.18735293914853438,0.46086614818818167,0.07457653458101053,0.0020504519017793934
Declan Rice,ENG,MT,25,2825,-1.6171811044699669,-0.809825817964053,0.9823201710295083,-0.6827443387339561,0.1892896438299311,-0.3197378019641198,-0.002233330967961865
Thomas Partey,GHA,"MT,DF",31,2797,0.07878588092008387,-0.26228149571625115,-0.1873167310122135,-0.45429070600231525,0.5509101651627648,-0.17797292785678467,0.20645474421692075
Leandro Trossard,BEL,AT,29,2546,-2.586972831089234,0.07895799045697353,0.6330915645757332,-0.3654662900659959,-0.5240164346852886,-0.15826784894551651,0.16493724029271123
Gabriel Magalhães,BRA,DF,26,2363,0.5650222856323468,0.18216674920620604,-0.29342012978311244,-0.4958990820825066,0.4513540380653306,-0.11914307572257024,0.024665105446427166
Jurriën Timber,NED,DF,23,2417,-0.0013257252058045115,-0.6864875126210436,-0.07364224022660423,-0.1963543321106272,-0.06202697401168421,-0.7225208839469849,-0.10616545565370916
Martin Ødegaard,NOR,MT,25,2325,-2.6296564207316613,-1.426381633703796,0.5902350062499422,-1.209918056482651,0.15781845595034721,-0.8776415919144118,-0.47701694846287845
Mikel Merino,ESP,"MT,AT",28,1586,-1.513814023155817,1.3114346378309432,-0.6386445534466099,-0.4986844284430051,0.20224709260566107,0.1301701979839823,0.31198652120468795
Myles Lewis-Skelly,ENG,DF,17,1369,0.5252583033382245,-0.5742343486523938,-0.21623582567493962,0.4933252021815724,0.46874047396668717,-0.37746739111917793,0.2522928822904072
Ben White,ENG,DF,26,1198,-0.14175543913874408,-0.7515705431952516,0.5606818230542092,-0.4849006447340805,-0.28798648087479906,-0.32483079976993123,-0.14221348851873059
Riccardo Calafiori,ITA,DF,22,983,-0.1862649783127436,-0.07308256846271488,-0.17520685441825415,-0.13012263965556062,0.27626117956462487,-0.7188781639116109,0.31195219131275703
Jakub Kiwior,POL,DF,24,1122,1.0562448541497107,0.008223254780742506,-0.15608616116737165,-0.21821844719797276,0.4143275491723904,0.04562641804628067,0.3081430717787132
Jorginho,ITA,MT,32,704,0.7917482171379232,-0.7867813758204424,-0.19108592622983986,-0.05123806100598941,0.6972989786435817,-0.09676279657948392,-0.03547685769031768
Gabriel Jesus,BRA,AT,27,608,-1.7703700795311341,1.4653382892219433,-1.2395116712322873,0.9010772128817658,0.4212788245006517,0.3422725214620365,0.2396105094232705
Nathan Butler-Oyedeji,ENG,AT,21,7,-0.44167935521290336,2.9293855145120733,-0.9746430034990353,0.5081725611947845,0.3706950727874079,0.7271455187773207,-3.4367162792051222
Takehiro Tomiyasu,JPN,DF,25,7,-4.275241732746581,4.946158719181478,-4.320846756522471,-0.38740135535450976,3.171325918933342,1.0912654728815978,-9.119017845995524
Reiss Nelson,ENG,AT,24,3,1.6516639112755565,0.4243680485095755,0.23223612720456122,0.11141469368574893,-0.30458991719305495,0.15426857271288638,0.11317125069911718
Bruno Guimarães,BRA,MT,26,3271,-1.1461226718107411,-0.6647433404070306,0.35085307742566946,-0.9700084741151541,0.4574786302524809,-0.16537989514003046,0.003981458496961495
Dan Burn,ENG,DF,32,3330,1.0888995316979921,0.2457874550515696,0.09757802221968623,-0.1438773804467756,-0.047575031374569865,0.014146168153725621,-0.021907403230900346
Alexander Isak,SWE,AT,24,2756,-3.9257336310625743,2.790592369176352,-0.7332107634444741,0.022730474493279255,0.45896664659236,-0.5369736017291726,0.3492108820470324
Fabian Schär,SUI,DF,32,2934,0.7726500181476534,0.40347747188367766,-0.4144911692785754,-0.07277009361467686,0.4284675766080563,-0.059136185785971906,0.07529292995283147
Valentino Livramento,ENG,DF,21,2840,0.2292441137309825,-1.0108486794747649,0.02795706581042603,0.40287930080017814,0.2502041047821281,-0.15536166058405956,0.01989151410971101
Jacob Murphy,ENG,AT,29,2360,-3.9672987112802875,-0.18200126712037853,1.9180273235167087,-1.373166783007757,-1.2926027068005526,-0.35400545704079117,0.2981548471051682
Joelinton,BRA,"MT,AT",27,2393,-0.5608973225609736,0.004975774424323688,-0.05160229543372135,-0.29517307314688335,-0.0031619387886389016,-0.17436818103674562,0.023978209758212066
Sandro Tonali,ITA,MT,24,2630,-0.11798815149005602,0.16682637593026897,-0.08906211246259653,-0.24245345628861117,0.34668266016940075,-0.1351719474274169,-0.03148735818755705
Nick Pope,ENG,GB,32,2520,1.649861110555098,0.41938457284765374,0.22804110837791855,0.10725038153417017,-0.2996639849835244,0.15285917177903854,0.11238808194905833
Lewis Hall,ENG,DF,19,2189,-0.5127790554151004,-1.0210149617047959,0.8364597401410403,-0.6659414851300394,-0.15357210765324275,0.12121179751886933,-0.053112094812910626
Harvey Barnes,ENG,AT,26,1755,-3.5203018407655864,0.44075026945888157,0.040888726581964394,0.5405399104045753,0.021384166113711738,-0.5983242094970654,0.38327884194842726
Kieran Trippier,ENG,DF,33,1309,-0.578530100656662,-1.3636801009349504,0.3234974855263799,-1.1705542203194947,-0.12692272971151522,-0.7287554292913924,-0.19335637318444548
Joe Willock,ENG,"MT,AT",24,1086,-1.2325020779470273,-0.8906018280440408,0.7348348835879209,0.17680617096332424,-0.604436222572327,-0.0061807112490811535,-0.4369221912549857
Martin Dúbravka,SVK,GB,35,900,1.6516639112755565,0.4243680485095755,0.23223612720456122,0.11141469368574893,-0.30458991719305495,0.15426857271288638,0.11317125069911718
Sean Longstaff,ENG,MT,26,798,0.9573517892208263,-0.24891972357689585,-0.48537611636265665,-0.15341648368217864,0.17068618304976543,0.11601517279550735,-0.19212499098516486
Sven Botman,NED,DF,24,412,0.8245857345371914,0.2980702502590387,0.37142135262671805,-0.07989643241209195,0.16379128730399273,0.9266848895166299,-0.26585038426838764
Lloyd Kelly,ENG,DF,25,303,-0.5945604198828038,0.001876417808985363,1.3360838372064625,-1.698154372824656,-1.0001599781568535,-0.24950372776829255,-0.5580591994444369
Callum Wilson,ENG,AT,32,370,0.8126026780719877,0.07598411923085314,-0.11789169566972223,0.5903458159919782,-0.390326484097316,0.20414488003894452,-0.16557977194059073
Emil Krafth,SWE,DF,29,342,1.1545710864963832,-0.13190943102384683,0.13582649228892868,0.35712728028772645,0.07304297324811981,-0.07645430255662174,0.0317125367302416
Lewis Miley,ENG,MT,18,313,0.11419673521446926,0.7485121904567282,-0.9510329591563229,-0.17152006157488048,0.6847883253846462,-0.16765842107743203,0.5252310740915985
Miguel Almirón,PAR,AT,30,157,-0.7222825513302669,-0.31833460508004163,-0.7193147982923519,0.7087747799331258,-0.35598307513134825,1.0644032591431607,-0.7903280916729111
William Osula,DEN,AT,20,134,-1.9319982912207847,0.9133009724307644,-1.177979410680495,1.2367762209212732,0.25875695320772457,-0.20647587312524784,2.3798375986711586
Matt Targett,ENG,DF,28,21,1.3967547379322491,0.21942005440631465,-0.166690449974597,0.25033569538933154,-0.7765798643218862,0.28344459785952614,0.20107896474536424
Álex Remiro,ESP,GB,29,3240,1.650261732937422,0.4204920118836364,0.2289733347838392,0.10817578423452105,-0.3007586365856424,0.15317237198656028,0.11256211944907143
Martín Zubimendi,ESP,MT,25,2962,0.5102774135943273,-0.3331532541190161,-0.3766926814512364,-0.26890694438224844,0.5502350293573494,-0.245444544008769,-0.10080709015898674
Sergio Gómez,ESP,"MT,DF",23,2738,-1.1562508746200262,-0.6958103491246207,1.1837226789476352,-0.5279231341157934,-0.37619039401752874,0.9826043679631418,0.24229359457901756
Jon Aramburu,VEN,DF,22,2460,0.7284941882575519,-0.2344523488710762,-0.005311449854944855,-0.12180502539202427,0.03691201011985179,-0.08666452576963017,0.11965172018762202
Mikel Oyarzabal,ESP,AT,27,2250,-1.5279414706067378,1.670435405068516,-0.2715317345875679,0.03531931015587763,-0.17992885119364696,0.058784031861370274,-0.03703085495823053
Takefusa Kubo,JPN,"MT,AT",23,2372,-1.398564506641968,-0.8000725456230686,-0.1256946576320299,1.6352435839841828,0.48258719002081796,0.0856649598060459,0.4020541424593005
Igor Zubeldia,ESP,DF,27,2269,1.1574465124012498,-0.2668328217078674,-0.09122997622621982,-0.04099790818659064,0.3696122016837796,-0.06315128972552261,-0.0508230714789823
Javi López,ESP,DF,22,1936,0.8939635308149975,-0.47401683515840265,-0.17588952558621632,0.4060907794876117,0.04767321935292652,-0.1441107953262712,0.039683380955892196
Luka Sučić,CRO,MT,21,1792,-0.20467884205822928,-0.1724617846923312,0.12144749959961497,0.01981095904611937,0.26665909127071763,0.4046604234196557,-0.34392822120693456
Nayef Aguerd,MAR,DF,28,1760,0.9038950526761006,-0.027685264434594806,-0.17762966146327494,0.18814789231043913,0.45916209645487027,-0.16642164725826325,-0.44608540044884404
Brais Méndez,ESP,MT,27,1531,-1.0958606442329728,-0.053701161427504834,-0.1586938731543182,-0.2924501242313012,0.1569768982939749,-0.1130491105823077,-0.08622689967969335
Aritz Elustondo,ESP,DF,30,1457,1.1784557290405053,-0.13616977496738217,-0.0335041203605997,0.1361351855535514,0.24904954520236774,-0.12374494764334058,-0.08043806752524166
Ander Barrenetxea,ESP,"MT,AT",22,1263,-1.549347604304839,-0.8428259205313207,0.3276787058700753,0.060002959682298275,-1.156482374252017,-0.3694297969209184,-0.10085484775272761
Pablo Marín,ESP,MT,21,1239,-0.2405858612936588,-0.11877343377938795,0.36009139261829,-0.40757971445888386,-0.40703560679770656,-0.40938038584741326,-0.13507008073053786
Aihen Muñoz,ESP,DF,26,1098,0.8646257490331655,-0.4765282908337375,-0.024745218303711635,0.5807011764282453,0.13227562582136532,-0.2593766311672843,0.02083364048156806
Beñat Turrientes,ESP,MT,22,942,0.8232335804035001,-0.42753658184072324,-0.30588697297236833,0.3629301358895197,0.1854383913196702,-0.22718938720827647,-0.14119292872630898
Orri Steinn Óskarsson,ISL,AT,19,944,-0.625910663818288,2.080077535489094,-1.1047447958390324,0.5154616342674239,0.11547990631417092,0.3369474455962887,-0.6107529604637111
Jon Pacheco,ESP,DF,23,854,1.2137617219634698,-0.16977816563997766,0.07680906813148557,0.23218860009930134,0.24242142069749562,-0.18093807265491366,-0.008454732040318168
Hamari Traoré,MLI,DF,32,700,0.3874737541508448,-0.4574865891953898,0.39333777771576517,-0.31296730027879655,-0.4285939548088016,-0.6251425752185537,-0.09209630838946938
Olasagasti,ESP,MT,23,857,-0.2466526024844236,-0.11924160551493096,0.00028581173284233236,-0.3796516352004455,-0.21223888229171198,-0.13645604944893147,0.07472385880227232
Jon Martin,ESP,DF,18,904,0.7962121673966172,-0.00011465407834531559,0.2705128455199587,-0.6331703597668634,-0.11973747208545239,-0.3423252815190652,-0.28445890014903497
Umar Sadiq,NGA,AT,27,227,0.32204464043635056,-0.3903843711532588,-0.3053939297100855,0.8288536512308857,-0.45820222863801713,0.2675896100718331,-0.11766893124537459
Unai Marrero,ESP,GB,22,180,1.6516639112755565,0.4243680485095755,0.23223612720456122,0.11141469368574893,-0.30458991719305495,0.15426857271288638,0.11317125069911718
Arsen Zakharyan,RUS,"MT,AT",21,73,-2.6107166570199904,3.4816024937556826,-1.7612386771171344,-0.36008292014092524,1.6126203624268292,0.10325377362407287,3.9202103051198463
Urko González,ESP,MT,23,45,1.5507070709298798,0.1452934114419556,-0.002684927087429393,-0.12178678680266251,-0.028737713459347742,0.0753421204174054,0.06931380069582205
Álvaro Odriozola,ESP,DF,28,43,1.3347063892600604,-0.4517965097259754,-0.505306717665642,-0.6207294892429847,0.5614576991802119,-0.09352377751711208,-0.024520743497274514
Daniel Díaz,ESP,MT,18,10,1.6516639112755565,0.4243680485095755,0.23223612720456122,0.11141469368574893,-0.30458991719305495,0.15426857271288638,0.11317125069911718
Luken Beitia,ESP,DF,20,8,1.6516639112755565,0.4243680485095755,0.23223612720456122,0.11141469368574893,-0.30458991719305495,0.15426857271288638,0.11317125069911718
Jon Magunazelaia,ESP,MT,23,7,1.0026556519104932,-1.3696831897822666,-1.277970650386807,-1.3877376808826103,1.46874567823792,-0.3531157634723485,-0.1687694993220658
Bart Verbruggen,NED,GB,21,3240,1.5295981187904633,0.41394240669356686,0.3415590064203445,-0.047301179666149946,-0.4156015574884834,0.02183560684963179,0.08039996726333445
Carlos Baleba,CMR,MT,20,2661,0.3574405602024263,0.02902145924959918,-0.0711148836258186,0.04365998898635656,0.44604739769956503,-0.1406274635256522,0.019255221414777358
Pervis Estupiñán,ECU,DF,26,2402,0.08744899601369913,-0.7651471322826248,-0.09599708201785816,0.22746182889880323,0.18499556053435595,-0.09946943635879861,0.0653730199960677
Danny Welbeck,ENG,AT,33,2115,-1.6504222790109102,1.958097487192221,-0.34704158179477584,-0.4747657656676057,-0.11059102061067903,-0.4531759195131969,0.06052972244584078
Lewis Dunk,ENG,DF,32,2083,1.0286222121772781,-0.5364239006829691,-0.35617882624371705,-0.28774676620784595,0.6684059034855608,-0.138799071280025,-0.1348563631481763
Yasin Ayari,SWE,MT,20,1965,-0.02824578283607011,-0.08629470950521272,0.12685604372119652,0.011271636225888627,0.16189526288299752,0.2613985994317826,0.028328127589572708
Jack Hinshelwood,ENG,"MT,DF",19,1842,-0.35127282190613723,0.5502097683486964,-0.04354963975439341,-0.3935713041168487,0.07197500007860838,-0.21093035738197233,0.43355010166980296
Joël Veltman,NED,DF,32,1697,0.8808356187498007,-0.5506218989037805,-0.20769066428743196,0.25083611878117823,0.34011210386274104,-0.22276416869412416,-0.047125245907687546
Georginio Rutter,FRA,"MT,AT",22,1656,-1.5687643326348903,0.46940650535242306,0.2505862466458587,-0.18807027225724188,0.06415498745008569,-0.2542957185262715,0.08629040407130315
Matt O'Riley,DEN,MT,23,938,-1.9248575074901624,0.11801701504624809,0.6916612473843519,-0.4037533621888614,-0.11024287952127852,0.3202673408499885,-0.2199782326231386
Adam Webster,ENG,DF,29,887,0.9002336499790667,-0.6254936710032833,-0.28127711781524195,-0.3500483624957848,0.733073393527106,0.05529230044618118,-0.1108039103529764
Igor,BRA,DF,26,961,1.1795284240117048,-0.3954325532840481,-0.13523098311678222,-0.12889081423936996,0.4352867740810747,-0.09222453182253292,0.012122840831705345
Tariq Lamptey,GHA,DF,23,860,-1.0339515576366523,-0.03281051482818812,0.8838081752999858,0.1626814238528759,-0.6822309711076948,-1.080390541525567,0.5798150976650639
Brajan Gruda,GER,"MT,AT",20,687,-3.334602541624533,-0.6771047164519393,2.256316179729575,-1.7547876727134213,-1.7265084195596414,-0.9102046590741752,-0.29294449474104367
Diego Gómez,PAR,MT,21,516,-0.31950301158761674,-0.032213381341280295,-0.3814810189758112,0.15435573915211523,0.5653292721939579,0.5485323720976102,0.2425834011163406
James Milner,ENG,MT,38,170,0.2894271581686696,-0.6459548944847568,-0.4613620164872359,-0.17004608145676908,0.1342012924053988,0.7970228517162605,-0.13926804717200106
Julio Enciso,PAR,"MT,AT",20,294,-0.4632672322289715,-0.27628734550547684,-0.47240179984611225,1.0819967117638793,0.3903915249527923,-0.004301866005613248,-1.0630023075617288
Evan Ferguson,IRL,AT,19,246,-0.5772826988374034,1.3631602478957119,-0.07529280228794763,0.37128468598554903,0.30127220226669754,0.8527118210411396,0.9138155220231253
Jason Steele,ENG,GB,33,180,1.6516639112755565,0.4243680485095755,0.23223612720456122,0.11141469368574893,-0.30458991719305495,0.15426857271288638,0.11317125069911718
Billy Gilmour,SCO,MT,23,98,0.5399643286249909,-1.1833404786213075,-0.994097697553714,-0.3185521530046154,1.1300564655005216,-0.5709187361240666,-0.3792404251730372
Eiran Cashin,IRL,DF,22,20,0.02109193459845096,-3.558334945711717,-3.3580710117754284,-2.8909382411190436,2.9238253887267196,-0.7756037068721353,-0.3866012245968076
Jakub Moder,POL,MT,25,11,-8.831509696870858,-9.598576210284936,4.07167902297914,1.395920378884657,8.001022142870127,4.259217181955674,0.30287029359001916
Jeremy Sarmiento,ECU,MT,22,9,0.46208776900678905,-0.5320559239723085,-1.6294212329648439,0.7597127016358012,-2.507209670460934,0.7570900233972052,0.5234072495816035
Harry Howell,ENG,AT,15,7,-0.6425186488142088,-1.420163898419772,-3.3581030674078622,1.3617037090179922,-4.552499441352535,1.316852799032644,0.9043406771153406
Milos Kerkez,HUN,DF,20,3336,-0.48105905077746414,-0.9043708595288719,0.39688741892105356,0.09535906250376805,-0.2891557076181537,-0.47399686592292173,0.12318036551557666
Antoine Semenyo,GHA,AT,24,3203,-2.215785411430243,0.26329098961561026,0.1013187666735613,0.6851826302639645,-0.06021963056352815,-0.3031989814220945,0.20851552533239304
Illia Zabarnyi,UKR,DF,21,3109,1.0081685859221472,-0.20784483440541013,-0.01719081155704971,-0.2229824968433214,0.2625027314667883,-0.16209681008601562,-0.15680176158341455
Lewis Cook,ENG,"MT,DF",27,2978,0.15967911102767246,-0.5560448655897066,0.3961792759513932,-0.5501822172135652,0.16187760407439838,0.1464596077997928,0.02827102219736397
Kepa Arrizabalaga,ESP,GB,29,2790,1.6484072390063411,0.41536564086223293,0.22465802867901316,0.10389206528289698,-0.2956914590080967,0.1517225581227096,0.11175649424739797
Justin Kluivert,NED,MT,25,2340,-3.1224094017036643,0.9886324024524464,0.16386333085347304,-0.214300936375212,0.09700095583985884,-0.43551205929756553,0.21908091242280012
Evanilson,BRA,AT,24,2319,-1.224279387282066,2.1257465316943143,-0.7045478699656721,0.40007631015565515,0.3364788462819044,0.2247774862534773,-0.1969099203491626
Ryan Christie,SCO,MT,29,2117,-0.5191208537317978,-0.5517044713746104,0.44583219935567087,-0.7114776530602023,0.31969701785816435,0.01039943669203878,0.020328029530965117
Dean Huijsen,ESP,DF,19,2427,0.10063487476961532,-0.192646785538793,0.18835560630823703,-0.29131528931639566,0.5209524714277323,-0.21978687103587172,0.12075771115425522
Dango Ouattara,BFA,AT,22,2005,-2.8699110390525546,0.5412915683203143,0.5079281309228997,0.4907161678526545,-0.2867319288258106,0.3077003640271215,-0.082942893319117
Tyler Adams,USA,MT,25,1965,0.4176428239554933,-0.10976844609767587,0.505700567929739,-0.7570286591573463,-0.23960165626237445,-0.3661259291235181,-0.33593063979457094
Adam Smith,ENG,DF,33,1590,1.072055946304455,-0.12407619518497072,-0.14303016812565453,0.16123385963214376,0.01264806636068158,0.057549185340107646,-0.06172142356974586
Marcos Senesi,ARG,DF,27,1106,0.9478115908146383,-0.3169045017720587,-0.30691468853198967,-0.08918348413391332,0.5101449985787455,-0.08410737220883689,-0.255688334708931
Alex Scott,ENG,MT,20,755,0.13421500086166366,-0.8911216710335116,-0.3288787857600748,0.13718851833227072,0.5269743340409648,0.36608799497534933,-0.22627563184982116
Julian Araujo,MEX,DF,22,497,1.113755701591188,-0.25634685141404223,-0.3097844502204259,0.19946992506825428,-0.3031638246930126,0.07017403473817731,0.1308340471745144
James Hill,ENG,DF,22,448,0.15356389379160879,-0.15328418772865204,0.6699514331039216,-1.0112131390101926,-0.6515201814900666,-0.5786345215558625,-0.33092669920355666
Mark Travers,IRL,GB,25,450,1.6516639112755565,0.4243680485095755,0.23223612720456122,0.11141469368574893,-0.30458991719305495,0.15426857271288638,0.11317125069911718
Neto,BRA,GB,35,180,1.6516639112755565,0.4243680485095755,0.23223612720456122,0.11141469368574893,-0.30458991719305495,0.15426857271288638,0.11317125069911718
Philip Billing,DEN,MT,28,184,-2.16133668309369,-1.4416651863980336,0.7235921895083807,-0.17989934022861873,1.1333683315617082,3.306174901862957,-0.5254295981413789
Max Aarons,ENG,DF,24,86,0.8505170111892291,-1.0630979874272701,-0.917415818719041,-0.3876155866025519,0.6145193394054909,-0.32338726879489255,-0.03120896145331373
Daniel Jebbison,ENG,AT,20,119,-3.7191998693522943,2.8502594043234035,-1.9497928099577384,1.4143746128802377,0.7395721306335029,0.5439026825229518,0.3744803497020422
Ben Winterburn,ENG,"MT,AT",19,24,-0.16900155560458455,-1.1462481176478068,0.43693849697218495,3.044851926976064,-0.34124154196378514,-1.3532541439083379,0.08649289787701839
Remy Rees-Dottin,ENG,AT,18,1,1.6516639112755565,0.4243680485095755,0.23223612720456122,0.11141469368574893,-0.30458991719305495,0.15426857271288638,0.11317125069911718
Zain Silcott-Duberry,MSR,AT,19,1,1.6516639112755565,0.4243680485095755,0.23223612720456122,0.11141469368574893,-0.30458991719305495,0.15426857271288638,0.11317125069911718
Nathan Collins,IRL,DF,23,3420,0.513015481599989,0.020041858621000892,0.2616202169552971,-0.37346374865413984,0.06332232674804468,-0.18513543520029033,-0.08788544385851677
Bryan Mbeumo,CMR,AT,24,3414,-3.2190165577745264,0.785528155843819,-0.04693482734524264,0.20975129287330813,0.07377970642189853,-0.1129193818940843,0.9145428730617918
Mark Flekken,NED,GB,31,3275,1.4126736023761983,0.400519010031765,0.464722473366898,-0.14762071524659243,-0.4881079036994561,0.0005032439637165239,0.06955682286799075
Yoane Wissa,COD,AT,27,2919,-2.468679249308232,2.5952679591059793,-0.7895439038523105,0.16321312912670052,0.4716688813174485,-0.3391945945765294,0.11335204955473056
Mikkel Damsgaard,DEN,"MT,AT",24,2911,-1.9925443712250737,-1.2784372215358988,1.304270108261065,-1.469930529803604,-0.24788986333802182,-0.21716729327501594,-0.2218340606637153
Christian Nørgaard,DEN,MT,30,2819,-0.1073582362740395,0.32846838382822724,-0.10091737919269268,-0.910823578877935,0.12529344295984574,-0.45332461487402,-0.010930315285251874
Vitaly Janelt,GER,MT,26,2254,0.2799932473602336,-0.19824812960156277,0.5359028379552556,-0.6201408289167157,-0.23212270161800774,-0.047120187943088705,0.04829484262689161
Kevin Schade,GER,AT,22,2293,-1.8080949835981184,1.2832125881709953,-0.2499546033311579,0.5779875790634217,0.11472806047573389,0.1356740618079166,0.5918146920827988
Ethan Pinnock,JAM,DF,31,1913,0.9884552170298158,0.39738667639996644,0.023534142592531154,-0.07196104455284236,0.1545095180484653,0.335056071590387,0.2677426355203767
Kristoffer Ajer,NOR,DF,26,1438,0.5458524626245848,-0.46470264000693523,0.005846234598571154,0.38105701442732515,0.2106699326905448,0.2513450847914408,-0.10266995488908924
Yehor Yarmoliuk,UKR,MT,20,1450,0.8199403380343938,-0.4015957855386246,-0.24087423837998181,0.07435584245450484,0.11155319595058576,0.2135685409691799,-0.041338084550254485
Mads Roerslev,DEN,DF,25,1101,-0.7219266894764901,-1.0193989293008294,1.0368617063397907,-0.6639439830808487,-0.34549432674875113,0.6384154319946562,0.05040932564769655
Mathias Jensen,DEN,MT,28,862,-0.537714609556328,-0.9688226069602142,0.7394641269511412,-1.4583067824316556,-0.2372207616669818,0.025837152030654644,-0.16535394347538418
Michael Kayode,ITA,DF,20,528,-0.6793331997798676,-0.7030237877760135,1.2900421999083527,-0.21796595562417725,-0.6017644463473598,0.33975370018298584,-0.03840966700548116
Ben Mee,ENG,DF,34,183,1.0496721072395703,-0.6159610195449007,-0.3171582905120429,0.04175166920986075,0.48852030819571135,-0.37060633555326994,-0.02079552770633546
Hákon Rafn Valdimarsson,ISL,GB,22,145,1.6516639112755565,0.4243680485095755,0.23223612720456122,0.11141469368574893,-0.30458991719305495,0.15426857271288638,0.11317125069911718
Edmond-Paris Maghoma,ENG,"MT,AT",23,119,-0.10121906973642579,-1.4963819643475074,-0.6403665314153216,0.14378415078085893,1.2155401359732154,-0.28053945449679707,-0.3812828410291057
Rico Henry,ENG,DF,27,99,1.1977478055859703,-0.3004094671774344,-0.6179970079102866,-0.16524754175907827,-0.3036358543290142,0.1477708073311752,0.12666588680278199
Kim Jisoo,KOR,DF,19,30,1.348793390238527,-0.4128558626932842,-0.47252703567141063,-0.5881897477794854,0.5229666940080667,-0.08251078417355659,-0.018401099310768217
Frank Onyeka,NGA,MT,26,25,1.4699415986533386,-0.07796629821214035,-0.19062177052102192,-0.3083479711933917,0.19194404952761807,0.012200958581020604,0.034227840693185935
Jayden Meghoma,ENG,DF,18,5,1.6516639112755565,0.4243680485095755,0.23223612720456122,0.11141469368574893,-0.30458991719305495,0.15426857271288638,0.11317125069911718
Ryan Trevitt,ENG,MT,21,4,0.31339075122319326,-0.6516089205325439,-1.8621284029860194,0.8407499526295577,-2.7825371396194187,0.832442704732745,0.5746867494419142
Bernd Leno,GER,GB,32,3420,1.532402475466732,0.4216944799454451,0.3480845912617886,-0.040823360763694146,-0.4232641187033085,0.024028008302284007,0.08161822976342598
Antonee Robinson,USA,DF,26,3167,-1.2542781203444806,-1.2137101688310157,1.0022670340553321,-0.3434993872439551,-1.2177352005057596,-0.9768139733801837,-0.15179626980606936
Calvin Bassey,NGA,DF,24,3074,1.110581494670169,-0.09211746032043122,-0.13947953143531638,0.1460996699477049,0.29637845785903594,-0.2355701915015972,0.018772762625405573
Raúl Jiménez,MEX,AT,33,2494,-1.8053054591167403,1.785173793121294,-0.394984294545863,-0.07366576385035402,0.24680604720516686,0.1186666968772461,0.0974583882078925
Joachim Andersen,DEN,DF,28,2583,1.1788340530020929,-0.14577741940038383,-0.1380695822277118,-0.13510329404421834,0.3419365535246646,0.024487638638469245,-0.11750424051619829
Saša Lukić,SRB,MT,27,2344,0.262371856720855,-0.5171101687348424,0.5436044099098174,-0.19655506719376611,0.10171872492858341,0.07123724158760283,-0.11588119442997476
Sander Berge,NOR,MT,26,2224,1.0186815891163334,-0.5144160333909644,-0.14443390932558497,-0.052607287097730014,0.5209219441104145,-0.10804015577482073,-0.028485483002045738
Emile Smith Rowe,ENG,MT,24,2043,-1.1772462744956027,0.12923099818773454,-0.44514273808537647,-0.1742918718510612,0.14520674479108803,-0.7013368734458102,0.18115862998277973
Andreas Pereira,BRA,MT,28,2013,-1.1772133394335416,-0.328463006657631,0.7168537733812995,-0.8187503114241325,-0.09829367585647474,0.3615290565309779,-0.2530471794697921
Kenny Tete,NED,DF,28,1774,0.2567117594982348,-0.35069608384922335,0.3027602496142079,-0.05815423120434731,-0.2578613707021832,-0.3629556598261119,-0.2669002710205946
Timothy Castagne,BEL,DF,28,1649,0.5684442616957669,-0.4595208722691561,0.0493142804343167,-0.11421526303198547,-0.2264557856881865,0.15472251830721206,0.02634179248457112
Issa Diop,FRA,DF,27,1339,1.3516360092905566,0.20228719832743636,0.05268600668675783,0.07826064430858358,-0.00958040911177693,0.08849677591598817,-0.07133256717653723
Rodrigo Muniz,BRA,AT,23,964,-2.2783978626723758,3.213559969253986,-1.1069210536774718,-0.29863508490092594,0.8946894467436176,-0.1910751214196761,0.8287714364181092
Reiss Nelson,ENG,AT,24,487,-3.1811141487721595,-1.7130427498640721,0.352349362946946,1.75843423033056,0.10418274170369099,-1.3328496169006634,-0.10202748739448489
Jorge Cuenca,ESP,DF,24,351,1.4999624554605728,0.09322917424778704,-0.0817838513196603,-0.18334073497292036,0.0562506371325485,0.05917524895613574,0.0191789897384646
Tom Cairney,SCO,MT,33,628,-0.9860737935458525,-0.47409341163258795,-0.6379645817284025,0.21520395329585834,1.1655576060097734,0.1911349758032963,0.7818967350562496
Joshua King,ENG,MT,17,130,-1.398917902446878,-1.3058994739645058,-0.38098620428803714,0.42267163608076846,0.13968312827015533,1.7953300822509037,-0.4078497555554153
Harrison Reed,ENG,MT,29,108,0.2345017740424582,-0.030495321617151787,-0.5957515198921701,0.2622577005414824,-0.14879559964988112,0.5770264218936787,-0.5905721583302416
Carlos Vinícius,BRA,"MT,AT",29,16,-0.8506335624879402,-0.7319509990757714,-0.93104129402007,2.7647976440582593,-1.4201907066695,-0.5093032512180695,-0.4691397446310482
Jay Stansfield,ENG,MT,21,1,1.6516639112755565,0.4243680485095755,0.23223612720456122,0.11141469368574893,-0.30458991719305495,0.15426857271288638,0.11317125069911718
Dean Henderson,ENG,GB,27,3420,1.6516639112755565,0.4243680485095755,0.23223612720456122,0.11141469368574893,-0.30458991719305495,0.15426857271288638,0.11317125069911718
Daniel Muñoz,COL,DF,28,3228,-0.8655462390530616,-0.13568300213320492,0.4216998074545352,-0.14806250326059867,-0.48380680576933066,0.16402628254308607,-3.252075153993131e-05
Tyrick Mitchell,ENG,DF,24,3092,-0.5275749392098379,-0.6648272376288225,1.0234313628250704,-0.16257985292292856,-0.6752562395635431,0.3826669597222627,-0.011169668254986147
Maxence Lacroix,FRA,DF,24,3116,0.9724549207995182,0.4040135679209308,0.0955370131881257,-0.14979701184685407,-0.008430079104282647,0.130070611571355,-0.19984574937027502
Marc Guéhi,ENG,DF,24,3059,0.5409445726382632,0.06211315355751936,0.07883144422199515,-0.42963256703794017,0.26956386434443064,-0.11967561079341552,0.10788484312604117
Jean-Philippe Mateta,FRA,AT,27,2648,-1.7904378661722762,2.0615921120969833,-0.5615879013715995,0.272222145602961,0.48564583523270344,0.15293752041021993,0.19934586304385588
Eberechi Eze,ENG,"MT,AT",26,2588,-2.697652018811681,0.5993720924657466,0.8234677296324031,-0.7009483169254402,-0.3457336253726413,-0.18705164406487504,-0.3212898199077448
Ismaila Sarr,SEN,MT,26,2711,-2.6461987717826427,0.47313169122238513,0.7709456202362036,-0.18321395294668277,-0.0946114346091729,0.5544765261635468,-0.19755555012122822
Jefferson Lerma,COL,"MT,DF",29,2274,0.8202041507427225,-0.2506053055818219,0.0822271950872819,-0.3504347406574495,0.11770926704196219,0.15454227546815857,-0.1006243370441218
Will Hughes,ENG,MT,29,2108,0.08807963826101517,-0.41749206218555657,0.7415118958151016,-0.685587565632238,-0.12215596102066559,0.13408508817413356,-0.17408080525191266
Chris Richards,USA,DF,24,1922,1.2563903038797288,0.41786177286963316,-0.08561596427303671,0.017955089190025593,0.07495722222640841,0.01763999332371778,0.02810346194616441
Adam Wharton,ENG,MT,20,1318,-0.40505446150971847,-1.1253525430203912,0.7487947509695161,-1.182452274931488,0.48851778939516477,0.40743912927006454,-0.12674303435011067
Daichi Kamada,JPN,MT,27,1564,0.364656888176472,-0.7222463578146207,-0.13293451175688262,0.10842648322149478,0.39046688508317956,0.4519224160612534,-0.09427627633072468
Trevoh Chalobah,ENG,DF,25,1060,0.39907001574935747,0.7461044180730358,-0.3090721720536044,0.10432171775398927,0.5769445423019702,-0.10436590283548289,0.6191560832606021
Justin Devenny,NIR,MT,20,507,-0.7108856420657292,0.29203572284934515,0.4501250505078655,-0.8775497069050159,-0.170541040514837,-0.26866800072652797,0.10915759406493768
Cheick Doucouré,MLI,MT,24,452,1.1266496638554768,-0.02133973243351018,-0.3966538379769966,-0.1079117479642145,0.16309143505235726,0.003689590070282327,-0.252902788823307
Ben Chilwell,ENG,DF,27,259,-1.248549345229793,0.12536924163343832,0.30984102995036134,0.39174012234342115,0.6161529084115439,1.411535713261581,1.3802955715320515
Romain Esse,ENG,MT,19,138,-4.8403123454981065,1.021388200406186,1.5606530194088013,-3.369713943786569,-1.7979280225021752,-1.3932691236450376,1.3735493173631015
Odsonne Édouard,FRA,"MT,AT",26,115,0.029693501095549694,0.2211987964471956,-0.6973742469988997,0.5950645988363987,-0.03162786183266312,0.27619802563826396,-1.0155911120958558
Joachim Andersen,DEN,DF,28,90,1.117916398128335,-0.23660022653164878,-0.2616688908304148,0.05302001065865754,0.2709631384601258,-0.18020961837518493,-0.1291598068427986
Chadi Riad,MAR,DF,21,90,0.9317617931245277,-0.8755817616208744,-0.34923452819576584,0.01262964005872105,0.8713810045961803,-0.5842622131553888,-0.08846765161989076
Joel Ward,ENG,DF,34,71,1.270954015182232,0.07051279139371532,0.20178356974853492,-0.027131660289971337,-0.1837225777724277,0.5222654298842125,0.16521879088367777
Jeffrey Schlupp,GHA,"MT,DF",31,103,-0.5520692203138198,-1.0245417751712964,-0.22028831570182453,1.095468334145629,0.10015192997447933,0.38255985766426825,-0.30852331688232587
Matheus França,BRA,"MT,AT",20,55,-4.807385644461533,4.024310370969007,-2.391276775285527,1.9594099037360209,2.784242039046938,-2.378602719001031,4.510329185043303
Caleb Kporha,ENG,DF,18,13,0.3828259910946149,-0.6943616528535098,1.0656120162794698,2.594792060124868,0.4240231129959215,-1.4459598217128158,-0.0534596899806039
Asher Agbinone,ENG,MT,18,6,-7.395696977763535,-5.337608642921118,4.045232212121587,11.216078234675905,2.1227184691678542,-2.9860858193970676,-0.9477002077362783
Max Kilman,ENG,DF,27,3348,1.0070014585538518,-0.0961266698643959,0.1434430104159609,-0.08989315932755655,0.13719789146657715,-0.06932088832955204,-0.12587951569407224
Aaron Wan-Bissaka,ENG,DF,26,3154,-0.5821421165035133,-0.8645129499413086,0.5015662553682882,0.13364087295564403,-0.22380327804837183,-0.5987094102496033,0.0950215075325544
Tomáš Souček,CZE,MT,29,2567,-0.25271753704818517,1.3409351371569127,-0.5815322944405504,-0.18538567201632647,0.31312243008407903,0.026978141694847996,0.3780729566207384
Lucas Paquetá,BRA,"MT,AT",26,2380,-0.2808565005740328,0.009082329830131715,-0.5752321678899502,-0.12338844392298053,0.764186169458837,0.5570766301261779,-0.06147549575146485
Emerson Palmieri,ITA,DF,29,2113,0.15175369417570128,-0.11823122522155823,0.009588120375440599,0.39788066341369915,0.006911540526590305,-0.12813733090567084,0.12104783786926991
Alphonse Areola,FRA,GB,31,2260,1.6496537087023018,0.41881125263876007,0.22755849559255256,0.10677130137513897,-0.29909728481782627,0.15269702830877283,0.11229798288931706
Konstantinos Mavropanos,GRE,DF,26,2045,1.13746329628975,0.07241571646044141,-0.012292298685654776,0.0885518198333804,0.21356430934631188,0.047310123510628646,-0.20830608477028847
Jean-Clair Todibo,FRA,DF,24,1825,1.416518831550139,0.13266435064463522,0.016915483761395053,0.06855077532732583,-0.012196919411407664,-0.0026535001669560515,-0.009077038112536906
Edson Álvarez,MEX,MT,26,1772,0.751763518372983,-0.44746274965058086,0.11180154342743415,-0.19159037754157512,0.1921298133983705,-0.22197012442483033,-0.08430735858506833
Guido Rodríguez,ARG,MT,30,1149,1.028357605882359,0.013609189646653037,0.23795233930328674,-0.46265052305369214,-0.263305655491168,-0.2754499135467755,-0.09050282024638819
Carlos Soler,ESP,"MT,AT",27,1409,0.12887680949228203,-0.05737829124250285,0.09338696622329173,-0.15271360196165362,0.09844868512624984,0.16891257900053624,-0.15475369915592957
Łukasz Fabiański,POL,GB,39,1160,1.6516639112755565,0.4243680485095755,0.23223612720456122,0.11141469368574893,-0.30458991719305495,0.15426857271288638,0.11317125069911718
James Ward-Prowse,ENG,MT,29,1039,-0.3611094750408886,-0.13524951073685496,0.4700898632170322,-0.5721378970952672,0.4597234693231676,0.4734563311619376,-0.13161765396456113
Vladimír Coufal,CZE,DF,31,1067,0.6099769519925545,-0.5585619564854092,0.04865119068911506,0.5855772338991949,0.18057407340710657,-0.0004686903749485012,-0.014106041038513593
Michail Antonio,JAM,AT,34,836,-1.2989555383563678,-0.04990680943394427,0.46263377893044166,0.642894360039525,-0.28468456233949074,0.20664845645410662,-0.33357348388972635
Aaron Cresswell,ENG,DF,34,824,0.6369589064017321,-0.46203903145853237,0.36116319588150364,-0.16474239934977872,0.4942329313464374,0.8286056199719634,0.041449624242508275
Niclas Füllkrug,GER,AT,31,790,-1.9053802791806596,1.0636168919733135,0.8966729206178634,-0.9180855442019192,-0.3617940788101806,0.2946923125070329,0.41042401734240197
Andy Irving,SCO,MT,24,166,0.6198694685385892,-0.4524308920065961,-0.10754349111909323,-0.4308875173380876,0.35822854171280105,0.8865694643360822,-0.0592742782863464
Evan Ferguson,IRL,AT,19,156,-0.11978635411889993,0.580603561389578,0.11704911332569043,0.4268755772234546,-0.1365449807150661,1.3910331981306352,-0.8864450972564439
Luis Guilherme,BRA,"MT,AT",18,150,-0.268478186400338,-0.27189111524157833,-0.8487879741090519,1.012693788995596,-0.44452442417214216,0.23935963011715253,-0.7127163595467763
Lewis Orford,ENG,MT,18,49,1.2701840797381059,0.392206440303936,0.15469418662059642,0.17083513500012715,-0.4138625113686622,0.49331101873664795,-0.002082057911672211
Kaelan Casey,ENG,DF,19,1,1.6516639112755565,0.4243680485095755,0.23223612720456122,0.11141469368574893,-0.30458991719305495,0.15426857271288638,0.11317125069911718
Bruno Fernandes,POR,MT,29,3018,-2.893010969918818,-0.5312531465093902,0.523830567803664,-1.6450604120166166,0.5492151884496627,-0.36726373870836576,-0.4050809550706898
André Onana,CMR,GB,28,3060,1.6501792518587082,0.4202640097291694,0.22878140581791434,0.10798526014915467,-0.30053326713814754,0.15310788959089408,0.11252628819906874
Noussair Mazraoui,MAR,DF,26,2838,0.7491542884814731,-0.43404613446400225,0.08018618699426545,0.05325243820555845,0.10308347452293862,-0.04361869555662218,-0.023344339177068754
Diogo Dalot,POR,DF,25,2814,-0.03261294713996609,-0.5708033721275979,0.15597212814479305,0.0977229233842541,-0.4786704483959134,-0.2204845166522042,-0.20329439379031378
Matthijs de Ligt,NED,DF,24,2123,1.0216820068204662,0.5072911646568278,-0.20083420044920391,-0.024319010756558644,0.21081719968328297,0.06316477968296663,-0.010302505090985783
Alejandro Garnacho,ARG,"MT,AT",20,2199,-2.5400013119934357,-0.2801652340435458,-0.031707794900073215,1.870488370617275,-0.19152343705467217,-0.06909173550766355,0.0529348800161491
Rasmus Højlund,DEN,AT,21,2004,-0.15031013550694816,0.8737842755542597,-0.3115383419560311,0.6393291207331692,-0.03860614871523266,0.4806815874196292,-0.005272619869767805
Manuel Ugarte Ribeiro,URU,MT,23,1785,0.4259574047568064,-0.037101935526233094,0.3812042505283465,-0.4529907937472961,-0.11525603903379808,-0.1860376251053384,-0.006754199235506242
Amad Diallo,CIV,"MT,AT",22,1901,-3.383127551170209,-0.09230224661260866,0.9527915387790284,0.41473077701873945,-0.5374853282546893,-0.7872471691289868,0.6186825904498514
Lisandro Martínez,ARG,DF,26,1751,0.28923557961419244,-0.2806688963845995,-0.12850336382661534,-0.4294082238297406,0.6783912423279067,-0.2180697051249979,0.0699442261421776
Harry Maguire,ENG,DF,31,1758,0.9993763553894294,0.3049682646747286,-0.11341002865259983,-0.040448565471732596,0.22655002877365424,0.18495043272825465,-0.07190982024768691
Kobbie Mainoo,ENG,MT,19,1651,0.6495453172851605,-0.4543144553644291,0.02520924382641256,0.1806389533925423,0.18536292722206546,0.4085555221212325,-0.01113479264246893
Casemiro,BRA,MT,32,1494,0.3087895652302514,-0.2137221241250632,-0.14138950157314248,-0.37694293521445543,0.5901479083916893,0.8561795706685564,-0.03508146468261528
Leny Yoro,FRA,DF,18,1165,1.009919214032642,-0.2742914654972893,-0.11648640616427176,0.19534408332317255,0.4201206616487369,-0.24044926742609543,-0.18376018225084484
Christian Eriksen,DEN,MT,32,1061,-1.1411347559287153,-0.5201499955748334,1.0720963843028455,-0.928012966284406,0.08759295378176973,0.7712640373111515,-0.05664596727213949
Patrick Dorgu,DEN,DF,19,842,-0.2957786728843875,-1.2370696425094156,-0.2418561867708459,1.5259209185336977,-0.16906874019691379,-0.19782604948125407,-0.007059420833417536
Mason Mount,ENG,MT,25,622,-1.0231935700658106,0.608280981464454,-1.0517198645186707,0.6543851908818401,0.5637456903048478,0.3266018248242258,-1.1032979002195287
Victor Lindelöf,SWE,DF,30,704,1.2960927493060945,-0.1865738881886093,-0.08943505178739576,-0.035590680193256105,0.17908551421332328,-0.0459348428771341,0.04436112906551715
Altay Bayındır,TUR,GB,26,360,1.6516639112755565,0.4243680485095755,0.23223612720456122,0.11141469368574893,-0.30458991719305495,0.15426857271288638,0.11317125069911718
Luke Shaw,ENG,DF,29,349,0.1547834872190915,-1.1396984823523912,0.2509903065355935,0.004526982927694785,0.8043147167702113,0.6927195627546459,0.09479693650754767
Harry Amass,ENG,DF,17,346,0.6900925416133366,-0.4601943327612391,-0.24298655012561424,0.9359253945191403,-0.4373081135353966,-0.20288922106194718,0.07305644685114777
Jonny Evans,NIR,DF,36,315,1.210285363409296,-0.0472125069471539,-0.13132738113532713,0.1304030045893629,0.11403143394125936,-0.10639407008022007,-0.10359024773954234
Ayden Heaven,ENG,DF,17,170,1.139970748640955,-0.036457098334741596,-0.23907759355525882,-0.08938729382008864,0.2685203456610065,0.0075724588866068745,-0.22535658845322537
Tyler Fredricson,ENG,DF,19,165,1.2314563449170834,-0.36080674894365716,-0.14899906327525092,-0.006068466607651206,0.41208118661935705,-0.2700917974776676,-0.008774727839422184
Tyrell Malacia,NED,DF,24,100,0.5786760818718071,-0.7051010402462029,-0.1443214683952777,0.9242343755343551,-0.19992064572911214,-0.2237025842217681,0.1266631672129256
Chidozie Obi-Martin,DEN,AT,16,165,0.23317037080604336,0.8183290129718181,-0.7719921244624477,0.803254438525811,-0.576783338181344,0.2972726767818768,-1.1503192089939107
Toby Collyer,ENG,MT,20,179,0.7416490412276122,0.01321946727252933,0.24006160349513192,-0.18010135063964816,0.18160092242268175,0.9631483455731811,-0.1445520613812189
Scott McTominay,SCO,MT,27,19,0.1141750651894123,0.18977989378833263,-1.6296851501244378,0.005471264339684635,-0.45753381459131576,0.45400087912467224,-1.0426164535054254
Pedro Porro,ESP,DF,24,2610,-1.0603245069408498,-0.8534350319403621,0.860249650819651,-0.7259956961450583,-0.20376258185270021,-0.31367690664590253,-0.014059638158208567
Dejan Kulusevski,SWE,"MT,AT",24,2389,-2.3454665799771,-0.6501541244906993,0.50412050239086,0.5788650650255662,0.13364494384504982,-0.13714378412271502,0.4779240056628656
Dominic Solanke,ENG,AT,26,2201,-1.6853485323326027,1.7585370603078565,-0.19780687525542204,-0.09552087144095829,0.20070357865895594,0.11814266784465834,-0.22418691739201216
Brennan Johnson,WAL,AT,23,2177,-2.243825936836146,1.429919619870028,-0.7687768764300502,0.36075435734377365,0.014784472775425515,-0.3296873553979182,0.16450436044514027
Guglielmo Vicario,ITA,GB,27,2160,1.6495606437683548,0.4185539935706668,0.22734193857347815,0.10655632950890707,-0.2988429962819361,0.15262427162339723,0.11225755382404853
Son Heung-min,KOR,AT,32,2110,-4.293311190773912,-0.49518859736893894,1.2570059850047428,-0.646576563278529,-0.8546027105299598,-0.11761840229062401,0.004803835101696498
Destiny Udogie,ITA,DF,21,1924,0.13887643349018802,-1.0974424867856853,-0.0817436924149934,0.21342667978192675,0.16697277840228608,-0.28828791701817785,-0.009088260426087605
Pape Matar Sarr,SEN,MT,21,1913,-0.36305295447819236,0.15367237336635758,0.0013010139523281408,-0.18804861935021425,0.21836065799393256,-0.1827361803290253,-0.1067617418469972
James Maddison,ENG,MT,27,1809,-3.3451584992309935,0.2771776895266394,0.44745226530349325,-1.7357583876113856,0.24714339964619078,-0.9072050712737478,0.3801469309516314
Rodrigo Bentancur,URU,MT,27,1645,0.5004575247516247,-0.22353444734159095,-0.5233175008706705,0.08096363466023743,0.6288851408213443,-0.27621620714921885,0.1581746921750289
Djed Spence,ENG,DF,23,1792,-0.30546175532266184,-0.9236234409428732,0.29314984340516625,0.12119620751217126,0.16715876250723502,-0.5179318690609673,0.04702632625486605
Cristian Romero,ARG,DF,26,1416,0.7542702762177848,0.0171927196374091,-0.2562284290441268,-0.12560695007320616,0.58439643863026,0.07297751412102517,-0.11829446888029686
Yves Bissouma,MLI,MT,27,1408,0.760754645480549,0.018716421574795177,-0.3395205737108366,-0.11627637540924864,0.663495641865855,-0.2011998680770471,0.3404520257871618
Ben Davies,WAL,DF,31,1331,1.191782434062616,-0.2047372444168662,-0.09085521501789962,0.05729127460486397,0.2639683007449957,-0.11558459528988478,-0.044952243847708746
Radu Drăgușin,ROU,DF,22,1252,1.2736957499368402,-0.06648437791835583,0.07238905257662541,-0.025247239671363973,0.1493839587466122,0.13333059977891182,0.03484113371738358
Lucas Bergvall,SWE,MT,18,1212,0.3314452965038345,-0.5399889135617744,0.24928944107485665,0.28544606106871157,0.01775305438860233,-0.5065695509891137,-0.2049336672313813
Mathys Tel,FRA,AT,19,911,-1.8816348584547504,0.1800269438758441,0.4527478200516008,0.5359959406454095,-0.07990511070808792,0.8165326083754826,-0.08337134212782271
Kevin Danso,AUT,DF,25,842,1.197999600813232,0.0330784884706266,0.11332289961393568,0.3114167253780834,0.13050051544429242,-0.10674746400434769,-0.09955551814136322
Fraser Forster,ENG,GB,36,630,1.6516639112755565,0.4243680485095755,0.23223612720456122,0.11141469368574893,-0.30458991719305495,0.15426857271288638,0.11317125069911718
Antonín Kinský,CZE,GB,21,540,1.572483493950336,0.3547863561835323,0.27212769829898986,0.1464609294686461,-0.24978920014445286,0.17246963005392282,0.11447891798491192
Richarlison,BRA,AT,27,504,-3.3680752506827116,3.1279994226149266,-0.4440513239095663,-0.3347973747617411,0.60180726263771,-0.05532661908500918,0.225091525184568
Mikey Moore,ENG,AT,16,366,-1.0128675731305818,-0.8758309608929505,0.6283754539419313,-0.05930118276894049,-1.6108963391536077,-0.8671107009253693,-0.18460127150309624
Sergio Reguilón,ESP,DF,27,196,0.450240901189723,-0.9292436558715806,-0.730252373095808,0.43336022740209884,0.20372388462406202,-0.35213279669075026,-0.13981573336378986
Brandon Austin,ENG,GB,25,90,1.6516639112755565,0.4243680485095755,0.23223612720456122,0.11141469368574893,-0.30458991719305495,0.15426857271288638,0.11317125069911718
Alfie Dorrington,ENG,DF,19,14,1.6516639112755565,0.4243680485095755,0.23223612720456122,0.11141469368574893,-0.30458991719305495,0.15426857271288638,0.11317125069911718
Jamie Vardy,ENG,AT,37,2823,-1.1534215631004288,1.5501673676804588,0.040707236244009355,-0.13156243708595391,-0.2660204643283044,0.08999910078056424,-0.17133998143949553
James Justin,ENG,DF,26,2912,0.5068799086664878,-0.06906150554570598,-0.005180582440928854,0.001140666287973423,-0.19682423537712815,-0.23281475365011292,0.08202687942126535
Wout Faes,BEL,DF,26,2815,1.2618605590616718,0.1934049051960501,-0.14256317931329107,-0.05522090428822646,0.18660481368597806,-0.034887072659503374,-0.03267994853831675
Victor Bernth Kristiansen,DEN,DF,21,2482,0.7070846569255131,-0.37333631584905397,0.18406932805774473,0.20212976096543092,-0.19302205021249058,-0.04695968482095166,0.04564859904822421
Wilfred Ndidi,NGA,MT,27,2324,-0.000715281987610324,-0.14492568581048781,0.6342063408083848,-0.8280208633443706,-0.7714294010043858,-0.3592760781283961,-0.3426121954459016
Mads Hermansen,DEN,GB,24,2385,1.6497590652312983,0.41910248931962046,0.22780365448207085,0.10701466575200534,-0.2993851586320416,0.15277939436768864,0.11234375164245125
Bilal El Khannouss,MAR,"MT,AT",20,2182,-0.917479083525227,-0.9990663870682653,0.6984935987406816,-0.00922786167617059,0.2730896665853526,0.010432496006536705,0.1539465947664742
Boubakary Soumaré,FRA,MT,25,2171,1.0141896838251658,-0.4685134006127459,-0.13216099430168465,0.13398603009179574,0.3748408649760883,-0.1818654226429252,-0.016465021987604644
Conor Coady,ENG,DF,31,1714,1.381028057860131,0.35605405955738756,-0.023257671859603583,-0.029222910615194154,0.023416034236799593,0.024729199592237627,0.18341271357194083
Harry Winks,ENG,MT,28,1538,0.3303994081207937,-0.7305805268262342,0.3383279110833796,-0.7999050074877918,0.18910790065064575,-0.3883139085462847,-0.13115008579158347
Stephy Mavididi,ENG,AT,26,1615,-1.4546612350388275,-0.6273213668770189,0.22191474325763552,1.4250451332639182,0.15620901502594978,-0.33310442062751805,0.5932553250628505
Jannik Vestergaard,DEN,DF,31,1391,1.4413882115274248,0.1051641576311516,0.026926518015435635,-0.057264140146103204,0.008612902927123266,0.10099267322895364,0.03696043682260923
Luke Thomas,ENG,DF,23,1110,1.1210718108662527,-0.11941841509633422,-0.07299544465432084,-0.059471553033214344,0.08762333055043668,0.25276617926052664,-0.01316121066225328
Caleb Okoli,ITA,DF,23,1125,1.1777355139259509,0.3752519134534231,-0.2009196579199989,-0.09016404656424495,0.19654594376407306,-0.029349454294256627,0.16396945009848254
Oliver Skipp,ENG,MT,23,1129,1.0397234168012408,-0.20232956349817494,-0.04264302493774063,0.2947594035063458,0.0977604090799353,-0.060113212871142636,-0.04298962570440223
Jakub Stolarczyk,POL,GB,23,900,1.6466160692582725,0.4104143166561945,0.2204900744899617,0.09975461966132836,-0.2907973070063695,0.15032225009811237,0.11097837819895243
Kasey McAteer,IRL,AT,22,852,-0.4882471426335952,-0.03251224434757628,0.08769280688393914,0.32655539805427364,-0.813633973391585,-0.13185914467534485,0.13705687481610276
Bobby De Cordova-Reid,JAM,AT,31,744,-1.1455638073797962,-0.09402586588456405,0.948576936713413,-0.5829194334445961,-1.0222925935034652,-0.2588436088143736,0.1036387455490793
Abdul Fatawu Issahaku,GHA,AT,20,579,-2.56426582567834,-1.7784925535258167,1.9053953146645708,0.7723223762198236,-1.120824900088385,-0.967925575531083,-0.2478690796238074
Ricardo Pereira,POR,DF,30,388,1.1998432939527708,-0.27285034093182886,-0.3080598967762415,-0.0797693627690785,0.23116251028612175,-0.12420196614978121,-0.046875877436219036
Danny Ward,WAL,GB,31,135,1.6516639112755565,0.4243680485095755,0.23223612720456122,0.11141469368574893,-0.30458991719305495,0.15426857271288638,0.11317125069911718
Hamza Choudhury,BAN,"MT,DF",26,131,-0.2871899789636885,-1.028042868608647,1.0011976992406866,0.8472357546729655,0.2002840626958658,1.2711341529658455,0.32867991086127174
Woyo Coulibaly,MLI,DF,25,109,0.7340081296652282,-0.42735506199144374,0.13378129011132545,1.077730165549516,0.23152494727223083,-0.6327440932854993,-0.13782761584079664
Odsonne Édouard,FRA,AT,26,29,0.6029517026150639,-0.5576102162738436,-0.1977798301777763,-0.11822287547013702,-0.3745745002516057,1.0418086325664626,0.28909243237907367
Will Alves,ENG,AT,19,1,-3.7014287289338963,-3.879539827658902,-8.145221993557762,3.0287557294609835,-10.21637880689851,2.8669651007923207,1.9592332456703054
Michael Golding,ENG,MT,18,1,1.6516639112755565,0.4243680485095755,0.23223612720456122,0.11141469368574893,-0.30458991719305495,0.15426857271288638,0.11317125069911718
Dara O'Shea,IRL,DF,25,3122,1.1378599169078667,0.15941764128703453,0.17003658539687969,-0.4118917748440493,-0.19714007086689367,-0.12258204294321669,-0.1399433189266554
Leif Davis,ENG,DF,24,2743,-0.08218558411711492,-0.4900168295112142,0.6232566654586774,0.21017649045167763,-0.34088576421238825,0.5228121019013504,0.19036789373215174
Liam Delap,ENG,AT,21,2593,-1.2327052763226458,1.6269020238194256,-0.28714946328251534,0.5347692061580755,0.24282384318952294,-0.25455409873501106,0.4642474908412469
Sam Morsy,EGY,MT,32,2751,0.9264251753571044,-0.23069168346766492,0.04794051464481657,-0.24941500828782942,0.25057819207517523,-0.04854384398181183,0.09690612139374526
Omari Hutchinson,ENG,"MT,AT",20,2583,-0.6376451491105459,-0.4472186354796448,0.3284111730857098,0.8026498637313079,-0.10177557972727896,-0.12443179035463652,0.11738882396904968
Jacob Greaves,ENG,DF,23,2205,1.1590123809630068,0.16185854060188226,-0.15223602711214396,-0.03329600723022474,0.18409667499100357,0.015449273989447627,0.019092960581683586
Jens Cajuste,SWE,MT,24,1959,0.7023952514218658,-0.05459533323203857,0.23288606721025137,-0.01833339090530142,0.039944060355706745,-0.18568593871108888,0.10025093998619343
Axel Tuanzebe,COD,DF,26,1710,1.044702132258646,-0.1630163963284496,0.10404837994247235,-0.3086694686585248,-0.05539017450785668,-0.15465697453114485,-0.026111069402675467
Arijanet Muric,KVX,GB,25,1620,1.6488595545992877,0.4166159752576972,0.2257105423631171,0.10493687478329312,-0.29692735597822983,0.15207617126023418,0.11195298819902566
Cameron Burgess,AUS,DF,28,1541,0.7612124401344245,0.14306368659654087,0.44100209583465577,-0.7246720661192299,-0.36847510718218923,-0.25697957816789885,-0.26451727064322356
Kalvin Phillips,ENG,MT,28,1237,1.2464595609305889,-0.11318205916809088,-0.15537483988654713,-0.20536321544806418,0.25587144998192995,0.09422733531866041,-0.06457887708183223
Alex Palmer,ENG,GB,27,1170,1.6477809558776457,0.41363440862235934,0.22320070203948464,0.10244540597465616,-0.29398021704945076,0.15123293993229095,0.11148442569899045
Luke Woolfenden,ENG,DF,25,1187,1.4969797343844045,0.1799031935435399,0.1625356168917752,0.16918751678286945,-0.09186538200565032,-0.013293465359724047,0.07545668089787133
Julio Enciso,PAR,"MT,AT",20,869,-1.8707657692835484,0.17831564108720055,1.055928115382357,-0.8365491516351796,-0.7786825819227483,-0.8871347394195344,-0.011542512628294688
Conor Chaplin,ENG,"MT,AT",27,857,-0.21839976477133796,0.2483876379379218,0.19610333118183304,-0.22474798329525134,-0.08348261784814204,-0.23141722506825035,-0.18394162646296658
Nathan Broadhead,WAL,"MT,AT",26,702,-0.5969630716054389,0.688179916032078,-0.2588950637116244,0.9539002263410445,0.3729702000847045,0.11923788756464447,0.3181443743491283
Christian Walton,ENG,GB,28,630,1.6516639112755565,0.4243680485095755,0.23223612720456122,0.11141469368574893,-0.30458991719305495,0.15426857271288638,0.11317125069911718
George Hirst,SCO,AT,25,661,-1.2385508926276454,1.5749954736448122,-0.27730891582645895,-0.21239399940926648,-0.1349536436290821,-0.5060115271049439,0.46243670793864083
Jack Taylor,IRL,MT,26,860,0.4260656003410676,-0.131231536414587,-0.3509140601118627,0.060274437120293664,0.44586306950534615,0.13370216657905318,0.1606994698860888
Harry Clarke,ENG,DF,23,379,1.1532267694528975,-0.2202024387561943,-0.04581955478310326,0.16821139685533634,0.25524586421477824,-0.16156776437280126,-0.04512332991189402
Conor Townsend,ENG,DF,31,335,-0.5826409651660466,-0.47586578814604347,1.4584655269706044,-1.2946572862753596,-1.140220883413722,0.02389444727852571,-0.03546448955085797
Chiedozie Ogbene,IRL,AT,27,238,0.708476464715691,-0.33281551387869956,0.14110550966754323,1.2288914109115214,-0.6078781111710112,-0.09670835606794465,0.19272968668550988
Massimo Luongo,AUS,MT,31,201,1.4894179434469885,0.028079193363178233,-0.12500836423623374,-0.18732689186696674,0.016645436629808157,0.0617439677790534,0.06344264619206
Ben Godfrey,ENG,DF,26,159,1.296222968966527,-0.10157103818086649,0.049874650617309564,0.2718479394422161,0.06450157065144337,-0.1796937111875878,0.04788393331990534
Ali Al Hamadi,IRQ,AT,22,134,-0.23728640573954612,-0.1979716928428772,-0.6674067779772046,1.219741697938164,-0.5357188575268336,0.19996286647731867,-0.664288659057594
Marcus Harness,ENG,MT,28,45,1.3307926163573267,-0.22942362287385276,-0.42377171739636055,-0.29015846649606875,0.026852514947571616,0.05669781319035629,0.06647995058077555
George Edmundson,ENG,DF,26,2,1.6516639112755565,0.4243680485095755,0.23223612720456122,0.11141469368574893,-0.30458991719305495,0.15426857271288638,0.11317125069911718
Mateus Fernandes,POR,MT,20,2909,-0.44563027451373827,-0.4408319943382156,0.27960100891120965,-0.07755870026393828,0.011960494350101304,-0.39046684554362215,-0.24819242979439568
Kyle Walker-Peters,ENG,DF,27,2918,-0.14065840527603993,-1.0543673494468588,0.2863296371975596,0.67719491489284,0.08029286351233154,-0.36625368350762166,-0.07000386976737022
Taylor Harwood-Bellis,ENG,DF,22,2825,0.9425353188280733,-0.10962067844239565,-0.14066612331100484,-0.008609501712966027,0.43543366067409767,-0.004727427713643286,-0.07833281380476916
Aaron Ramsdale,ENG,GB,26,2700,1.6516639112755565,0.4243680485095755,0.23223612720456122,0.11141469368574893,-0.30458991719305495,0.15426857271288638,0.11317125069911718
Jan Bednarek,POL,DF,28,2531,1.2247974868102394,0.3026662640472871,-0.022431674525195174,-0.0869739008839827,0.13490056130463957,0.11530191124363905,0.2669555466069596
Flynn Downes,ENG,MT,25,2151,0.8598693046431967,-0.12144179081052565,0.058367284807972236,0.2424127955749349,0.21552158245538663,0.10498427056638301,0.12900129074210007
Joe Aribo,NGA,"MT,DF",28,2013,0.17351231626275732,0.10103562354359237,-0.25029181432282926,0.3803746705482704,0.3631520908691596,0.15232751929146968,0.15481299247464342
Lesley Ugochukwu,FRA,MT,20,1655,0.4995796605129634,-0.10356593969359833,0.3217520727354169,0.12754749308321164,0.09819755803117229,-0.12841817520970591,0.0379304404895575
Jack Stephens,ENG,DF,30,1389,1.0074550958490693,-0.0448480212681971,-0.2237567720137635,-0.03498006156721301,0.46100641867673636,-0.17172362747985503,0.08608666994113723
Cameron Archer,ENG,AT,23,1441,-0.08163288486840783,1.1163149531856777,-0.5561477079973329,0.7488037660325131,-0.035184343456620464,0.2420932902936962,-0.7397506861853846
James Bree,ENG,DF,26,1075,0.4323095730389004,-0.45648270327248663,0.3051341677959366,-0.15757686690881667,-0.3890103336204271,0.0640776049320451,0.048282798907419607
Paul Onuachu,NGA,AT,30,1050,-0.6918775253114984,1.6889715512980055,-0.3880069892408508,-0.1049513548520562,-0.09750517057408062,-0.13888786908618048,0.18273063161992772
Nathan Wood-Gordon,ENG,DF,22,773,1.4422654732864209,0.19050031794884034,-0.01074032603564156,-0.023181968718134983,0.014466097065256681,0.040618277611994186,-0.04913125171763607
William Smallbone,IRL,MT,24,690,0.3100510017158659,0.023833381462495095,-0.23594176900927638,-0.00821337391776937,0.253468177956637,0.5370931315210556,0.39718232674217585
Welington,BRA,DF,23,482,1.1033704367673056,-0.17549962491428883,-0.20030157539154136,0.32073326540826097,-0.2922982100680525,0.03374369875674306,0.0896392040145604
Alex McCarthy,ENG,GB,34,450,1.6516639112755565,0.4243680485095755,0.23223612720456122,0.11141469368574893,-0.30458991719305495,0.15426857271288638,0.11317125069911718
Adam Lallana,ENG,MT,36,361,-2.074663859270031,-1.1554825767698538,2.263206609974223,-2.6113043154273754,-1.2173654337004411,-1.0428125803851191,-0.4734446397287459
Ben Brereton,CHI,AT,25,449,0.13772673917234018,-0.17774327441679014,-0.6260475075636478,1.102143317938981,-0.5719276612075104,0.017148497309885317,-0.47341736797282025
Ross Stewart,SCO,AT,28,389,0.2896682095860762,1.4394302938891326,-0.5113937231885142,0.4425007472821168,0.05747883396975909,0.018234305602562895,0.04713673617122452
Charlie Taylor,ENG,DF,30,356,1.2121094810740778,-0.13908959811633864,-0.029636924405917368,0.16492345322860757,-0.0772993520398902,0.0691168241139814,0.09926958100308597
Joe Lumley,ENG,GB,29,270,1.6516639112755565,0.4243680485095755,0.23223612720456122,0.11141469368574893,-0.30458991719305495,0.15426857271288638,0.11317125069911718
Armel Bella Kotchap,GER,DF,22,331,1.3826111773236318,0.4745068431756833,-0.04300566840646968,-0.00911849475098327,-0.052422144032429306,0.1554675813995395,-0.2565240639230601
Jay Robinson,ENG,"MT,AT",17,137,-0.9699796126609121,-1.073271793969015,1.476145156763254,0.7339355950098934,-0.08051936132049618,2.6743949667777374,0.46763857888288873
Maxwel Cornet,CIV,AT,27,72,0.6054334468690942,0.4564751339378737,-0.4558439449765754,0.8468119687767618,-0.7176758021958279,0.17560886120903174,-0.5440113608458395
Joachim Kayi Sanda,FRA,DF,17,14,1.3271597815930247,-0.4726575706363456,-0.522867261591123,-0.6381614935984307,0.5820778805224325,-0.09942359537973107,-0.02779912431147431
Ronnie Edwards,ENG,DF,21,12,1.6516639112755565,0.4243680485095755,0.23223612720456122,0.11141469368574893,-0.30458991719305495,0.15426857271288638,0.11317125069911718
Pedri,ESP,MT,21,2879,-1.7056889835987474,-1.7281912583507508,0.16145233120149685,-0.9608766534210997,0.9974954523366496,-0.12389591816288602,0.14279825800170037
Robert Lewandowski,POL,AT,35,2667,-3.6209389869489064,4.5939392294502595,-1.8948267279465127,0.24354656054449209,1.0919558506715412,0.09982374685771227,0.08569095040241156
Lamine Yamal,ESP,AT,17,2856,-5.179287831675073,-1.142602873224979,1.6876780697046734,-0.22547573009558144,-0.9170965340576024,0.02400275420017724,-0.017984087210751287
Pau Cubarsí,ESP,DF,17,2618,0.4384608915509014,-0.691467093187515,0.13345266777117878,-0.8535193918119088,0.3840014666945161,-0.34127076199488793,-0.21272414334866607
Jules Koundé,FRA,DF,25,2605,-0.5165404501128593,-0.8381363247813969,-0.11596634767666907,-0.3598345874933443,-0.15678713053256993,0.14653618772287558,0.13209038377284696
Iñigo Martínez,ESP,DF,33,2490,-0.3133767320911778,-1.4679221002922336,0.30495206386231577,-0.8189395460756993,0.8173546519594718,-0.7520069296850853,-0.2786854304703699
Alejandro Balde,ESP,DF,20,2284,-1.0861026926636417,-1.4449383451293476,0.511481479275453,0.6382922615222861,-0.8559810302535156,-0.532243968509558,0.0030097482833844093
Marc Casado,ESP,MT,20,1611,-0.1187856142287347,-0.4266212442801461,0.31898396796695544,-1.193043028747323,0.005938543068519057,-0.4380275252372784,-0.11645165277869163
Iñaki Peña,ESP,GB,25,1396,1.6419008930472854,0.3973801717157871,0.20951811693993466,0.08886297458407592,-0.2779136653993225,0.14663600032041513,0.1089300216515206
Wojciech Szczęsny,POL,GB,34,1350,1.6516639112755565,0.4243680485095755,0.23223612720456122,0.11141469368574893,-0.30458991719305495,0.15426857271288638,0.11317125069911718
Gavi,ESP,"MT,AT",19,1085,-0.2522443999928919,-0.6591349765437186,-0.06340792981357257,-0.5944376831359333,0.3300155097573499,0.2138387370830295,0.08503703029940043
Dani Olmo,ESP,"MT,AT",26,1212,-4.02152792933075,1.7244470661234992,-0.5104520172174042,-0.6509718038127688,0.7446995998252806,-0.27963761540345605,0.9822189722351239
Fermin López,ESP,"MT,AT",21,1252,-3.9422808698449288,0.6075283656218234,0.6357778036105878,-1.3851920532475324,-0.31010287728778935,-0.22694400387463803,0.021644039552104644
Gerard Martín,ESP,DF,22,1038,-1.0387091956795744,-0.5670979225933769,0.19877614082073042,-1.0120355599394282,-1.6394525108480993,-0.40574366251464383,0.2339802108676173
Ronald Araújo,URU,DF,25,754,0.01097093515427304,-0.00720133804773648,-0.006084694713111347,-0.914294269944856,0.37046973184044524,-0.46232241478060204,-0.07435169003887757
Frenkie de Jong,NED,MT,27,1143,-1.2078768573499905,-1.1912553802562045,0.30732847494696647,-0.8188929624931964,0.9291809604958918,-0.5929967977310691,0.25949116039435854
Marc-André ter Stegen,GER,GB,32,674,1.6381830275498726,0.3871028892572227,0.20086684695785623,0.08027503011904709,-0.26775505319300497,0.14372943219865303,0.10731491464526471
Héctor Fort,ESP,DF,17,585,0.14107665028908745,-0.8701287063175663,0.010007843569271365,0.5301001574827471,0.12894361987468025,0.49889810522233285,0.04335462538734361
Pablo Torre,ESP,"MT,AT",21,310,-3.4876910551159326,1.4511997411545126,0.2771782621023542,-1.4705173320622498,0.2858553683757659,-0.6157556723756511,2.8185944654917345
Marc Bernal,ESP,MT,17,242,1.3502096699207826,0.034200484332419005,-0.18558024717079497,-0.20402917615878935,0.05967712029101588,0.14086188632626603,-0.041134868681107904
Ansu Fati,ESP,AT,21,233,-0.7836407605659925,-0.030738483281808254,-1.1165144768140491,1.3403083992451237,-0.7030213351435818,0.4217882342673065,-1.1304105866383714
Pau Victor,ESP,AT,22,319,-4.515407691729706,2.6638060904509575,-0.3039983539053762,-0.6848395611101079,0.008569030447023252,0.2634398775408176,-1.034935872742546
Andreas Christensen,DEN,DF,28,254,1.2348665456116834,-0.38421361335319976,-0.35582453900165517,-0.3708105541126546,0.44820654346012134,-0.05730175206091378,-0.03343027453192861
Sergi Dominguez,ESP,DF,19,172,1.277170630796311,-0.549832943122553,-0.6154747732697227,-0.6647802193953293,0.5760016542866733,-0.0984016485939563,-0.02526215777155992
Daniel Rodriguez,ESP,AT,18,37,-1.812859723556675,-2.7137326977931284,-1.2827574066347753,3.76926828916456,-0.9774737578383317,-1.5902726100332591,-0.005239516685434085
Iñaki Williams,GHA,AT,30,2652,-2.9416057209892252,-0.31400133815987447,0.9795267630925831,0.003152579414328148,-0.9301197053995063,0.06148294186585796,-0.09849291923840557
Daniel Vivian,ESP,DF,25,2608,0.5785432469537968,-0.1227172803286711,-0.5818017672270268,-0.18345727415032084,0.9313166166203218,-0.381847591089625,0.21408479013936427
Mikel Jauregizar,ESP,MT,20,2244,0.5666346913651759,-0.1782397039103094,-0.11451697725434905,-0.43209010355923133,0.33095403126918593,0.04331716951590371,0.18034702488771814
Yuri Berchiche,ESP,DF,34,2044,-0.030571138048185908,-1.1583966567897621,0.07288589868468513,-0.4431361757269996,0.3534581079135934,-0.22104178058339607,-0.10869369790115319
Nico Williams,ESP,AT,22,1996,-2.659816318197225,-0.6054915599510406,0.47942586659031167,0.8121558243785966,-0.8214060198668381,-0.9024580037889266,0.19343066124923255
Unai Simón,ESP,GB,27,1890,1.6516639112755565,0.4243680485095755,0.23223612720456122,0.11141469368574893,-0.30458991719305495,0.15426857271288638,0.11317125069911718
Gorka Guruzeta,ESP,AT,27,1840,-0.8611457296210683,1.6750840085404246,-0.3014443580710408,-0.29457264149909257,-0.013559464684246406,0.04318197491128507,0.11369725958055742
Aitor Paredes,ESP,DF,24,1812,0.911822027223736,0.7767573318088187,-0.3169294707136938,-0.06306578537217478,0.2954462256540995,-0.028808608214407047,0.20413912802189804
Beñat Prados,ESP,MT,23,1715,0.6877144080146438,-0.24151682681836154,-0.1577094484850292,0.04466519437548468,0.37235802599809936,0.17202779782623975,0.08402286743253183
Yeray Álvarez,ESP,DF,29,1781,1.0106864486004614,-0.2989603193098313,-0.31311678329535486,-0.1693870289141134,0.6222407002867287,-0.24056965932407692,0.09356115108376853
Oihan Sancet,ESP,MT,24,1620,-3.2194624205033464,2.4899647715640025,-1.5229983796148445,0.4817591140311358,1.362832225477509,-0.46411599968260386,1.1467663261722973
Óscar de Marcos,ESP,DF,35,1564,-0.8370784050103065,-1.0025708633756878,0.7073155669351451,-1.11221121473029,-0.48453022014374514,-0.3003150838421532,-0.29337078854075926
Andoni Gorosabel,ESP,DF,27,1485,0.13010878078181506,-0.5151372478783042,0.5315357130562701,-0.42236876375437654,-0.466974466390416,0.08947170675588859,-0.0090897567017818
Unai Gómez,ESP,"MT,AT",21,1284,-0.40111634067005847,0.2249518669735112,0.6919741160627843,-0.5436668223747835,-0.8805923397416168,-0.6209156467205055,-0.2807831001426491
Julen Agirrezabala,ESP,GB,23,1206,1.6516639112755565,0.4243680485095755,0.23223612720456122,0.11141469368574893,-0.30458991719305495,0.15426857271288638,0.11317125069911718
Mikel Vesga,ESP,MT,31,988,0.46426904393668367,-0.513563627165401,-0.316022240025615,-0.1779604377501508,0.5821498141080583,0.41080666696484325,-0.33013771538426395
Iñigo Lekue,ESP,DF,31,773,0.7372647557472286,-0.5688215390604254,-0.08105367798541525,0.23506532738335412,0.24748860218158944,0.10929681547320956,0.015846547306908938
Maroan Sannadi,MAR,AT,23,754,-1.31522211791049,0.66513308768017,-0.33130690208750585,0.5648057247195686,-0.5981067753060365,-0.1763257540127323,-0.9867513690415998
Álvaro djaló,ESP,AT,24,659,-0.518366450216989,-0.2530685799073606,-0.1896861372478029,1.2034853253154882,-0.2127962561898861,0.354147868176887,0.38422053324423994
Unai Núñez,ESP,DF,27,645,1.3103558667615984,-0.06640216883526476,-0.15941813836043728,-0.20413964423870984,0.2609875957337997,0.028179914009776846,-0.07742137233565012
Alex Padilla,ESP,GB,20,321,1.6516639112755565,0.4243680485095755,0.23223612720456122,0.11141469368574893,-0.30458991719305495,0.15426857271288638,0.11317125069911718
Ander Herrera,ESP,MT,34,273,-0.2637323061654298,0.9444027795546586,-1.0356087220378487,0.0056870515053936916,0.7773602215673184,0.4439832220968979,-2.1012513163953837
Peio Canales,ESP,"MT,AT",19,259,0.4592895730455237,-0.3548662429557425,0.1078870222228484,0.727204380238043,-0.05409215246691571,0.2543582944241506,-0.09688878808364727
Nicolás Serrano,ESP,AT,21,112,-0.03540569191085413,-0.6678969464249958,-1.3863281756902426,0.8262434305466164,-1.163144603289766,0.29774220193063783,-0.1723015962014011
Aingeru Olabarrieta,ESP,AT,18,54,0.6592172138516994,-0.585947776156879,-0.027690700378381897,1.2748548420702723,-0.27455433786316896,-0.5312784462524208,0.09895266323786787
Adu Ares,ESP,AT,22,19,-0.49729670395799475,-2.7770202606580954,-1.7485729261096266,0.46069827101856325,1.1105910889699058,-1.2158707499852814,-0.11813580137134805
Endika Buján,ESP,AT,21,7,-0.7047493690604776,-1.6532728254504399,1.7799342069151054,4.723401231358398,1.0485485674436155,-2.817584159791989,-0.19628621056322196
Sergi Cardona,ESP,DF,25,2945,-0.9004168574147352,-0.5484046649621517,0.9834098541779719,-0.5341989389040336,-0.9635256225049673,0.12348218333998776,-0.06441154244721291
Alex Baena,ESP,"MT,AT",23,2595,-3.5530675318553055,-0.7483568370257194,1.590025887999547,-1.0791591687343278,0.1953746629138338,0.5417665648389587,-0.0044512242066852715
Santi Comesaña,ESP,MT,27,2560,-0.2250810352926569,0.021482610521492147,-0.23168287045065541,-0.3138320935767799,0.48268228444255107,-0.18733781603008462,-0.08982560499053036
Logan Costa,CPV,DF,23,2587,0.8662468851445695,-0.0904587898573626,-0.07246523872662895,-0.20381196166258853,0.3209052052887111,-0.2415935079836167,0.18271665024920755
Kiko Femenía,ESP,DF,33,2227,0.5498776642828617,-0.7057184283432212,0.1266828377178263,0.16982070211564107,0.26535020801098547,-0.3075498089294032,-0.03515657566838819
Daniel Parejo,ESP,MT,35,2273,-0.1502905525433632,-0.26685728518771923,-0.10413062877837524,-1.0249907132222467,0.4761638710860658,-0.3741242086317349,-0.03029653898153143
Pape Gueye,SEN,MT,25,2224,0.06754712537865401,-0.08737870640443487,-0.7804718926451073,-0.0046409172929811155,0.7785785857157527,-0.13373105169686147,0.10064378607325176
Thierno Barry,FRA,AT,21,2323,-2.0737037658040687,2.0150835792957147,-0.17832543059792524,0.056602809553778916,-0.0399116388979112,-0.13405135443812313,-0.12090022622643487
Yeremi Pino,ESP,"MT,AT",21,1934,-2.596556798569071,-0.3030385861639061,1.0171068549547475,-0.9923079497704299,-1.3380383737918509,-0.008565171386635805,0.10794598807404616
Ayoze Pérez,ESP,AT,31,1970,-3.475833282476474,2.944558480092152,-1.141753794551518,0.4240340670485843,1.197676284871257,-0.3226758943670324,1.1665214740789664
Diego Conde,ESP,GB,25,1962,1.4126736023761983,0.400519010031765,0.464722473366898,-0.14762071524659243,-0.4881079036994561,0.0005032439637165239,0.06955682286799075
Juan Foyth,ARG,DF,26,1517,0.7497279073986004,0.23069896697203818,-0.35126160138306545,-0.003535098029536016,0.4440774876952575,0.008602319865683073,-0.26363780663586767
Raúl Albiol,ESP,DF,38,1188,1.4577203587781817,0.054876890129218696,-0.05579455574372793,-0.10317470340462996,0.08177728208475281,0.006182554273383628,0.01345320254441416
Willy Kambwala,FRA,DF,19,1117,1.45002442440047,0.2789950980385277,0.101096182418132,0.026258651661494752,-0.07399642462817498,0.14773152255538557,-0.02329749684232615
Pau Navarro,ESP,DF,19,916,1.3583466187092457,-0.2045535237699611,-0.2579368475738208,-0.21881408397537364,0.19275435428085866,-0.04822885721933209,0.03400140055976999
Eric Bailly,CIV,DF,30,617,1.3810453082289371,0.16767209901516936,-0.12280587175338946,-0.12130497873974277,0.10882099541195088,0.04740947762068745,-0.13673964765110336
Denis Suárez,ESP,MT,30,608,-1.6838433830263582,-0.7663139706289953,0.8862861269443999,0.20832742666524678,0.45647975878477626,-0.15717694299261958,0.04641618497767107
Ilias Akhomach,MAR,"MT,AT",20,584,-1.016636129091597,-0.6885780618934895,-0.02523060029354147,1.8033284439187995,-0.1745155847257104,0.19728574531028195,0.5176016475246009
Gerard Moreno,ESP,AT,32,721,-4.378351415722742,0.300690552486204,0.7212197634609282,-0.9216610761892873,0.5499812532455024,1.3683385238002868,-0.41658553076868476
Tajon Buchanan,CAN,MT,25,416,-2.845159309504794,-0.012549919831073248,1.3569846766823275,-0.43269961962290887,-1.9008586491836754,-1.7081086125383174,-0.05169675433690398
Arnaut Danjuma,NED,AT,27,200,-2.0435007107698424,3.1609866698257614,-1.677075142552967,0.9295166970297881,0.5599801629493828,-0.4623124108579707,2.1839319885064437
Ramón Terrats,ESP,"MT,AT",23,131,0.3071178034462213,-0.7181432773178823,0.2555501839298514,-0.22000332441371262,0.503946564041488,1.0949261580267973,0.052898654570029895
Pau Cabanes,ESP,"MT,AT",19,163,-3.4509983711601793,-0.39912739394054264,-1.5449890716650205,1.8611859457488737,0.32666962528559684,0.3095450657564786,1.486871756435876
Karl Etta,CMR,"MT,AT",20,37,-5.771084584259623,9.491108069823783,-3.3962022801635996,0.013195824560221944,3.501414739010805,-1.2051957192887808,5.849343352482102
Arnau Solà,ESP,MT,21,13,1.6516639112755565,0.4243680485095755,0.23223612720456122,0.11141469368574893,-0.30458991719305495,0.15426857271288638,0.11317125069911718
Daniel Requena,ESP,MT,20,10,1.116354647254611,-0.00602273910727231,-0.6055096848716711,0.4031487972632724,-1.2957688061636006,0.42553822552082987,0.297777450196236
Thiago Ojeda,ARG,MT,21,8,-1.8131974735228824,-4.213367919471162,-1.2104595900936403,1.5740361991877576,4.068950143333828,-3.2608919293958794,-1.1041774719196369
Diego Llorente,ESP,DF,30,2519,1.1444261621148628,0.2824852836469033,-0.18433242645830017,-0.13057121591564627,0.2507047889632716,0.024647159071911052,0.12701089996754097
Johnny Cardoso,USA,MT,22,2144,0.47254374069644606,0.3416959792929249,-0.06837729306563625,-0.12324901526655553,0.19428657352845305,-0.07929079508838882,0.19133219289533865
Natan,BRA,DF,23,2175,1.0453999107947956,0.10755845659886912,0.2348694896324927,-0.17572208753783536,-0.03888205736010911,-0.046796086002770534,0.1553412694233511
Marc Bartra,ESP,DF,33,2099,0.9340070859226225,0.3262074086628719,-0.04096752918550047,-0.32408066722346013,0.13393226884686676,-0.1789707302256617,0.15650502273117128
Romain Perraud,FRA,DF,26,2002,-0.07886668861944442,-0.40444510521138943,0.2424406435382016,0.2605011658180094,-0.32786600267234867,-0.34767106292151934,0.3227767597478229
Sergi Altimira,ESP,MT,22,1972,0.4343433253819275,-0.4023550140097228,0.1170319975795851,-0.22416308042117775,0.2617478682526514,0.09160861539711569,-0.26820115445053355
Pablo Fornals,ESP,"MT,AT",28,1827,-0.31812318178756743,-0.8280048961741019,-0.40043953238901203,-0.09223478057485582,0.8157758807311197,0.6219567213794425,0.1799209073614902
Youssouf Sabaly,SEN,DF,31,1581,0.5374649029101527,-0.5452559438030921,0.07104243765848928,-0.0001502272242876566,-0.22178346660043854,-0.14374534155947935,0.019083220341742705
Adrián,ESP,GB,37,1710,1.6516639112755565,0.4243680485095755,0.23223612720456122,0.11141469368574893,-0.30458991719305495,0.15426857271288638,0.11317125069911718
Isco,ESP,MT,32,1547,-4.743924949022015,0.7657275943182744,0.47661212776422013,-2.3226110629468963,-0.03390370395643131,-1.0681415638955105,-0.21986903709171912
Giovani Lo Celso,ARG,"MT,AT",28,1457,-3.0061366866365393,0.3616163264740717,0.1280434979176189,-1.2266968152640723,1.0649490047554506,0.4528248204321701,0.780349697932213
Antony,BRA,AT,24,1362,-2.934196625089762,-0.7317423778960049,0.3193105850237891,1.3942797747829443,0.19873854088873452,-0.3935713066642948,0.6618205652341351
Rui Silva,POR,GB,30,1350,1.6114426620575726,0.40497495763864894,0.27164169993818565,0.1061093755024793,-0.2903175678490334,0.21757085131472056,0.12214519109414274
Ricardo Rodríguez,SUI,DF,31,1274,0.625340391139053,-0.5594191763100226,0.036312970479081164,-0.21969178601018244,-0.02534854001856842,-0.3713694033369438,-0.05482737418708458
Jesus Rodríguez,ESP,AT,18,1111,-0.5963507347101845,-0.16509638519961306,-0.6472857220459954,1.615316633772644,0.021929688428920395,-0.5968165653279051,0.0468500580974393
Vitor Roque,BRA,AT,19,1235,-0.9723061911750944,1.5704234680864932,-0.5978547399850254,0.810907618047476,0.416196562488276,0.4379430255767998,-0.3706014606114784
Cucho,COL,AT,25,1139,-1.6283831253701082,1.060953242749588,-0.4442995762703804,0.3531611207082213,0.16967184753259354,0.033499160274937,0.5176859465000606
Marc Roca,ESP,MT,27,906,-0.8131518774391737,0.002822767196059697,0.37464211394145414,-1.1983443972219519,0.16836947638026378,-0.6149129847899041,0.19444590983527213
Cédric Bakambu,COD,AT,33,710,-1.699426891218011,1.3311830994702418,0.12436910631855601,-0.694866549693333,-0.8152087967747299,-0.6086574997360932,-0.6200700099381179
Ezequiel Ávila,ARG,AT,30,677,-0.7565346607621679,0.5358547812916048,-0.43349967757300323,0.5694412825233978,0.18672938627862312,0.680910599205445,0.5301368400085853
Héctor Bellerín,ESP,DF,29,580,-1.4109484140421205,-0.9020231955897734,1.9526303177387263,-1.7754133223265869,-0.8659388052263588,0.7007329529019315,-0.06185187218787319
William Carvalho,POR,MT,32,484,0.6580846148554182,-0.9727832514263708,-0.6661427401100725,-0.4801295316797791,0.8427029614824963,0.006079306754006572,-0.16074893299267104
Fran Vieites,ESP,GB,25,360,1.629394302057594,0.4510171704883254,0.2193969875162251,0.1156355220635046,-0.2974060343209223,0.16036300830931652,0.07540648974268913
Ángel Ortíz,ESP,DF,20,353,-0.1683648626630855,-0.5717293246203283,0.5019259926044422,-1.0837426583544354,-1.1703045825495546,-0.9680237202549244,-0.1644303794045406
Iker Losada,ESP,"MT,AT",22,336,0.15435825864371758,-0.5021086952066381,-0.16863827090572622,0.6902586187318489,0.20192575563808635,0.1638810040291006,-0.3583273972708633
Assane Diao,SEN,AT,18,277,-5.315934260365898,0.037431044262966395,3.5469783406046624,-2.1090353926895107,-2.1710778601263305,-0.018006668542242456,0.19178664703692075
Nabil Fekir,FRA,MT,31,180,-3.831834390055202,-1.1123795108396102,1.9465150287222233,-1.1080012675509012,-1.4665653864256147,-1.0029278239746364,-1.4787915099731794
Carlos Guirao,ESP,MT,21,110,1.3217803306039015,-0.014432126091723164,-0.013799550702984139,0.2671460990612215,-0.1729981903832419,-0.0501037616322822,0.09115989852465754
Mateo Flores,ESP,MT,20,153,1.3144501490506029,-0.370619165638941,-0.4991229788724378,-0.46774816596298413,0.2960412248510007,-0.01919430391136806,0.02120953003642338
Rodri,ESP,AT,24,118,-0.24533844807057345,-1.091177338560682,-0.828646647609917,0.7893166168235117,0.11312103864270753,-0.07978956349570204,-0.3590694482782663
Nobel Mendy,FRA,DF,19,108,1.5254678608434609,0.07552475217505061,-0.06141519066042705,-0.18008715692476537,0.04022533747407906,0.05561050734353515,0.05834943819499827
Sergio Arribas,ESP,DF,21,90,1.3632702626489646,0.09354593547938879,-0.2575558719753151,0.12447355503155368,-0.6071877659797771,0.23536963670200967,0.1732897254739669
Vicente Guaita,ESP,GB,37,3060,1.6501792518587082,0.4202640097291694,0.22878140581791434,0.10798526014915467,-0.30053326713814754,0.15310788959089408,0.11252628819906874
Óscar Mingueza,ESP,"MT,DF",25,2729,-1.4417702681736142,-1.0631244213257711,0.45903545423875897,-0.7537510855186975,-0.17425128391028924,-0.17563985088251613,0.30098712086216195
Marcos Alonso,ESP,DF,33,2647,0.08727056332203155,-0.4548561854328791,-0.6445022568891903,0.11216230183295804,1.037480006869865,-0.3264628243166504,-0.1853261456979644
Fran Beltrán,ESP,MT,25,2421,0.42452592652971965,-0.4229453681512937,-0.09956082581512858,-0.3758876203169784,0.5274253685438556,-0.037593843100129885,0.1169819369753718
Javi Rodríguez,ESP,DF,21,2514,0.2821680680379186,0.03347322864222684,-0.07999541216304037,-0.29679647270172443,0.14782006899233543,-0.279473377856358,0.10639233518902177
Carl Starfelt,SWE,DF,29,2270,1.2625988453805799,0.13141317484352638,-0.05372087125569193,-0.04056668595565079,0.17874394157405257,-0.004323768905000007,0.12867721908798516
Borja Iglesias,ESP,AT,31,1952,-2.1596093253279722,2.0954383959099214,-0.20557670802303704,-0.22094648880969214,0.0671162724602743,0.2248772035994092,0.42743356209316574
Ilaix Moriba,GUI,MT,21,2132,0.3281866959402651,-0.46045629122399473,-0.1766341242477704,-0.084903130184475,0.27172255563988956,-0.07668146400325404,-0.07956887715657368
Sergio Carreira,ESP,"MT,DF",23,1656,-0.9599126360839747,-0.9532680284902056,0.9217381256974163,-0.4114419708797383,-1.1282800902890286,-0.08066885586675539,-0.03706671703054437
Hugo Álvarez,ESP,"MT,DF",21,1572,-1.6667287702016715,-0.34936052517608457,-0.05647726518454902,0.6627674180031777,-0.6347105692770362,-1.054510629695712,0.34947558278286917
Hugo Sotelo,ESP,MT,20,1254,0.40759730886725914,-0.9868877008352689,-0.07987483876489283,-0.013567809075825171,0.5537436254135397,0.41873821202987543,0.07213088233071055
Carlos Dominguez,ESP,DF,23,1181,1.1256026091624254,-0.42345106177619873,-0.27499766898892253,-0.046680860779614246,0.4902295254497192,-0.28706102698186786,-0.09391238803206878
Damián Rodríguez,ESP,MT,21,927,0.7480198204110606,-0.8472108886115877,-0.2899875281857255,-0.4141850078918686,0.7209605483410476,0.2503395868894899,0.001241781347807799
Yoel Lago,ESP,DF,20,583,0.7050519949540066,-0.32050056409246597,0.3467544571443054,-1.1630142758501758,-0.19311126276129156,-0.5948672051377094,-0.13530351175435293
Javier Manquillo,ESP,DF,30,515,1.2918900672727707,-0.28738070055262294,-0.27863837680561365,-0.16124390137732394,0.2328418182656763,-0.10609257917318095,0.026502624067637724
Anastasios Douvikas,GRE,AT,24,700,-1.6411066935441656,2.4556969089076586,-0.7927428443531048,-0.033010346712783516,-0.2784460115177212,-0.21919481819769435,-0.617321818153696
Iván Villar,ESP,GB,27,360,1.6516639112755565,0.4243680485095755,0.23223612720456122,0.11141469368574893,-0.30458991719305495,0.15426857271288638,0.11317125069911718
Joseph Aidoo,GHA,DF,28,2,-0.6198649965021651,-5.854811285511873,-5.053487594365228,-5.135618617303509,5.902084666815358,-1.621576603935436,-0.8736213743750234
Tadeo Allende,ARG,AT,25,2,1.6516639112755565,0.4243680485095755,0.23223612720456122,0.11141469368574893,-0.30458991719305495,0.15426857271288638,0.11317125069911718
Florian Lejeune,FRA,DF,33,3325,0.48980952012868345,0.08663969529653061,0.1595655706113702,-0.5315738115521147,0.16623648669801827,-0.13464887856622842,-0.21312342528498424
Andrei Ratiu,ROU,DF,26,3065,-0.7992795882082109,-1.0216343134287371,0.5984487922479012,0.5215522775102515,0.12052702329459167,-0.024918018967620786,0.12692975567065617
Augusto Batalla,ARG,GB,28,2880,1.6485090100147541,0.41564696610121243,0.22489484425793654,0.10412714742048611,-0.29596953582637664,0.15180212107865262,0.11180070538651421
Isaac Palazón Camacho,ESP,"MT,AT",29,2162,-1.3549977079411162,-0.06291685258714996,0.26806220690077553,-0.7491603672523225,-0.11515812664528571,0.21840421868686596,-0.05743956016244588
Pathé Ciss,SEN,"MT,DF",30,2140,0.28299713214750605,0.10285477660182057,-0.27688183647381737,-0.44187639888089597,0.6590451190645796,-0.16867027373533033,0.3207152196426957
Abdul Mumin,GHA,DF,26,2017,0.9791299268216639,0.3819277582708166,0.12493632540598167,-0.10897000864108404,-0.03640661807561006,-0.1941452179753616,0.2557809957167007
Unai López,ESP,MT,28,1707,0.0778200033288153,-0.1335572672233878,-0.3951806402312119,-0.37009728989774276,0.539709091953263,-0.25993548737548877,0.2856920201896081
Óscar Valentín,ESP,MT,29,1835,1.0931272590358034,-0.31026870207461343,-0.09103709274848107,-0.15175196658377416,0.37252900038710024,0.11765980255459857,-0.026255678313666986
Randy Nteka,ANG,AT,26,1129,0.09664214980232715,1.184751552968297,-0.4319774555276721,0.45773290652270127,0.0023943491486581687,0.2445173981447473,0.28954376381810787
Sergio Camello,ESP,AT,23,1134,-1.6002023777308592,0.8028648290391546,0.259977289825839,-0.20226565655695722,-0.29756079883276354,0.19148027659006514,-0.19973440447285767
Pedro Díaz,ESP,MT,26,1211,-0.704279308476959,0.060946842322509645,-0.23324360353588094,0.36054862681644323,0.786078657660561,0.5692809144313471,0.3225445975032244
Iván Balliu,ALB,DF,32,1200,1.112983290521315,-0.3068830258668574,-0.08976000724147319,-0.04579962633904897,0.11803468867020853,0.180115285301681,0.0912776477432887
Aridane Hernández,ESP,DF,35,1025,1.2728963224920418,0.14360531544097016,-0.24125477539808526,-0.18087401598270936,0.2315652503396669,0.03076047535716589,-0.26634063594090013
Alfonso Espino,URU,DF,32,833,0.22439491205440112,-0.5003350331843194,0.2121218810923041,-0.4650174491985683,-0.2540847486652014,-0.17127356676446062,-0.1826662952088747
Gerard Gumbau,ESP,MT,29,849,0.01564907008444477,-0.3109849431243014,0.3752490694705854,-0.8332054681870668,-0.08428093588062247,0.4765645972543404,-0.34704959621368836
Dani Cárdenas,ESP,GB,27,540,1.6516639112755565,0.4243680485095755,0.23223612720456122,0.11141469368574893,-0.30458991719305495,0.15426857271288638,0.11317125069911718
Óscar Trejo,ARG,MT,36,496,-0.8618782982060254,-0.7532684246532515,-0.3186543481375215,0.3857519427711822,0.9193431024497942,0.4793900299535389,0.4218416739288343
Sergi Guardiola,ESP,AT,33,362,-0.23701450801712015,1.4924979629323392,-0.943936638941873,0.613221299745451,-0.28509330811554406,0.7242396896546999,-2.0041598585747633
James Rodríguez,COL,"MT,AT",33,140,-0.25686439791172,-0.9755974632664907,-0.7465988263198798,-0.003532078182632973,0.8489491654020626,0.3264450116730728,-0.6430228700822955
Pelayo Fernandez,ESP,DF,21,98,1.605306178463766,0.29622153148872965,0.12436421451946351,0.004332381216580412,-0.17792308894798528,0.11802683441394105,0.09303262569760412
Etienne Eto'o,CMR,AT,21,40,1.51783659527032,0.31677035160536354,0.022799674185503126,0.18434821958012979,-0.5523846394356914,0.22208598591487225,0.1593228005733969
Sergio Herrera,ESP,GB,31,3330,1.6489353480229705,0.41682549075099123,0.22588690952099394,0.10511195096984595,-0.2971344522272791,0.1521354253535491,0.11198591421254164
Jesús Areso,ESP,DF,25,3079,-0.18101695796085598,-0.9441047640057242,0.4001098689169123,0.49593756644636805,-0.4261352279584955,-0.22315651083343307,0.053196841717621755
Catena,ESP,DF,29,3074,0.6022068857850832,0.13834600077205972,0.44964802600256315,-0.5642022150811952,-0.09700406682234212,0.0657122345262354,-0.13225847475085073
Aimar Oroz,ESP,MT,22,2966,-0.7315930854445839,-0.25857532635688,0.017391540569241595,-0.1509838252643199,0.08244414648025519,-0.4191052331322391,0.061885086324498996
Lucas Torró,ESP,MT,30,2957,0.8550008201001985,0.22651788688589397,-0.2305921491878285,-0.145708713699471,0.3093857389301687,0.2061734091862838,0.15890336938492963
Ante Budimir,CRO,AT,33,2952,-2.1208522731819293,3.1685810078372647,-0.8662138500981793,-0.112748409703495,0.2550718357435671,-0.27601354189808097,0.3539109938036625
Enzo Boyomo,CMR,DF,22,2987,1.0150374029992715,0.11072969060900605,-0.12988269762365134,-0.10519684541719064,0.34131426699612977,0.09077899283729204,0.09434231296114988
Jon Moncayola,ESP,MT,26,2099,0.2941198250677371,-0.6173531743030057,0.1594410812873884,-0.023478239209445355,0.47883158534343956,0.8468515616234648,-0.0891519195007417
Abel,ESP,DF,23,2074,0.39990190190620367,-0.37812638501277207,-0.19186381432777,0.5940391713491131,0.14822657738323802,-0.10029254674365232,0.37444157545045914
Juan Cruz Armada,ESP,DF,32,1492,1.3254578325079143,-0.1174354293640716,-0.15815745813644333,-0.038937056128306155,0.12096780197970534,-0.06947208052149856,0.007080018980134173
Jorge Herrando,ESP,DF,23,1366,1.1013091116253069,0.4041556927993373,-0.18714933243785345,0.007296583794277242,0.2309108279246642,-0.05500717398451038,0.007374341117871719
Pablo Ibáñez,ESP,MT,25,1294,-0.046371322445701246,-0.14251569766409336,0.28127896990608164,-0.08904780452495038,0.15145666920995465,0.146526548522445,-0.08489249904960385
Moi Gómez,ESP,"MT,AT",30,796,0.5618964697884221,-0.694625817663533,-0.15892570468518005,0.029974489886847356,0.5651076500849487,0.1873043544843232,-0.12362147603914984
Iker Muñoz,ESP,MT,21,610,-0.09237174552564852,-0.38166512003154385,0.8265841264756614,-0.7420136672493127,-0.22878821859343892,0.13207112982854782,-0.25200486666342836
Nacho Vidal,ESP,DF,29,124,1.0001058475363676,-0.20231224505530843,0.07129194677690187,0.9254820795569045,-0.3749906196377354,-0.2682888070895479,0.11928510584587959
Aitor Fernández,ESP,GB,33,90,1.6516639112755565,0.4243680485095755,0.23223612720456122,0.11141469368574893,-0.30458991719305495,0.15426857271288638,0.11317125069911718
Unai García,ESP,DF,32,65,1.4419843197883822,-0.15524850540009666,-0.2556768317095732,-0.3729268427132595,0.2683338905615678,-0.009655597439266458,0.02208270069227344
Javi Martínez,ESP,MT,24,6,0.8944876086829826,-1.6686917294975738,-1.5296717799853685,-1.6375964099773368,1.7643016108097493,-0.4376798195032211,-0.2157596243255963
Antonio Raillo,ESP,DF,32,3207,0.836227737509415,0.06292050853704592,-0.012992749552236662,0.07547632284085806,0.3360231600071626,0.15675788729645165,0.07925334042069467
Sergi Darder,ESP,"MT,AT",30,2744,-0.5587614498471353,-0.4221757112112584,0.6611954109277949,-0.9706548078866075,-0.31247735459876097,-0.348575012526294,-0.06837710114348071
Dominik Greif,SVK,GB,27,2790,1.6516639112755565,0.4243680485095755,0.23223612720456122,0.11141469368574893,-0.30458991719305495,0.15426857271288638,0.11317125069911718
Martin Valjent,SVK,DF,28,2763,1.040168399002631,0.21976801199825247,-0.21863689064788266,0.045815659559659994,0.2742708465286183,-0.17891857554583562,0.3010204925068807
Samu Costa,POR,MT,23,2649,0.5910644434636529,-0.29335044496224744,0.00015469363392065202,-0.33075751399182546,-0.11008348306572932,-0.13319549100662534,-0.20910920436903901
Johan Mojica,COL,DF,31,2755,-0.16918706998100633,-0.8338856010893029,0.27436820937194556,0.12267995836464266,-0.033438493787450556,0.14204327817940463,0.10488879150571692
Pablo Maffeo,ESP,DF,27,2368,-0.07036395825348005,-0.7631060495089211,0.6073043161647611,0.07428158553941656,-0.3242544577084253,0.45054809756184133,0.12620327880541016
Dani Rodríguez,ESP,"MT,AT",36,2162,-1.3870951353791794,0.01947226905938856,0.9210384159505343,-1.0917652839372471,-0.8431743281650953,-0.6899319047266095,0.08937633438411151
Vedat Muriqi,KVX,AT,30,2058,-1.2590706534393914,1.6381623201623583,-0.3364615949187752,0.07284346122777104,-0.020535634809999904,0.26218901533303723,-0.28271929633925635
Omar Mascarell,EQG,MT,31,1992,1.1683934682179022,0.024811690577394435,-0.19954898002610338,-0.11057837077069123,0.244565746766476,-0.031062297780888638,0.1589642114866392
Cyle Larin,CAN,AT,29,1764,-1.1430116543929472,1.669155366443973,-0.37348675909285006,0.04913160671029646,-0.1642975393685146,-0.03433893871026397,0.14367239768883408
Copete,ESP,DF,24,1528,1.330156894986167,0.017217551666012427,-0.07151301992939142,0.016389095360668966,0.14780173603194677,-0.069289576534554,-0.07258926584516091
Manu Morlanes,ESP,MT,25,1338,0.8300667516518322,-0.6331458215817526,-0.5502241267231132,-0.10141507320529698,0.3934724283544265,-0.09803843452549203,-0.12183701238927519
Roberto Navarro,ESP,"MT,AT",22,1278,-0.4987160740683704,-0.5799240740076322,-0.06538634880744494,0.994715566362064,0.25687799053035765,0.3774006578723539,-0.0611787417533
Antonio Sánchez,ESP,"MT,DF",27,1395,0.7949216281972047,-0.1599274840200288,-0.16647457415684108,0.3612839127924139,-0.11342989433966033,0.18802779598507163,-0.1268609336926348
Mateu Morey,ESP,DF,24,741,0.7058273837785768,-0.3081991005729663,-0.06950155062357712,0.7424897616646888,-0.15180059237458482,-0.06694879983627716,-0.06398363884080902
Leo Román,ESP,GB,24,630,1.6516639112755565,0.4243680485095755,0.23223612720456122,0.11141469368574893,-0.30458991719305495,0.15426857271288638,0.11317125069911718
Toni Lato,ESP,DF,26,621,0.5199964158918784,-0.8116465237704339,-0.1844067155864506,0.5844455712790781,-0.029078191313149832,0.03578255412108237,0.13610655150339412
David López,ESP,DF,21,169,1.544135915641108,0.12712879009435907,-0.01797564659755895,-0.13696558139066561,-0.010782836293248462,0.0702048957117824,0.06645917377253066
Valery Fernández,ESP,"MT,AT",24,309,-0.6497696124689917,2.156549175808874,-1.113367896810859,0.2666389834496741,0.45272629899121825,-0.15786453366106085,1.4158184027850025
Chiquinho,POR,"MT,AT",24,146,0.2250869106607846,0.0537015018095537,-0.39704294757364617,1.2333946517168317,-0.6096900736510809,0.025357758807084196,-0.5075459172709071
Javier Llabrés,ESP,AT,21,57,-0.9481622665269114,-1.6644123770926391,-0.480769982936576,1.6271918786225805,-0.2865753570176419,0.18816111198269314,-0.02209880260062414
Jan Salas,ESP,"MT,AT",18,43,0.08025430332484944,-1.162646029479509,-1.4325715885353283,0.20804145791405976,0.23459831694002853,-0.3344341170695558,-0.4022453051860372
Daniel Luna,COL,MT,21,20,0.2916099991369992,-0.7331970449932778,-0.06381535697298069,2.0173440854486997,-0.8221703365407659,-0.6146102308558765,0.18946733875441732
Cristhian Mosquera,ESP,DF,20,3319,1.2099652663114342,-0.09255114365174123,-0.10411835437181045,0.06665282467269842,0.2837745979678475,-0.2091355165791156,0.09460592669737632
Diego López,ESP,"MT,AT",22,2737,-1.7700491472230773,0.24766775131503171,0.2723954142181341,0.0558701517045871,-0.34182373307208325,-0.0038662347995407366,0.2622170125075852
Giorgi Mamardashvili,GEO,GB,23,3060,1.6462734233793628,0.4196152752684905,0.23577661300782066,0.1219649896869608,-0.3014945023589187,0.14747021678885566,0.11246334147400724
César Tárrega,ESP,DF,22,3026,1.1537607282339846,0.3248208518146642,-0.11364509434834658,0.06551483533530034,0.20028393407224176,-0.08529667570283138,0.04504159778316482
Luis Rioja,ESP,"MT,AT",30,2831,-1.029651036712771,-0.42827527615327826,0.17375273165297828,0.4546589152913717,-0.2550143479364654,-0.05165331674923796,0.35820081938927745
Javier Guerra,ESP,MT,21,2581,-0.3261908279950748,-0.39647955925213857,0.22241741466480283,-0.27663068931002505,0.1647191936687987,-0.11604193017282735,0.09076586629152975
Enzo Barrenechea,ARG,MT,23,2191,0.5130224411668382,-0.3094744050495437,0.028182101104877448,-0.5751595389619735,0.25646888610060786,-0.3243947753459083,-0.09554926776591131
Dimitri Foulquier,FRA,DF,31,2299,0.5572530534823816,-0.5799348396241499,0.09771275600143903,0.2053728825268988,0.05986745421820598,-0.19700039100075728,-0.03505964858701027
Hugo Duro,ESP,AT,24,2166,-1.1453530799823046,2.2075047161644488,-0.6475108734703077,-0.06874192770484505,0.14590704252140532,-0.058274137155102865,0.352523224744021
José Luis Gayà,ESP,DF,29,1803,-0.05846463061264866,-0.7162092023673654,-0.023121136410455184,0.23809944096194796,-0.5799576535609589,0.574487858255731,0.04872217571606406
Jesus Vazquez,ESP,DF,21,919,0.4302983239945331,-0.683518377840641,0.15394357272389078,1.1205195597477127,-0.11599665383774464,-0.12366562274834954,0.10514481566315725
Yarek Gasiorowski,ESP,DF,19,947,1.02741652385716,0.05597273927278564,-0.19082434224865402,0.03826247946158643,0.37683079624363264,-0.0556131190813373,-0.39304760135387556
Umar Sadiq,NGA,AT,27,825,-1.2670009885284734,2.2557565154674757,-0.9621723926843813,0.5552628899549844,0.4137033090266828,0.36113682432360034,0.9074322102239452
Thierry Correia,POR,DF,25,768,0.4632092301201451,-0.8380806621287872,-0.5650391463006812,0.360769352392721,0.07026236449211562,-0.03547848747033959,-0.04481235825129662
Mouctar Diakhaby,GUI,DF,27,653,0.3366904270690901,1.3380718149731134,-0.48180081786899653,0.17285938532816308,0.5131007246071002,-0.16941163621982416,0.34852055523355185
Dani Gómez,ESP,AT,26,532,-0.5630796431851641,2.1534987479283667,-1.1046202033392563,0.4298622234260029,0.2304802080140983,0.19767312473359883,-0.2986464132603677
Hugo Guillamón,ESP,MT,24,364,1.306158030340387,-0.11836119236397705,-0.30474812408383084,-0.27782340222223334,0.09943836567469636,0.12066117124644758,-0.009355398888406526
Stole Dimitrievski,MKD,GB,30,360,1.6516639112755565,0.4243680485095755,0.23223612720456122,0.11141469368574893,-0.30458991719305495,0.15426857271288638,0.11317125069911718
Sergi Canós,ESP,"MT,AT",27,370,-0.8955985388652502,-0.4748806146244728,0.07280139344086611,-0.352048889781294,-1.867150628343761,-0.6272932658704544,-0.43981367235172336
Ivan Jaime Pajuelo,ESP,MT,23,297,-0.09975973481688666,-0.49211162754877014,-0.2546384422108992,0.6156718007975623,0.3894790282723242,0.29122921443508254,-0.5856249505036313
Germán Valera,ESP,MT,22,148,0.8987456869925382,0.059388999580198186,-0.4667713468653181,0.41331642737252394,-0.6708142154703796,0.2610602242393167,-0.09654555047228905
Maximiliano Caufriez,BEL,DF,27,90,1.6011854911027181,0.2848307299757656,0.11477560005856595,-0.005186046558456771,-0.16666381532620136,0.1148053465651459,0.09124252569746963
Rodrigo Abajas,ESP,DF,21,65,0.28081285849907184,-0.5654314904375641,-0.1080569554425647,1.455401549070911,0.12889875528653805,-0.7290055098606179,-0.3399777619711962
Martín Tejón,ESP,"MT,DF",20,49,0.0679013237496988,-0.7983927180459238,-1.6649487440821689,-0.3470117099877866,-0.31863985403240613,0.610523950679022,-0.38125581509321643
Iker Córdoba,ESP,DF,18,15,-0.8180356672513792,-1.5724721436295432,0.7422265292908702,-0.6324396636416028,0.5044364885086713,2.946938188114277,0.5084970181301286
David Otorbi,ESP,MT,16,14,0.47345727110753943,-0.6144523884704322,1.0060851670598332,2.4174079625220735,0.37197932512528026,-1.3316577935395513,-0.04155747993205238
Alberto Marí,ESP,AT,23,7,-0.5267993881493503,-2.5993711544018314,-3.671530113461756,-0.5542116706611148,-1.3631940045350668,0.42194038740748985,0.35867678495541655
David Soria,ESP,GB,31,3420,1.6503355317973238,0.4206960138113174,0.22914506070071924,0.10834625315300668,-0.30096028293340094,0.15323006676163006,0.11259417898854751
Omar Alderete,PAR,DF,27,2971,1.0295327194495152,-0.023523673932587,-0.07168399100696807,-0.006265780454660876,0.33763510496438903,0.048693425303224194,-0.02516348910779706
Iglesias,ESP,DF,26,2888,0.70040920348124,-0.20707730511668646,0.17793880588219746,0.06331157239809003,-0.05138060828984055,0.22674136697626013,-0.0829660665859973
Luis Milla,ESP,MT,29,2875,-0.028496196601191508,-0.4477974737997463,0.5734924153041095,-0.7574615726814574,0.09299784716870088,-0.028333891963171043,-0.13980457701440588
Diego Rico,ESP,DF,31,2819,0.333193157300694,-0.605841256870425,0.30433483394053945,-0.5497076624823724,-0.17029349249976336,0.006184716017398007,-0.009957548894423131
Mauro Arambarri,URU,MT,28,2661,-0.1607683395960096,1.5364051926218227,-0.7999412022842146,0.12404698462637823,0.5746928212432233,0.009328065744688968,0.3099780129736781
Domingos Duarte,POR,DF,29,1859,1.3668693317190979,0.24140110652879707,-0.09532196889953357,-0.10253664258358824,0.08102857891587505,0.0023664541536574527,0.21140173517434852
Carles Pérez,ESP,"MT,AT",26,1431,-0.22061126001589335,0.4335688963328768,-0.12548997184851599,0.7946342391870785,0.03939693109038439,0.3761472122618638,0.36961670431827054
Ramón Terrats,ESP,"MT,AT",23,1219,-0.8264779780234813,0.7089169370026446,0.2419814764433195,-0.34455120979793563,0.32435860479395484,0.7575049590883937,0.7078015265994778
Bertuğ Yıldırım,TUR,AT,22,1083,0.18410654949974173,0.5508278998425027,-0.15351737173374025,0.363657788938901,-0.11538412675930884,0.7735103865883564,-0.25158934963732466
Alex Sola,ESP,"MT,AT",25,1029,0.07079327959145021,-0.36186613390252104,0.23327350088807414,0.34799385778928277,-0.6067054443042832,-0.2116601050245175,-0.21496296929616732
Coba da Costa,ESP,"MT,AT",22,1006,-0.9221786888421692,-0.5401622476249947,0.5071922227481899,1.1605391093662751,-0.4729150665062251,-0.20669939314790073,0.11493103234152638
Juan Berrocal,ESP,DF,25,1063,1.4574567477877578,0.19123323128970027,-0.052593387477830086,-0.08961089150081378,0.008489398124351113,0.072003872510765,-0.046839656335333775
Juan Bernat,ESP,"MT,DF",31,699,0.31445130473478605,-0.22325624112356207,0.4510277652257765,-0.5551503269703071,-0.9107806343437345,0.18085434933359001,0.031027411862242858
Borja Mayoral,ESP,AT,27,1114,-0.8784398589945503,1.6908683707838255,-0.3032626872583779,-0.010868610769321725,0.049735418769867215,-0.014820216708074275,0.5544860959964908
Álvaro Rodríguez,URU,AT,20,852,0.2697533505721094,0.7468940496113755,-0.6090251756112274,0.34821849240440855,-0.21966957449582647,0.2180742609241455,0.49503706835879663
Carles Aleñá,ESP,"MT,AT",26,452,0.8218456613503006,0.3401115466078771,-0.3141508055487197,0.1769920835726525,0.02640230438036011,0.2182229123749352,-0.5745780032012643
Jesús Santiago,ESP,MT,20,372,1.1990693895330404,-0.2917874388241496,-0.20887571501438593,0.042785847994361824,0.23177221487067487,-0.18691692731048212,-0.012921265466540004
Nabil Aberdin,FRA,MT,21,263,1.3193847710964313,0.0017954104309556534,0.036308918484014914,0.1386119296106398,-0.0032840423396254923,0.005069517638567968,0.03692114508592741
Peter González,DOM,"MT,AT",22,477,0.33262176075091887,0.32552347588544095,-0.5279384324273001,0.8133808787593089,-0.47435149123530895,0.22123830600565508,-0.7086755580846685
Ismael Bekhoucha,MAR,"MT,DF",19,69,1.2691850211579168,-0.030787787170590875,0.11462715610415415,0.4694897687220572,-0.13106050167467723,-0.1593830642835098,0.07992885238008143
Alberto Risco,ESP,"MT,AT",18,69,-0.9826510552842045,-0.9104139309446578,-0.018583286899551608,1.3045380122220995,0.21427104705473216,0.6680778655878118,-0.5666122527951748
John Joe,IRL,"MT,AT",20,48,0.059873888200015525,0.2762674413168462,-0.923057799829681,1.2584052310565628,-1.1594498780546085,0.21841577407303867,-0.6830839978973723
David Argüelles,ESP,MT,22,7,-0.7047493690604776,-1.6532728254504399,1.7799342069151054,4.723401231358398,1.0485485674436155,-2.817584159791989,-0.19628621056322196
Joan García,ESP,GB,23,3420,1.6503355317973238,0.4206960138113174,0.22914506070071924,0.10834625315300668,-0.30096028293340094,0.15323006676163006,0.11259417898854751
Omar El Hilali,MAR,DF,20,3153,0.9249989658201754,-0.19904294961270594,0.21929335998032046,-0.06843801774970701,-0.2693019194711694,-0.2526721983742875,0.02710333467694031
Marash Kumbulla,ALB,DF,24,2972,1.1629950741185382,0.4483748504667907,-0.14540601281196122,-0.013140729355677517,0.17048148625057438,-0.04457964713345823,0.20658105893593653
Leandro Cabrera,URU,DF,33,2869,0.7612073597807514,0.44372726533692447,0.1721831206035979,-0.36644948917285314,-0.00024853775886411663,-0.14444669961314463,0.3979560765490408
Alex Král,CZE,MT,26,2714,0.6357541584730245,-0.29080632180834154,0.12884171936059816,0.31994583638914836,-0.07672856814244981,-0.027689345204565077,-0.10443044235892346
Carlos Romero,ESP,DF,22,2554,0.22423167318249035,-0.12461745695474861,0.07722424106596973,0.38544425663555354,-0.16324515113925192,0.035538748086151935,0.12035141844190418
Pol Lozano,ESP,MT,24,1943,0.8149811956876453,-0.5356127316768488,-0.0069642792408275535,-0.46332987402362374,0.3231329328710765,-0.18967431972841933,-0.06676280241362959
Jofre,ESP,"MT,AT",23,2165,-0.7240097276662151,-0.1803755793771384,0.312314776859505,0.4194558318712542,-0.555413737658404,-0.26809978601685813,0.13289401615399019
Roberto Férnandez,ESP,AT,22,1497,-0.09373521107249691,1.5478523975717469,-0.599124208043754,0.23848140772493714,0.22775960500924186,0.20760153145143298,0.7272682851951334
Urko González,ESP,MT,23,1374,0.39242174082165193,-0.35985148399832617,0.4960459376502765,-0.5915389728911165,-0.0922345672438275,-0.48621710592140516,-0.23643302297066965
Álvaro Tejero,ESP,"MT,DF",28,1238,-1.432167488061893,-0.74262757293322,1.412550323132085,-0.9844428978399672,-0.9405281573777372,-0.2335116343933711,0.09331327152841609
Edu Expósito,ESP,MT,27,1045,-1.161857358587134,-1.1326352117253744,1.0994352520120618,-0.6742074334474143,0.05276509733237972,0.6112971217311125,-0.2593339036893856
Brian Oliván,ESP,DF,30,1017,0.005545260098391771,-0.7331035589877299,0.2737058720018697,0.03170196264283578,-0.36804499299163496,-0.002360659677419,-0.023929734387985235
Alejo Véliz,ARG,AT,20,1127,0.7203060408961691,0.8297026045135955,-0.18002179717809516,0.20339819251442345,-0.14623818202175884,0.45762530561022596,-0.2060713014459696
José Gragera,ESP,MT,23,569,1.460401366555385,0.09377247611429013,-0.06583807752466632,-0.07044708573379757,-0.02759322047984,0.05071706017320256,0.03277343219260347
Sergi Gómez,ESP,DF,32,664,1.4997879515653743,0.3731772213334434,0.040896077990555633,0.006257055479824604,-0.14122335489966142,0.1399402513963574,-0.05888571482270217
Walid Cheddira,MAR,AT,26,640,-0.7909188233526024,0.1966423215548732,0.6112136290810206,-0.29541768328625384,-0.5077584310809993,0.41619921824320183,0.14570878024867387
Álvaro Aguado,ESP,MT,28,443,-0.8795981234254773,-1.086580194782234,0.7316067797436685,-0.6735229655195399,0.4297287281314989,-0.8577791957310774,-0.6641877341977322
Justin Smith,CAN,MT,21,209,0.9458167849725656,-0.3974394328127426,-0.06567686738693854,0.5151227681966725,-0.07037320726104279,-0.12837635780287263,0.0948325934440159
Rafael Bauza,ESP,MT,19,183,1.2109156624262825,-0.09943830741436356,-0.3016265512552872,-0.04887432877489691,0.08824423123240495,-0.026417684990859322,-0.094953984355889
Pere Milla,ESP,"MT,AT",31,456,-1.3339287447570836,1.8129291307971895,-1.0939060057777936,0.5987028285842594,0.7139296410407606,-0.10068913966423741,1.2817493066302805
Naci Ünüvar,NED,"MT,DF",21,31,-0.3914670652134327,-0.8066780709951965,-0.6653582340945262,1.202087565545256,-0.6485268967046923,0.3737023601402859,-0.23010992297757818
Roger Hinojo,ESP,DF,19,9,-1.3706781156990153,-2.1479988259412095,-0.42565605985664295,4.346813342047862,-1.4547686268546347,-1.5543509907732533,0.2827181130442286
Nahuel Tenaglia,ARG,DF,28,2922,0.46374896397542137,-0.11883255922537567,-0.10434252405184867,0.1425689120908681,0.018038407355543518,0.003158979419652566,0.047034797288834806
Antonio Sivera,ESP,GB,27,2810,1.6500471647219779,0.41989888172379514,0.2284740462639422,0.10768015040390606,-0.3001723552115543,0.15300462596794098,0.11246890719372635
Antonio Blanco,ESP,MT,24,2727,0.905327588834897,-0.3669994187816377,-0.06610848659171742,-0.4422978340571978,0.310338895895386,0.0883994751686791,-0.08993392633867658
Manu Sánchez,ESP,DF,23,2634,0.663722430023649,-0.20021841051273162,-0.14626687141323266,0.4824569163476334,0.0063804141132439655,0.044162897676453164,0.005210958640637267
Kiké,ESP,AT,34,2542,-0.8446281770791686,1.8871018705400981,-1.1811570512203997,0.4425226370955474,0.30452984992891197,0.0866723854623581,0.6256725788389639
Abdel Abqar,MAR,DF,25,2463,1.1240545487424864,-0.022914356623310067,0.10528601875398916,-0.20634757809175502,0.01659050026965484,-0.1824528948245646,-0.10759584094120782
Jon Guridi,ESP,"MT,AT",29,2080,-0.01986046231140338,0.3111261833664133,-0.4044112419542832,0.07948184826513847,0.07318896876131754,0.017847497771060577,-0.10233195268921581
Ander Guevara,ESP,MT,27,1947,0.8109699567555303,-0.4006584732743316,-0.11978976380953327,-0.4844046900229843,0.25462619879754583,-0.1759359527597824,-0.1746448390458749
Moussa Diarra,MLI,DF,23,1866,1.2460093102442815,-0.23116013578946834,-0.19443326472832922,-0.03147916804787501,0.07159701890862412,-0.004380039301952662,0.06484751027296949
Santiago Mouriño,URU,DF,22,1849,0.9398493404719747,0.050708542415913674,0.33324342352438746,-0.1574866343885945,-0.034190346480626896,-0.023523706288134723,-0.15684796803873163
Joan Jordán,ESP,MT,30,1414,-1.4042561249240844,0.704311355057427,-0.32013935669946153,-1.1028937089384974,0.7432630245174505,0.17554408621325573,0.06093775298345328
Carles Aleñá,ESP,"MT,AT",26,1090,-0.32551275637750393,-0.7224092314658288,0.5310411703145616,-0.6944845352432466,-0.35104876443272437,-0.27637927837480164,-0.2614667335290445
Toni Martínez,ESP,AT,27,1012,-0.63418671641465,1.6102285307559367,-0.7993400065038503,0.6153414736937121,0.1651825861369228,0.23189947756785678,0.34641154174082023
Facundo Garcés,MAS,DF,24,678,1.0098799550633841,-0.06797421257000877,0.47662217548279,0.027299058824395945,0.07734899950233437,0.7137808427850622,0.13777257198859744
Aleksandar Sedlar,SRB,DF,32,594,1.4953346648924262,0.11445023011206129,0.0410458000623228,0.013024715738695312,-0.03860954697182624,0.017040414520043696,0.06911507988349272
Stoichkov,ESP,"MT,AT",30,699,-0.4755798956438561,-0.41184856469481945,0.4004767127556586,-0.3723190679816436,-0.5018798131775745,0.38390484539517394,-0.4106753599754675
Carlos Benavídez,URU,MT,26,487,-0.4553415843986256,-0.007962613558318234,0.5500959072794189,-1.1391974707001313,0.05013790536969243,-0.3734384690682469,0.4006098409532809
Pica,ESP,DF,22,499,1.2420924493943108,0.09992812964380657,-0.058038532927647206,0.010073059118608518,0.18287820573170283,0.02230527514971016,-0.17679284446152663
Jesús Owono,EQG,GB,23,487,1.6516639112755565,0.4243680485095755,0.23223612720456122,0.11141469368574893,-0.30458991719305495,0.15426857271288638,0.11317125069911718
Asier Villalibre,ESP,AT,26,333,-2.655251404139238,1.0981213677712103,0.9641967750695464,-0.9477665178468406,-0.48680402755023416,0.5647706931092156,-0.5135064613263695
Pau Cabanes,ESP,"MT,AT",19,188,-0.2971129027411321,-1.379507134832273,0.16079953408531353,2.644063632696098,0.019100481838597288,-1.3080729411004175,-0.03141640400339005
Adrian Rodriguez,ESP,GB,23,122,1.6516639112755565,0.4243680485095755,0.23223612720456122,0.11141469368574893,-0.30458991719305495,0.15426857271288638,0.11317125069911718
Luis Rioja,ESP,AT,30,23,-4.405378058740515,-4.3177349471084,2.810167878519796,5.347862841595093,1.4031018244912683,0.3439994408785268,0.4029376714512178
Paulo Gazzaniga,ARG,GB,32,3195,1.6516639112755565,0.4243680485095755,0.23223612720456122,0.11141469368574893,-0.30458991719305495,0.15426857271288638,0.11317125069911718
Daley Blind,NED,DF,34,2780,0.1842625617468595,-1.3192504186244773,-0.3061751676860543,-0.34937333094683715,0.7827558247302959,-0.5967914631072818,-0.1885103537698758
Ladislav Krejčí,CZE,DF,25,2440,0.8431298881472679,-0.1660888000019019,-0.39309470295109317,-0.11054073393621444,0.6650072608054182,-0.2506591203670984,0.01884880982442749
David López,ESP,DF,34,2429,0.877715390315724,-0.2240445479153665,-0.136941235070878,-0.4331763809615766,0.35182900793615096,-0.23649209335755325,0.007789336664412208
Yangel Herrera,VEN,MT,26,2257,-0.4209689573409495,0.11237847069061993,-0.14608542010755265,-0.44126764171593336,-0.08377778572994339,-0.36622353221565257,0.06363931552647015
Iván Martín,ESP,MT,25,2039,-0.04972265927653381,-0.7843253947771973,-0.1304770474709877,0.22904088625510982,0.4539382925209071,-0.20403775065262192,-0.1286435341160513
Oriol Romeu,ESP,MT,32,1356,1.0051792322138295,-0.5251938935295762,-0.14455722397807752,0.08107045478498767,0.49460732571050703,-0.22574419287327643,-0.037146865702846164
Abel Ruiz,ESP,AT,24,1346,-0.3837099375173921,1.2706342099658237,-0.7786970607092338,0.6524147542368547,0.15063346827895396,0.0802994918860628,0.005850506299865717
Alejandro Francés,ESP,DF,21,1173,0.893506417353854,-0.5552285910623305,-0.2267325536730907,0.08795426487132128,0.38719752229978455,-0.10505371642143181,-0.04162588650266188
Bojan Miovski,MKD,AT,25,869,-0.22209837035782934,1.4155367804203756,-0.19513829411794034,-0.11797656261643528,-0.471855274346307,-0.15554077224330898,-0.1975054474868798
Arthur Melo,BRA,MT,27,941,0.6713218829595665,-0.9440053382473064,-0.3760601583322357,0.20470147645377318,0.7242537864051891,-0.4527124333371671,-0.11312108871055551
Juanpe,ESP,DF,33,727,1.3410985861124844,-0.07690834771096305,-0.050058525071108244,-0.1814646887789965,0.20114006347764452,0.10271737646101656,0.016812938673692084
Cristhian Stuani,URU,AT,37,1078,-3.0594091604387614,4.381993559203605,-1.091024757190216,-0.608614931033287,0.5861196612717997,-0.5515216580289014,0.8804827543071291
Jhon Solis,COL,MT,19,535,0.31046007560440336,0.12229134913494089,-0.6700490385776775,0.17573328539965966,0.565056191765463,-0.31443767658505356,0.2488615524238468
Krapyvtsov Vladyslav,UKR,GB,19,180,1.6516639112755565,0.4243680485095755,0.23223612720456122,0.11141469368574893,-0.30458991719305495,0.15426857271288638,0.11317125069911718
Silvi Clúa,ESP,MT,19,163,0.939761806571126,-0.22836371813069528,0.20247837697728235,0.7620398631313121,0.016804500642694307,-0.2328819129138251,8.42188960865052e-05
Papa Ba,ESP,MT,19,48,0.9513571259100502,0.10194399142255309,0.03184650400056862,0.9308769105201793,-0.4771451280218056,-0.12953098186218398,-0.08162727834974295
Pau López,ESP,GB,29,45,1.6516639112755565,0.4243680485095755,0.23223612720456122,0.11141469368574893,-0.30458991719305495,0.15426857271288638,0.11317125069911718
Kim Minsu,KOR,"MT,AT",18,22,1.1650191258019698,0.033103696130622966,-0.5293509746829227,0.3766275151198612,-1.2056616344390054,0.400877347992835,0.28099506842377064
Ferrán Ruiz,ESP,MT,21,18,1.399271810411365,-0.2733185441594743,-0.3550665085254153,-0.47158900753527966,0.3850405921412131,-0.04304755802581609,0.003527625690879343
Dodi Lukebakio,BEL,AT,26,3092,-1.7380785307348285,0.4871797612690625,-0.2533441593295251,1.083722539607599,0.2527644417563673,-0.12768785133662056,0.2608980533666243
Carmona,ESP,DF,22,2942,0.8414634906339263,-0.4098141830969216,0.054725482368029855,0.24955093237169523,0.20816575673674456,0.14904332586758715,0.020997825660003223
Loïc Bade,FRA,DF,24,2686,1.1556007661801548,0.16013510381024154,0.15200809295112142,-0.15229204456190898,-0.037986011983575506,-0.021700568465668535,0.08557880617716716
Ørjan Nyland,NOR,GB,33,2673,1.609743051950743,0.4002767314253894,0.2676868000342801,0.10218342465250603,-0.2856735913552,0.216242123161598,0.12140685018499636
Nemanja Gudelj,SRB,"MT,DF",32,2493,0.9686663528236333,0.2398548641324518,0.11999714378518075,-0.16683980027495907,0.013056561872272379,-0.08998218884978108,-0.04754098224750701
Adrià Pedrosa,ESP,DF,26,2298,0.39821326408640606,-0.3493193960482346,0.01054798942989775,0.22285888357777367,-0.11454032743736489,-0.026333427467241117,0.09363645639198911
Isaac Romero,ESP,AT,24,2156,-0.4917398818546025,0.9588915530255071,-0.04428568764234073,0.04487228402240297,-0.24693218508415593,0.2838291371431371,-0.2801303895310098
Kike Salas,ESP,DF,22,2238,0.590840332618368,0.5123983553000137,0.08168995236539212,-0.4468021387595911,-0.10114888117874203,-0.24818008440836128,0.14828391353153383
Lucien Agoume,FRA,MT,22,2114,-0.061212645003101696,-0.631611994837079,0.45760386254696594,-0.7930274096452107,0.23394520275632624,-0.20328430410679324,-0.062441465931132915
Djibril Sow,SUI,MT,27,2062,0.25195570232442255,-0.0751297930091337,-0.1533670721936528,-0.18197710863921612,0.2937857475926738,0.07595340160774999,0.01669588535044566
Juanlu Sánchez,ESP,"MT,DF",20,1722,-1.3624544407277535,-0.08619697159889532,0.7326775228970225,-0.47686605964614376,-0.31345120446085983,-0.4457269159812253,0.350108895014492
Saúl Ñíguez,ESP,MT,29,1553,-1.2596003884073252,-0.04950975256943543,1.2993990033995941,-1.7855069666820547,-0.938076667285934,-0.68522855868593,-0.5655053670262273
Albert Sambi Lokonga,BEL,MT,24,1471,0.17054748326598215,-0.6325583466979942,0.24953538168082576,-0.6011128768128782,0.15402780143635367,-0.4773865005936546,-0.3208034599174599
Peque,ESP,"MT,AT",21,1134,-0.24538612454193107,0.24343033934234481,0.07860121451740845,-0.09078116935968167,-0.11468375176289226,0.2382672526052507,-0.354299616825703
Chidera Ejuke,NGA,AT,26,966,-2.0587913538301197,-1.1944466956602469,0.47530374720718727,1.968723209834364,0.08940064149645024,-0.7188255814969382,0.44897077167607063
Álvaro Fernández,ESP,GB,26,747,1.5712214128395885,0.3855818667677224,0.31104727267181026,0.10080405731920968,-0.27604521850501185,0.28087312991655483,0.13111913148916834
Marcão,BRA,DF,28,552,1.4855929128412035,-0.015691231506698985,-0.1468127125425662,-0.24450908309290426,0.10472501994936215,0.03693266658144289,0.04858418954359879
Tanguy Nianzou,FRA,DF,22,518,1.3697775739595777,0.149571145813954,0.07329606682777574,0.17078558969748905,0.029744297543024305,-0.05665425957717249,-0.05495056386288582
Kelechi Iheanacho,NGA,AT,27,400,0.10350000821828337,0.6099895778583408,-0.2412932381771961,0.6906345505701439,-0.09161995932995022,0.5573498337220768,-1.0489534923709543
Álvaro Pascual,ESP,AT,22,408,0.03300912497351053,1.133353865145562,-0.7886150873879813,0.5972953022769217,-0.30235251690323156,0.14165402304828045,0.1224068889965423
Ramón Martínez,ESP,DF,21,261,0.34836208042351025,1.3165606414941753,-0.4178240217898941,0.03075387523925381,0.45237765993990564,-0.038204020585836995,0.9135606107407416
Lucas Ocampos,ARG,AT,30,175,-2.5024855926372465,-1.1473098934179367,1.6980995681289,-1.6970109673043328,-2.387564550503128,-1.3613425015456375,-0.5026475946910292
Manu Bueno,ESP,"MT,AT",20,140,-0.5543890773203997,1.5978756271832477,-1.0505197493122684,0.2120883397338919,0.8134404231340868,-0.6234239474841814,2.1615865467233335
Akor Adams,NGA,AT,24,134,0.6365858985902868,0.568003535736184,-0.847147638828153,-0.048894924635577576,-0.0029155124716813106,0.29970146526245,-0.9867651474543528
Diego Iturralde,ESP,AT,21,37,1.0393239382332269,0.8676777755722851,-0.26380359329812797,0.27889914463957083,-0.42161456308652623,0.35556784261844493,-0.6299951619542189
Leandro Antonetti,PUR,AT,21,28,-0.875108706601054,0.46849751449264493,-0.5015352828934143,1.719172995286552,-0.5765568037315977,0.5459215554224714,-1.385049537496445
Israel Domínguez,ESP,AT,21,18,1.6516639112755565,0.4243680485095755,0.23223612720456122,0.11141469368574893,-0.30458991719305495,0.15426857271288638,0.11317125069911718
Mateo Mejía,ESP,AT,21,11,1.6516639112755565,0.4243680485095755,0.23223612720456122,0.11141469368574893,-0.30458991719305495,0.15426857271288638,0.11317125069911718
Darío Fuentes,ESP,DF,21,5,1.6516639112755565,0.4243680485095755,0.23223612720456122,0.11141469368574893,-0.30458991719305495,0.15426857271288638,0.11317125069911718
Sergi,ESP,DF,32,2957,1.2265489848382072,0.3595019856416712,-0.12420192779340997,-0.12292077670562786,0.15011604186743122,0.08947738041527914,0.10467095891195813
Marko Dmitrović,SRB,GB,32,2880,1.6098652114271714,0.40061441643446744,0.26797105846487335,0.10246560236984788,-0.28600737716569424,0.21633762549760369,0.12145991843784126
Seydouba Cissé,GUI,MT,23,2435,0.3658113239627361,0.1437983865516721,-0.21639098525615091,-0.16665125166443603,0.30790321274297094,-0.12073685791211124,0.02123950493670698
Valentin Rosier,FRA,DF,27,2595,0.5044906281413083,-0.23202266345722322,0.1731997131422842,0.05271135415708063,-0.29997701531431176,-0.23846191504561576,0.0468035525195013
Renato Tapia,PER,"MT,DF",29,2424,1.1615692070648325,0.0014001145827105532,-0.150282544197015,-0.0020223985261456625,0.18598713575204204,-0.046573029930399606,0.1282049044578664
Javi Hernández,ESP,DF,26,2389,0.3746812165457954,-0.22050670189225488,0.014149410733649278,0.1728331460313257,-0.05027539548673614,-0.048753737836258505,0.2770914952790263
Yvan Neyou,CMR,MT,27,2312,0.7859228995285391,-0.17505604906326946,-0.009923462295237512,-0.16531171145985893,0.138935457776212,-0.17062499619974303,0.053374576996251
Matija Nastasić,SRB,DF,31,2110,1.3866655044201768,0.15756831974638155,-0.0599525931353047,-0.1797570746113641,0.11351864496432738,0.0771927889351455,0.2150600915751435
Jorge Sáenz,ESP,DF,27,1690,1.1912358438374482,0.41418691382953776,-0.07269550865268913,0.0014162986784241347,0.10599463471785694,0.08722992867570588,-0.0020643287474465654
Miguel,ESP,AT,24,1724,-0.4129295306573145,0.6462040202864962,0.293233592871908,-0.32050995847209096,-0.910839725930088,-0.038066062990281264,-0.7273040199516179
Darko Brašanac,SRB,MT,32,1617,0.418870370940117,0.27924547308875136,0.030233277607555963,-0.4904403872473738,-0.5206074416007946,-0.265266278861723,-0.1385446709115375
Diego,ESP,AT,24,1195,0.026040046804066984,1.3138035910933454,-0.6884001885979305,0.39679385965272224,0.05662252826737989,0.17908468178393844,-0.03585617506808252
Óscar Rodríguez Arnaiz,ESP,"MT,AT",26,1330,-1.2623976795573617,-0.3664346153641088,0.9170997925963645,-1.0388245467991932,-0.727510869227703,-0.4386545621632013,-0.3404452607565196
Yan Diomandé,CIV,"MT,AT",17,545,-2.7454419960497196,-0.17134902619993933,0.23431641800788008,1.438233490013553,-0.3303114425235689,-1.0067400979285903,0.3957321149041564
Juan Soriano,ESP,GB,26,540,1.6516639112755565,0.4243680485095755,0.23223612720456122,0.11141469368574893,-0.30458991719305495,0.15426857271288638,0.11317125069911718
Sébastien Haller,CIV,AT,30,404,0.8971603725402856,0.18576300064762677,-0.000814364810731136,0.35980185842678836,-0.31881020384761305,0.42999147667736215,-0.1534955586997107
Roberto López,ESP,MT,24,396,-0.8151701415424666,-0.5548422466188954,1.0827448441954715,-1.3198120453582347,-0.42658906223983145,0.22721807219350784,-0.4294759515815604
Julián Chicco,ARG,"MT,DF",26,302,-0.8555521399314687,-0.4766062538620947,0.9407348696103078,-1.011554594739632,-0.6405652968888571,-1.4226675633997168,-0.8053500420867831
Aritz Arambarri,ESP,DF,26,177,1.5780603154411483,0.30911481265733226,0.0999456039779248,-0.0029415019136537672,-0.1571422019139526,0.12023091392178381,0.0531060914359289
Duk,CPV,"MT,AT",24,179,-1.3235664110441832,-1.7168431108269306,0.965020567694049,1.9105098517498518,-0.2520488146564644,1.3458849326415594,0.43402989627342903
Borna Barišić,CRO,DF,31,9,1.6516639112755565,0.4243680485095755,0.23223612720456122,0.11141469368574893,-0.30458991719305495,0.15426857271288638,0.11317125069911718
Álex Suárez,ESP,DF,31,2460,1.4624861969375258,0.1663794429788236,-0.004993277985461443,-0.023936362272269817,-0.011765258932320135,0.04250650329367814,-0.007910728793399019
Javier Muñoz,ESP,"MT,DF",29,2588,0.1283479303267068,-0.44721625531604714,0.30581927567976186,-0.3189758096929087,-0.20254132360922875,-0.0513809239394683,0.001965558053380515
Scott McKenna,SCO,DF,27,2466,1.2789287412645576,0.17350861702130227,0.14432144595222962,0.06844125318187227,0.023676777983932598,0.21424632336275265,-0.054397186373375345
Mika Mármol,ESP,DF,23,2399,0.6408013995992645,-0.5084359808397209,0.0628758379259514,-0.059155974529509804,0.059797054258934584,-0.00036753639870988473,-0.01987622229032815
Jasper Cillessen,NED,GB,35,2335,1.6516639112755565,0.4243680485095755,0.23223612720456122,0.11141469368574893,-0.30458991719305495,0.15426857271288638,0.11317125069911718
Dario Essugo,POR,MT,19,1938,1.038544847037747,-0.04149574650496245,-0.12740565144156105,0.004164106852589778,0.34466884665349884,-0.06115175609657368,0.11433917588994254
Viti,ESP,DF,26,1982,0.41828068428325815,-0.4354762359133208,0.541834863267991,0.18598475837090164,-0.4189664330070512,-0.29784871919240447,0.04208821312124789
Fábio Silva,POR,AT,22,1866,-1.9914148623888523,1.9816777340102758,-0.37324858833475816,-0.008717456372292738,-0.09388612444903555,-0.1499499854839324,0.3144714637399613
Kirian Rodríguez,ESP,MT,28,1758,-0.08845260470599689,-0.7282305078330025,0.18311459197361749,-0.8934002079038221,0.0780446619224913,-0.49931504917679254,-0.41744245325467033
Oliver McBurnie,SCO,AT,28,1837,-1.2841695230401684,0.7657962842359779,0.985284287008637,-1.2742984191157556,-1.0697623213541505,-0.20996916055728299,-0.3752257536847994
Álex Muñoz,ESP,DF,30,1415,0.47266125705686746,0.31023283362208254,-0.44423841702719247,0.19765121809033648,0.14623164997005403,-0.005452861891534306,0.6430412870726319
Juan Herzog,ESP,DF,21,1315,1.4206959490018458,0.3231376154289752,-0.06822573684601148,-0.07650935335391056,-0.014149252168055005,0.1199736326709882,-0.15253574831628205
José Campaña,ESP,MT,31,1189,-0.11904572687842577,-0.812981336422518,0.6044293818190758,-1.5210408772275248,-0.23645522836726832,-0.8131474879573002,-0.24484239724120535
Stefan Bajcetic,ESP,"MT,DF",19,969,0.9333310025629762,0.04898880761876977,-0.23385223872530178,-0.03265994143314675,0.34880390418098756,-0.06055734337953652,0.2731906544467177
Dinko Horkaš,CRO,GB,25,1085,1.6432896111547168,0.40121900027355173,0.21274958813886613,0.09207079207841525,-0.2817081675745907,0.14772167805243175,0.10953330553755353
Enzo Loiodice,FRA,MT,23,684,1.1804196585848388,-0.1596510322924174,-0.2086507852419034,-0.2035294784137479,0.31335459034722496,0.0649391489827432,-0.11079015130758531
Adnan Januzaj,BEL,"MT,AT",29,598,-2.0448146666133384,-0.5851669013077383,-0.1359324212806121,0.12136349502070251,0.08550146150712365,-0.45422434698317243,0.6832994258860193
Andy Pelmard,FRA,DF,24,205,1.0720989359341238,-0.5867190511987174,-0.5108172190679572,-0.3360362116716975,0.31559655772985706,0.02032941733122147,0.04042400707010452
Sergio Viera,ESP,MT,19,96,1.400954891677863,0.12636907279600518,-0.18821101808673404,-0.037992099271308,-0.2381063123173029,0.14897840588038813,0.034984994303404855
Daley Sinkgraven,NED,DF,29,91,0.6471487990721493,-0.6791368516141266,-0.44377444226013896,0.6887930563511678,-0.4210840749772572,-0.08475471204390836,0.16045181013401152
Fabio González,ESP,MT,27,53,0.8701201687103355,-0.6775434690333,-1.1186011841278773,-1.025942907891958,1.1869014887461389,-0.17467635333334558,-0.5634306260778252
Diego Martín,ESP,AT,20,40,0.16484524266909764,-0.8919325465266321,-1.1753844636050519,0.7922432631734868,-0.6286257722169176,-0.1555476223589285,-0.11102340580923235
Arturo Rodríguez,ESP,AT,17,21,0.35637447114359716,-0.6780748976836181,-0.049717667250240564,1.926585542983797,-0.7975236499051604,-0.5779969544954591,0.18583419170416493
Pejiño,ESP,AT,28,16,-0.7109279490752153,-1.3544506614829226,-1.0168090679153041,1.9097013519376271,-0.053605109550388115,-0.925205173689795,-0.5568086536253027
José Carlos González,ESP,DF,18,11,1.1650191258019698,0.033103696130622966,-0.5293509746829227,0.3766275151198612,-1.2056616344390054,0.400877347992835,0.28099506842377064
Valentín Pezzolesi,ESP,DF,17,6,1.6516639112755565,0.4243680485095755,0.23223612720456122,0.11141469368574893,-0.30458991719305495,0.15426857271288638,0.11317125069911718
Aboubacar Bassinga,CIV,MT,19,4,1.6516639112755565,0.4243680485095755,0.23223612720456122,0.11141469368574893,-0.30458991719305495,0.15426857271288638,0.11317125069911718
Karl Jakob Hein,EST,GB,22,2790,1.6516639112755565,0.4243680485095755,0.23223612720456122,0.11141469368574893,-0.30458991719305495,0.15426857271288638,0.11317125069911718
Luis Pérez,ESP,DF,29,2558,0.6805529086085705,-0.5516359799920753,-0.08210257789558412,0.3642672971815809,-0.06714012020726598,0.27054827756554645,0.11927406264318509
Raúl Moro,ESP,"MT,AT",21,2341,-2.062884951108945,-0.6575531288612064,0.9458199250147236,0.48729422208562434,-0.3531291062764064,-0.19544571406123207,0.04365805190277235
Javi Sánchez,ESP,DF,27,2026,1.2451931974979453,0.45925862836723336,-0.019135591506731123,-0.009454177483767359,0.04904963766889312,0.06422572787705284,0.3483991866892097
Lucas Oliveira Rosa,BRA,DF,24,1890,0.401495315683128,-0.38731768716241216,0.2986349463258283,0.19294755767838273,-0.2495183754858463,0.20233783022204072,-0.025172572915757002
Anuar,MAR,"MT,AT",29,1720,0.4640596037171707,0.232333364575358,-0.11412253045427272,0.4810168033732058,-0.06687337913272413,0.26594081447042023,0.2082845539529149
Mario Martín,ESP,MT,20,1748,0.5621565078402679,-0.15409835013418613,0.19257753594864566,-0.16853415665623322,0.10366691543343773,0.12098738285595385,-0.29007214466231446
Stanko Jurić,CRO,MT,27,1729,1.2599026628271393,0.016195047755947548,-0.09625071837487463,-0.12141242115821795,0.1434517001562188,0.1405547337534357,-0.08272584318840309
Selim Amallah,MAR,MT,27,1376,-0.4509280738143577,0.5901875783804127,-0.13589378889416692,-0.036894966155021455,0.4297938581498677,-0.17910935105273618,-0.10390252374793443
David Torres,ESP,DF,21,1387,1.3435369208987127,0.01800562798184561,-0.007647759685261374,0.1022604755277165,0.09460136395462031,-0.08740493092526483,-0.028192945177526307
Juanmi Latasa,ESP,AT,23,1398,0.13810133050992265,1.246027918872809,-0.4183514434763629,0.18196376978804304,0.11084418555376392,0.540188277273393,-0.12010761334565605
Kike Pérez,ESP,MT,27,1191,-0.008206381545366478,0.07085499736167011,-0.4309974983738942,0.1007784440408666,0.7368454335009842,0.17327862233398325,0.03777158015285891
Marcos André,BRA,AT,27,1188,-0.20086484611876476,0.6038239547616375,0.39179065097795207,-0.3592905872554459,-0.6346616073675835,-0.20904532829250405,-0.43382589475077915
Antonio Candela,ITA,DF,24,906,0.7569300699533963,-0.4303274477617565,0.21395317670755595,0.4776652128700237,-0.03897258582474698,0.2938915537364245,0.15787412782126473
Iván Sánchez,ESP,"MT,AT",31,1404,-1.0410530724893081,-1.078604941269893,0.35590912704291355,0.6952629227944421,0.35678883741340256,0.11537338982193154,0.47564529560087454
Adam Aznou,MAR,DF,18,876,0.8743795306800832,-0.3056405126931809,-0.04052794385446968,0.4849211484701546,-0.007140480422006052,-0.03835139330293345,-0.014298534096777685
Juma Bah,SLE,DF,18,864,1.510303180563301,0.31037725407461464,0.02496144554513517,-0.030443104803606028,-0.10773531684689652,0.12225178914942576,-0.0276815347823852
Tamás Nikitscher,HUN,"MT,DF",24,858,1.4784372088077207,0.19172464128881814,0.016129795802701623,0.05568952287017484,-0.16811121410974061,0.08018930533569345,0.05551537232450488
Chuky san jose,ESP,MT,20,728,-0.5653321862349125,1.0329272694537555,-0.232463642462467,0.25975036664554335,0.40339672349126504,0.9353831818175589,0.13236013684558617
Cenk Özkacar,TUR,DF,23,757,1.4957937034340323,0.16374854135215147,0.03854634216464515,-0.00701069696193871,-0.02640976443298872,0.03502444350810391,0.030576657232917717
Darwin Machís,VEN,"MT,AT",31,639,-0.3878116367711412,-0.4540177526799984,0.30478478823604144,0.15765184877560054,-0.7181893613519071,-0.41377646626408754,-0.4165216317992348
Florian Grillitsch,AUT,MT,28,623,0.6516410680900453,-0.7673701741411493,0.03102537831494853,-0.07834541660928787,0.6279377973035808,0.3067050882658226,0.034215515522216605
Joseph Aidoo,GHA,DF,28,583,1.4920054472031712,0.1244982897502111,-0.015879818051494014,-0.08099059619376928,0.016931629049047197,0.03939108022408988,0.02429774920939187
André Ferreira,POR,GB,28,540,1.6516639112755565,0.4243680485095755,0.23223612720456122,0.11141469368574893,-0.30458991719305495,0.15426857271288638,0.11317125069911718
Henrique,BRA,DF,30,352,1.2797445009299293,-0.12804327196393317,-0.13522990760462944,-0.03083918189596993,0.0812327162796146,0.01521234264322385,0.025769124798034716
Enzo Boyomo,CMR,DF,22,270,1.4282495162794822,0.09821445248922216,-0.027391209742493476,-0.0326420221148177,0.0666867876940787,-0.002671450911329781,-0.02154826743549586
Víctor Meseguer,ESP,MT,25,418,0.6776255669662902,-0.1523619835128536,-0.8664194367502395,-0.07488478105380501,-0.005577829772395088,0.16529407806058222,-0.46140257749048125
Ibrahim Alani,NGA,MT,18,160,1.2477807542907744,-0.15012453858556948,-0.027896276361978625,0.2094781436466281,0.146962064024653,-0.19371007602488374,-0.001807689716329391
Raúl Chasco,ESP,DF,20,130,1.2571425536900696,-0.0823133476490911,0.02154441103358276,0.15185319554477486,-0.06921107145042532,0.0806219981375918,0.09731271618656187
Arnau Rafús,ESP,GB,21,90,1.6516639112755565,0.4243680485095755,0.23223612720456122,0.11141469368574893,-0.30458991719305495,0.15426857271288638,0.11317125069911718
Iago Parente,ESP,DF,18,71,1.159436324228533,-0.4213359001620189,-0.3237084535978513,-0.45993228964083416,0.31224043486418396,0.24558944930181256,0.06387998403102321
Xavier Moreno,ESP,AT,19,45,0.5893658228543353,-0.6561071551927666,-0.6927605725504917,0.9197823452547758,-0.9195593813720273,-0.08553535707452693,0.22629397282959024
Jonathan Tah,GER,DF,28,2970,0.9842599231898698,-0.06722319021644937,-0.4316261552329663,-0.32386931701989224,0.5729344094725919,-0.13330447710173218,0.2267389333095345
Granit Xhaka,SUI,MT,31,2888,-0.8612962482303184,-1.3224437640038453,0.3179281027127402,-1.6914818422167046,0.38234892955590377,-0.569109121657041,-0.08497833530889264
Álex Grimaldo,ESP,DF,28,2636,-2.11207613208134,-1.3547606823936715,0.9857633437477811,-0.535384819880217,-0.5833461994969035,0.2500977167300731,0.019123899375950725
Lukáš Hrádecký,FIN,GB,34,2610,1.6516639112755565,0.4243680485095755,0.23223612720456122,0.11141469368574893,-0.30458991719305495,0.15426857271288638,0.11317125069911718
Edmond Tapsoba,BFA,DF,25,2507,0.8467365863038046,-0.640801324121399,-0.30335748654280636,0.12591688977798032,0.6797148367298499,-0.4034904855157831,-0.19043257750592113
Piero Hincapié,ECU,DF,22,2670,-0.17334655383646885,-0.44931336210549266,0.11891098061067325,-0.16348164625781159,0.3626314560607913,0.018838851612052315,-0.08317499050790747
Florian Wirtz,GER,"MT,AT",21,2351,-4.881779054870117,-0.4459500061167403,0.9307934432586144,-0.8909170190983431,-0.8296377353432387,-1.2791591869243468,-0.09698402268968496
Patrik Schick,CZE,AT,28,1684,-2.9666197232062825,4.7858310753874225,-2.2933162149302757,0.35474805723071223,1.2539471796315886,-0.07357691574405612,1.8313296746739625
Robert Andrich,GER,"MT,DF",29,1598,0.40642668918580543,0.23717683393768774,0.06795869186365143,-0.6833142267891901,-0.07032775643730375,-0.4595860742188154,0.08968805116413904
Aleix García,ESP,MT,27,1455,-1.9632802034762276,-0.9388977528141375,1.165966202902907,-1.4999621885369798,0.305266433194026,0.2650054448176011,0.45787751889099026
Nathan Tella,NGA,"MT,AT",25,1359,-1.568640129359063,0.07817513054278309,0.5702834928734309,-0.18984292146254994,-1.3592484411421397,-0.7006820854728489,-0.25710927481204593
Victor Boniface,NGA,AT,23,1008,-3.1164690299815314,3.1296501081342774,-1.1236817210739996,0.5296992618155676,0.8400509771638947,-0.18419317715317654,0.12253386050212396
Exequiel Palacios,ARG,MT,25,1155,-2.1689817191793934,-0.8181304160703253,1.482920663722118,-2.6949706542660485,-0.8939686389691394,-1.2105077463791638,-0.5044980234335862
Nordi Mukiele,FRA,DF,26,899,-0.0027501396313570764,-0.08035488140412947,-0.09950827477997688,0.48697711720876513,0.4684167881077576,0.27405884968691074,-0.0227039298381798
Arthur,BRA,DF,21,752,0.13413144791409645,-0.6481781586133427,0.11463764517260418,-0.01383850596435017,-0.8119702795112737,-0.4492304005603546,0.006378227483245217
Martin Terrier,FRA,"MT,AT",27,584,-1.7913340579303398,1.1767220859316887,0.0050826011230349815,-0.09221515753082773,-0.13830726251475853,0.06463439354202065,-0.1757610652301359
Amine Adli,MAR,"MT,AT",24,766,-1.5377389183110435,0.10036428726892377,-1.0014395971533459,1.7710494898376883,-0.10763776618113279,-0.08571206152259726,-0.09149787414212272
Matej Kovar,CZE,GB,24,450,1.6516639112755565,0.4243680485095755,0.23223612720456122,0.11141469368574893,-0.30458991719305495,0.15426857271288638,0.11317125069911718
Jonas Hofmann,GER,"MT,DF",32,356,-2.565981519690866,1.0127099958195729,-0.008115302831644385,-0.476830600074844,-0.34402672189993355,-0.9833103279631706,0.9181143749704418
Mario Hermoso,ESP,DF,29,293,0.6878614307596859,-0.3994162615190294,-0.4059860586620818,-0.3400683005446568,0.670563666833589,0.24446009480352124,-0.3789978988702943
Emi Buendía,ARG,MT,27,257,-2.6947881232191833,1.40575329612564,-0.9772664753024146,-0.10017788346167054,1.08486179239239,1.594114157709745,1.869432857302295
Arthur Theate,BEL,DF,24,2704,0.7130201545440968,-0.5219301665976808,-0.2948202498292401,0.08848359126364648,0.6678868935205011,-0.19226984270000952,-0.31050419525608663
Hugo Ekitike,FRA,AT,22,2563,-4.452289059818319,2.2768955613034585,0.2102429699502473,-0.019293240625970095,-0.06254192498046464,-0.09309578729265415,-0.824691478245824
Robin Koch,GER,DF,28,2586,1.0239408882164922,0.3325721215882602,-0.26364883596170224,-0.14842021913470285,0.3474491082352199,-0.01981110677628064,0.19271504515000087
Rasmus Kristensen,DEN,DF,27,2513,-0.8239431135763353,-0.49316761379346064,-0.253894330434615,-0.3769579440600669,0.11990779233042387,-0.20293695896351469,0.36734308190894577
Hugo Larsson,SWE,MT,20,2393,0.2425222324707251,0.09812406043540836,-0.14285545509607467,-0.37915905479075934,0.43555000873110267,0.19307733661964308,0.010995821252145653
Kevin Trapp,GER,GB,34,2295,1.6496843653864255,0.4188959968023673,0.22762983202236534,0.10684211563695657,-0.29918105045317833,0.1527209952168966,0.11231130069905257
Ellyes Skhiri,TUN,MT,29,2231,0.46447341378862084,-0.1825358514319524,0.1430667201242836,-0.5213786387779661,0.09637106288009963,-0.1007095665801542,-0.08163781606916873
Ansgar Knauff,GER,"MT,DF",22,1597,-2.9702866062919258,-0.11283000983489443,1.069994427073009,-0.4326012828025589,-0.6377381155482188,0.19427987322849855,-0.0958093486348459
Mario Götze,GER,"MT,AT",32,1542,-1.2353643354442108,-0.242622139824009,0.08048099016045478,-0.36617185678234127,0.10431434783183913,0.31088219059764755,0.13912177919437727
Omar Marmoush,EGY,AT,25,1448,-6.909357309311984,2.1179188112244685,1.7271085415017506,-1.36781673587008,-0.30291720311168796,-1.135682743277485,1.2463150408049317
Nnamdi Collins,GER,DF,20,1489,0.2500291523581817,-0.34389198798778325,0.10917299239227782,0.07334469877327073,0.09445193879926393,-0.23562535334896692,0.06370024755088712
Fares Chaïbi,ALG,"MT,AT",21,1013,-2.126609090685529,-0.48398020851318885,0.9791065888075101,-1.008045152616374,-0.6088546554377592,0.30036862534545383,-0.48158139911933784
Jean Mattéo Bahoya,FRA,"MT,AT",19,921,-2.143933844075439,-0.09363109979501384,0.7002428704418805,-0.5962683106534403,-1.1952647700720076,-0.4510697821882502,0.0965469652899491
Kauã Santos,BRA,GB,21,765,1.6457252736081638,0.40795189338795085,0.21841724165797355,0.09769695953937178,-0.2883633169734251,0.14962584022491693,0.11059140069892334
Oscar Højlund,DEN,MT,19,722,-0.1716626233368934,-0.4244060060583672,-0.09973790809161638,0.15421473329001115,1.0658164868809579,0.25966439855174733,0.06210234182401183
Can Uzun,TUR,"MT,AT",18,675,-2.459119919379307,1.3485417203233494,-0.7729206494022787,-0.49383116483059625,0.6407870208739527,-0.009436291703614971,0.5413630457751767
Mahmoud Dahoud,GER,MT,28,364,-1.2634373921622921,0.39356075319205447,0.8809264889760865,-1.5995062206251,-0.1743387470084723,-0.08575121258897574,0.38516834338637973
Michy Batshuayi,BEL,AT,30,300,-1.7673568488580613,3.15831141354918,-1.7084118621523787,0.27297843128661253,1.073945095932739,-0.43227482464993366,2.135985588174032
Junior Dina Ebimbe,FRA,"MT,AT",23,293,-2.1474174914169804,-0.24615336981154678,1.5429352384070492,-0.7935189716989748,-1.5548471102494867,0.6612813566724093,-0.8215744837021426
Igor Matanovic,CRO,AT,21,312,-0.29451274186439125,1.489732974587635,-1.0942508330535667,0.37214546482261723,0.021353039777232328,0.1559846768871178,0.01766049139171237
Aurele Amenda,SUI,DF,21,96,0.4043449580778372,-0.47963253454230115,0.9439136079001363,0.13744564167395132,0.27770410562344916,1.3477870919504058,0.2751207263038539
Timothy Chandler,USA,DF,34,24,-0.4956876291351262,-2.4687233525955374,-2.0340258833993645,0.6310426120554965,-0.010220694789498748,-0.7043670137498771,0.08389166739093122
Maximilian Eggestein,GER,MT,27,2845,0.6826219756402379,-0.20496786006293233,-0.22464826529491294,0.006384882416968166,0.4738108438033935,0.0749947168353551,0.05804712394619219
Philipp Lienhart,AUT,DF,28,2770,0.9534991632298135,-0.34878752162832094,-0.1272705774799758,0.10293011779902533,0.5141852357581556,-0.22891650172314748,0.04070095858590098
Matthias Ginter,GER,DF,30,2561,0.7273913518027394,0.19866175398404207,-0.20710854800943554,-0.37964257853064265,0.25546686335232377,-0.11556512920598018,-0.11247890891163087
Christian Günter,GER,DF,31,2314,0.19507536344679094,-0.0798162501430523,0.2712240140754886,-0.18372792349434658,-0.4624570067790063,0.2730104308685891,0.32855047145206107
Patrick Osterhage,GER,MT,24,2267,0.7109873086480084,-0.060919285485243904,-0.06326318647101535,0.19808129747374675,0.17332227014500495,0.2524115129445223,0.004108961421033237
Noah Atubolu,GER,GB,22,2307,1.6477254129525782,0.41348087151083873,0.22307145668601805,0.10231710667059636,-0.29382845280812486,0.15118951735675581,0.11146029686283779
Lukas Kübler,GER,DF,31,1842,-0.08674749544283554,0.5168724164249359,-0.3600902101232382,-0.10118250234680554,0.34695495624168904,-0.26688317531043093,0.437611234150335
Junior Adamu,AUT,AT,23,1545,-0.7885049697418747,0.9037717466362635,0.21789945996823523,-0.22925144464515265,-0.5702217397532318,0.6285268263821446,-0.5772285132774642
Max Rosenfelder,GER,DF,21,1249,0.7267927196535956,-0.03209478971935963,0.16076184693620682,0.5027548672965231,0.20713413704010789,-0.008655398885145342,0.24487544455883603
Eren Dinkçi,GER,"MT,AT",22,1196,-1.0124998229698199,-0.6908701904160472,1.1275837799218833,-0.34577867369619286,-0.8852045658295785,-0.29345043280381883,-0.33296962374286954
Merlin Röhl,GER,"MT,AT",22,965,-0.2838177928295065,-0.5627226983248924,0.5830478971763653,0.2106038408858287,-0.5189359011682463,0.47558865712642917,-0.0773660721527183
Kiliann Sildillia,FRA,DF,22,801,0.14594817532870172,0.19332033848308042,-0.37188478607583914,0.2401084201058227,0.27735193045269163,0.15709669353382757,0.7845224959998843
Florian Müller,GER,GB,26,753,1.6516639112755565,0.4243680485095755,0.23223612720456122,0.11141469368574893,-0.30458991719305495,0.15426857271288638,0.11317125069911718
Nicolas Höfler,GER,MT,34,794,1.3319815606635796,-0.024153205124738973,-0.18430885653047574,-0.2260468670573534,0.17473165981502825,0.08570857857983571,-0.0614709730703194
Jordy Makengo,FRA,DF,22,745,0.9887744638876012,-0.26455421839316534,-0.12508778124155948,0.411272012687393,-0.36306770015069284,0.1487959468211049,0.16091531485364358
Michael Gregoritsch,AUT,AT,30,639,-0.9239887042033681,0.9838262772724087,-0.2841604370022485,-0.42399465609243386,-0.3278376367694608,-0.2879002194455802,0.14451917039337556
Noah Weißhaupt,GER,AT,22,80,-1.119039347242319,-2.3766003379929628,-0.5886117387704973,2.9385220447688982,0.37055401280135736,-1.8228458725456946,-0.20953392135638313
Ifechukwu Ogbus,SUI,DF,18,19,1.6516639112755565,0.4243680485095755,0.23223612720456122,0.11141469368574893,-0.30458991719305495,0.15426857271288638,0.11317125069911718
Maximilian Philipp,GER,"MT,AT",30,17,1.161732508480385,1.0106487320420752,-0.0502249459388338,0.20427291799637423,-0.14654449400613803,0.2883461558343498,-0.7176534903423007
Kaishu Sano,JPN,MT,23,3043,0.8183776512822283,-0.547809546724945,-0.1389735686031256,0.1609196918985008,0.43780223185182093,-0.08113749102043102,-0.07717170737390633
Anthony Caci,FRA,DF,27,2684,-1.242513270151657,-0.7831811690738472,1.0114559634107374,-0.9495749258854708,-0.5768105508104866,0.21479298476520384,-0.22668033376736352
Robin Zentner,GER,GB,29,2880,1.6082877607967703,0.3962538752302859,0.264300416991561,0.09882182923721648,-0.2816971864823551,0.21510439968048675,0.12077464578153979
Phillipp Mwene,AUT,DF,30,2607,-0.19769588925483592,-0.5824637323529965,0.27933702882583117,-0.11331989935293335,-0.5151655750557206,-0.5559509583195874,-0.08700451823145683
Lee Jae-sung,KOR,MT,31,2650,-1.455183726653079,0.3011678084354587,0.370561980582849,-0.8571504378417644,-0.43556568315569083,0.09297115597395796,0.2842282890663765
Nadiem Amiri,GER,MT,27,2473,-1.8834422053522029,-0.27397941342938714,0.4894116077229666,-1.0306809070980378,0.7550878223024569,0.17554924614093384,0.15715210288232873
Jonathan Burkardt,GER,AT,24,2109,-3.1023144316193862,3.181867170401812,-1.1783327902836795,0.20085931958637168,0.6362740340118898,0.18527259748666222,0.6919450118130092
Paul Nebel,GER,MT,21,2345,-2.0799213039301807,0.4332982930715601,-0.11428819309430545,0.0723699793378446,-0.18856403003270605,-0.1253368788554652,0.718797562198163
Danny da Costa,GER,DF,31,2006,0.8937425967391432,-0.5192106165678261,-0.04796400755724601,-0.3077394401286829,0.24495351668604154,-0.21049426887278488,-0.011647450803587287
Moritz Jenz,GER,DF,25,1600,1.2572174989621074,0.25875576348224766,-0.16338338077676035,-0.13851892057394188,0.1263148865127417,0.16017431783994307,-0.2736042343892675
Stefan Bell,GER,DF,32,1436,0.8297128493110475,0.007575763160763573,0.3876114611207779,-0.29147482333389213,-0.07364102213155176,0.10363840225562553,-0.14278093364098599
Andreas Hanche-Olsen,NOR,DF,27,1284,0.8351186496408302,0.3609097286623942,0.13667297375859053,-0.4588556116332355,-0.11356246257083896,-0.15695349255000943,0.04343379036672858
Maxim Leitsch,GER,DF,26,674,0.5763109764676123,0.5681133409940402,-0.3786102894704359,-0.03810132882510074,0.46608193187330543,0.10519118404493602,-0.05184522060703786
Hong Hyunseok,KOR,MT,25,530,-1.0293203755094886,-0.9335452517562582,1.0267867174015701,-0.5257696076271824,-0.42513449041616763,0.6595795027618596,-0.16193946055061764
Silvan Widmer,SUI,DF,31,504,-0.16694083295940926,-0.5346203291234228,0.10980147170857295,-0.8921741791670871,-0.9587473300176768,-0.23963651681955697,-0.21101475396174646
Lasse Rieß,GER,GB,23,180,1.6516639112755565,0.4243680485095755,0.23223612720456122,0.11141469368574893,-0.30458991719305495,0.15426857271288638,0.11317125069911718
Karim Onisiwo,AUT,"MT,AT",32,110,-0.10719687368167273,-0.384575665197195,0.7083719491721807,0.4991563825486435,-0.5108817488097416,1.9081658276055478,0.24344538227108586
Aymen Barkok,MAR,MT,26,73,-0.23516076164576472,-1.5176735761957039,-0.213680270903606,0.426724621997233,0.23310784750140387,0.6401578452033156,0.22293428209144206
Lennard Maloney,USA,MT,24,26,1.0172449511850858,-0.1349968021719672,0.6489240717420154,1.3531033769053085,0.05971659790143328,-0.6458456244999646,0.029855780359256647
Gabriel Vidovic,CRO,MT,20,4,-3.6304266873307633,1.390361381939084,-5.458672276711927,2.063922131770783,-4.41997006600627,2.2236658015349313,-3.3822747837173748
Péter Gulácsi,HUN,GB,34,2631,1.6516639112755565,0.4243680485095755,0.23223612720456122,0.11141469368574893,-0.30458991719305495,0.15426857271288638,0.11317125069911718
Willi Orban,HUN,DF,31,2222,0.33748339997261806,0.6136335816223183,-0.4825477144655742,-0.15310319514590653,0.74909375505517,0.04885784941253625,0.18834004473335741
Xavi Simons,NED,MT,21,2150,-3.2083874818334848,-0.1438043573751574,0.5397992548757508,-0.4436781072143959,0.10687247970059666,-0.3051895751562935,0.8010204987461533
David Raum,GER,DF,26,1783,-1.721671444918865,-1.1465639415203852,1.6220054230012075,-0.8917810108152212,-0.7633291437815354,0.7628510852800521,0.2664142644848526
Nicolas Seiwald,AUT,"MT,DF",23,2084,0.7908133420257987,-0.7283726206884447,-0.20775301515261776,-0.32643403780797386,0.5852654171025337,0.29753640565219175,0.0235197436793611
Lukas Klostermann,GER,DF,28,1838,1.0300273962817132,-0.1580144905496852,-0.30702679707802705,-0.046698096017689275,0.29215877717178995,-0.1123533697293003,0.15115881548080612
Christoph Baumgartner,AUT,MT,24,1610,-0.5169402393637649,0.25216977795128087,-0.28766022748374614,0.4226747692598987,-0.07730391092729304,-0.031486386267492596,-0.42695883780373506
Kevin Kampl,SVN,MT,33,1593,0.45637716757312263,-0.5453908714681349,-0.3073104107753174,-0.13561554744604154,0.6756314313695038,0.1882698549278137,0.09703218676609757
Castello Lukeba,FRA,DF,21,1577,1.0700906159161352,-0.40757418249660243,-0.2888415091690961,-0.0067655068597626345,0.31732365258282913,-0.14829776158469496,-0.05130381987805392
Arthur Vermeeren,BEL,MT,19,1572,0.5311910154030495,-0.4285173742376853,0.3004523419670661,-0.6542667890320285,-0.08771436011514631,-0.3193049593258222,-0.12565858720236892
Lutsharel Geertruida,NED,DF,24,1557,0.5311020884701103,-0.4063825920855322,-0.33830980454033416,-0.03436782692648393,0.5552764858741096,0.09035349835821933,0.05732983718977815
Antonio Nusa,NOR,"MT,DF",19,1558,-1.4280180763573402,-0.48200321682933395,0.6109983961876798,0.2301620934947502,-0.4836922383073276,-0.31416676166108537,0.3724809641863653
Amadou Haidara,MLI,MT,26,1320,0.5231201948213133,-0.23216816894692632,0.0080016976989411,-0.5301600728385543,0.0500718577988874,0.049146650625270544,-0.3215984657386679
El Chadaille Bitshiabu,FRA,DF,19,1130,1.1411894881917388,-0.40644971317063977,-0.29721591502102546,-0.41740499507326784,0.5265642703740507,0.07065355596660658,-0.060348013909754805
Benjamin Henrichs,GER,DF,27,935,-0.3926738993438056,-0.513494631403817,0.7370326657726648,-0.7490519137803531,-0.9273202877441696,0.0952842636692096,-0.12332525475366005
Kosta Nedeljković,SRB,DF,18,479,0.45227866456622057,-0.3984632673733352,-0.2854441384957817,0.6107715908442763,-0.11488850522753531,0.12560080327167633,-0.18893106592633038
Maarten Vandevoordt,BEL,GB,22,429,1.609304397843804,0.3072737951944903,0.13366785267645329,0.013567918655646254,-0.1888477338082827,0.12115257874275454,0.09476952342500733
Xaver Schlager,AUT,MT,26,181,-0.4882974621321471,-1.040052701667514,1.429189068123078,0.5145778443837071,0.7801202799611869,1.7257029305592364,0.20910080068816347
Tidiam Gomis,FRA,"MT,AT",17,152,-4.365332622574259,-1.4177743597548373,3.8614315321730515,-1.9875271393729714,-2.102128094208702,0.661358943910158,-0.5204531538646888
Mohamed Simakan,FRA,DF,24,54,-2.1003367778773074,-3.2224289562592396,0.6558497894123082,0.5166777439289941,1.7530899451257504,1.6509890598164962,0.2865381485432134
Assan Ouedraogo,GER,MT,18,50,0.44191762946439395,-0.2875545428405763,-0.022166220741468318,1.3560123453808426,0.005106997870789551,-0.5733373467705026,-0.35451843417916473
Elif Elmas,MKD,MT,24,44,-0.3570337546983935,1.5233399259215568,-1.5278175402472363,0.06247606257395328,0.3119891692340154,0.5427429814985785,-2.5361585278498078
Viggo Gebel,GER,MT,16,14,0.5045726312306736,-0.4978979249550983,-1.5629334701016508,0.7365592013518707,-2.4285446792727954,0.7355606858727652,0.508755963907229
Faik Sakar,GER,MT,16,1,1.6516639112755565,0.4243680485095755,0.23223612720456122,0.11141469368574893,-0.30458991719305495,0.15426857271288638,0.11317125069911718
Michael Zetterer,GER,GB,29,3060,1.6472099330250118,0.412055932168357,0.22187196304462045,0.10112639307596606,-0.2924199670283325,0.1507865233469093,0.11123636319897182
Romano Schmid,AUT,MT,24,2834,-1.7907363092935602,-1.2501077028622691,-0.04776325468787586,-0.23351938442316192,0.652848240955596,-0.12625555870520386,0.07857190292861009
Senne Lynen,BEL,MT,25,2733,1.1024501856757167,-0.020634780066589847,-0.02660702242140984,-0.24776669595911593,-0.02301557169179609,0.016036637378838207,-0.10542719670576155
Marvin Ducksch,GER,AT,30,2418,-3.01494640949625,0.74043205726648,0.9813135381106436,-1.298839615461555,-0.5211839331204846,0.6479979755024151,-0.20752524845060483
Jens Stage,DEN,MT,27,2204,-1.8337214496793754,1.1296016895124985,-0.015972233529601594,-0.8912440603174029,0.12518276335950795,-0.41983526968935503,0.39777854148470393
Marco Friedl,AUT,DF,26,2161,1.3888360425281983,0.028377504954775118,-0.07540251440632455,-0.15941362892937985,0.13335014295459413,0.07910455621441764,-0.019555607626027528
Niklas Stark,GER,DF,29,2106,1.1851025579812287,0.12986354235428274,0.03536121562972305,-0.26794518342044804,-0.04409362265464686,-0.15875545114630382,-0.18039538310180547
Felix Agu,NGA,DF,24,1751,0.05312505790129609,0.010709182131793418,-0.21501007100042796,0.5898898738298255,-0.04095248859054409,0.3330150506227092,0.510219288495425
Anthony Jung,GER,DF,32,1898,1.171302261765277,-0.5431001118932715,-0.354029498814926,-0.20818483201002447,0.5552540785081763,-0.28279029774607034,-0.02963775239616329
Amos Pieper,GER,DF,26,1498,1.104095130093565,-0.2084427356480851,-0.023418255731842974,-0.08857075883699186,0.3375250574142155,0.13143564496223117,-0.05812067782736782
Miloš Veljković,SRB,DF,28,1029,0.7050742326062657,-0.3864513972139896,-0.024039290083701412,-0.6941560685631911,0.2252240364471233,-0.5402583643262221,-0.29944569600826365
Leonardo Bittencourt,GER,MT,30,982,-0.8303093942458171,-0.22392650279054738,-0.04974444878702932,-0.33745285529573765,0.49078755386767486,0.07176336025867133,0.14964711372764783
Oliver Burke,SCO,AT,27,908,-2.062738527503097,1.5933924177775363,-0.8624435199032263,0.9892290189451134,0.35957870733421554,0.7903965987885299,0.6752868756150394
Julián Malatini,ARG,DF,23,454,-0.6443674948880981,-0.03959918762906167,0.6476203205838698,-0.9289734360175924,0.06562999884830098,-0.8002662939824683,0.41415831644833995
André Silva,POR,AT,28,375,-1.4153649985534327,1.6769954320064364,-1.1899950594965056,0.7335016761203494,0.3252198790278426,0.6895958457934865,-1.202164770670333
Skelly Alvero,FRA,MT,22,236,1.4054987279610016,-0.036314844181434235,-0.09305086412421053,-0.10329933900479864,0.1635209264273458,-0.04818144912249401,-0.0006735281811355333
Olivier Deman,BEL,DF,24,67,0.20483607110825017,-1.1146524158047741,0.3905514379496299,0.4125645638513056,0.7853990030758533,0.3112653914392737,0.0928447825454757
Alexander Nübel,GER,GB,27,3060,1.4921812262487482,0.40230138907451857,0.3874901639954131,-0.046128678946963764,-0.40899176935928705,0.08733028690411815,0.09059217015845156
Angelo Stiller,GER,MT,23,2741,-1.3967599253622451,-1.4607359973316931,0.9027578523481324,-1.8894478450512338,0.28579499205733955,-0.044247356685186784,-0.2520939128359695
Maximilian Mittelstädt,GER,DF,27,2469,-1.307587193968262,-1.299021384715514,0.7933700897312848,-1.0729611735556075,-0.4860283201675739,-0.5251689999377781,-0.0558828486562659
Julian Chabot,GER,DF,26,2269,0.6853457655803747,0.2750366114090865,-0.24880648690184998,-0.48507682596707374,0.3781567557607612,-0.16489820625272622,0.13775795085684134
Chris Führich,GER,"MT,AT",26,1981,-1.79342921957755,-1.2004405659017918,0.44556363206069044,1.000316772709127,-0.2751558425492159,-0.45922351200853645,-0.06798677126119702
Enzo Millot,FRA,"MT,AT",22,1843,-2.4236227125865213,0.4617554682194609,-0.00042862396782874964,-0.792391172651364,-0.0359160658069914,-0.48188289753041136,-0.3756411929212924
Jamie Leweling,GER,"MT,AT",23,1663,-1.268489887409909,-0.7657908215390592,0.4766602254859367,0.48789419175895116,-0.5223875554245471,0.43959113280617895,0.3437968815255325
Ermedin Demirović,BIH,AT,26,1855,-2.6724815689600514,3.469922667055723,-1.4357555839847969,0.3136464261651272,0.7703047846352565,0.24245238215049408,0.31525820087322187
Anthony Rouault,FRA,DF,23,1212,1.0305304160605855,0.06079595005889585,-0.23986097445596594,-0.1766326706307621,0.39088201286546403,0.004225124359684583,0.15172607087694287
Leonidas Stergiou,SUI,DF,22,852,-0.6996158927350102,-0.11513833842613258,0.5242190064474045,-0.936115433958725,-0.45165851358833126,-0.47244575335589223,-0.0722452569340519
Ramon Hendriks,NED,DF,23,1154,0.5646591072290638,-0.20594989238717148,0.3906642247680194,-0.36806211977162867,-0.21419128115987532,0.13445890064283117,-0.09162875353608721
Finn Jeltsch,GER,DF,18,780,1.2051225410677076,-0.24424328837225887,-0.10392957933649412,0.04307621158178709,0.24382866745854503,-0.11346634300176192,-0.004440660388479841
Fabian Rieder,SUI,"MT,AT",22,867,-1.9181953422852942,-0.5495425970369878,1.1714432637649428,-1.043322985063143,-0.9347873034259542,-0.2995894028076993,-0.1868993060039585
Anrie Chase,JPN,DF,20,734,1.2843983142427857,-0.13201051293327704,-0.1309791076238686,-0.008611972122222894,0.23373154784249137,-0.13168935664105436,-0.05032213550151525
Ameen Al-Dakhil,BEL,DF,22,432,1.3041306321555253,-0.009063966454257714,0.10844640169215568,-0.12235633793817026,0.12642447279742897,0.2667590362187508,0.05146608180747722
Pascal Stenzel,GER,DF,28,290,0.14811705840840977,-0.4962363877867813,-0.051187864703475035,0.012799701575579862,0.04200128681052636,1.1505824302692065,-0.10667259814942925
Jacob Bruun Larsen,DEN,"MT,AT",25,414,-1.701126238558173,-0.8039063171102795,0.10569567194314887,1.2624074299575,0.5082339047305025,0.9153942057995786,0.6730980066329596
Yannik Keitel,GER,MT,24,270,0.8438389560733515,0.21747159321015772,-0.40298327045510435,0.026103181831634237,0.3047531126048424,0.05861720109826679,-0.6335599736193046
Luca Jaquez,SUI,DF,21,253,0.8242995059438766,-0.5433397132626884,-0.40848735072364317,0.03658973818972911,0.8232373986954141,-0.46079124685168127,-0.372170337532746
Frans Krätzig,GER,DF,21,56,1.2982299664268102,-0.17785575664083064,-0.4445105000776495,-0.15918264867865392,-0.21524847868193459,0.12430450752655747,0.10861684872850673
Nikolas Nartey,DEN,MT,24,22,1.6516639112755565,0.4243680485095755,0.23223612720456122,0.11141469368574893,-0.30458991719305495,0.15426857271288638,0.11317125069911718
Jarzinho Malanga,GER,DF,18,2,-3.7014287289338963,-3.879539827658902,-8.145221993557762,3.0287557294609835,-10.21637880689851,2.8669651007923207,1.9592332456703054
Julian Weigl,GER,MT,28,2881,0.9758538285678491,-0.18663529106142437,0.1240032681757831,-0.512544423579669,0.04610875035128798,-0.12547214753145897,-0.08462061306649725
Ko Itakura,JPN,DF,27,2790,0.9369084073508859,0.3378554524216384,-0.003711811435733724,0.10911290261778643,0.2720746240438901,0.04216211907705722,0.2607286825889552
Tim Kleindienst,GER,AT,28,2737,-2.9201193994451216,1.9250581617479987,0.27676969691521625,-0.6305532068161663,0.0028866560758988905,0.002501951960420686,0.3440203801219119
Joe Scally,USA,DF,21,2578,0.8726886078720281,-0.3663532189860665,0.09248051372944553,0.546882480861379,0.012878366330266814,-0.027115727639617355,0.06496088776322488
Nico Elvedi,SUI,DF,27,2135,0.8377636828803687,0.26266752066005633,0.11836720206725111,-0.0330048788005254,0.06792105883116639,-0.1491554080352171,-0.16851805290060645
Lukas Ullrich,GER,DF,20,1903,0.16887261110986207,-0.16815064795961546,0.47893880903105507,0.03385901308571755,-0.3992271750309451,0.00817682545947459,0.1277689947864229
Alassane Pléa,FRA,"MT,AT",31,1902,-2.771659669268664,1.0126878021538057,-0.402301136973252,-0.4432021842308035,0.36476529646271705,-0.48675047331460997,0.6232331855967584
Rocco Reitz,GER,MT,22,1830,0.17179764509963918,-0.12230930488385193,0.05738014842035894,-0.33739340788846245,0.37637870441779997,0.2042007754606098,0.1318383107705845
Moritz Nicolas,GER,GB,26,1639,1.6516639112755565,0.4243680485095755,0.23223612720456122,0.11141469368574893,-0.30458991719305495,0.15426857271288638,0.11317125069911718
Franck Honorat,FRA,AT,27,1439,-3.935896855029206,-0.21742941642017885,2.037008985665446,-0.8899955082352184,-1.0977185394346407,-0.4794197074984981,-0.17631300049093904
Kevin Stöger,AUT,MT,30,1551,-2.250832200278986,-0.7538724290984392,0.594578670151005,-0.6631312162230076,0.45104076407080324,0.7326286575093326,-0.0812324422787089
Philipp Sander,GER,MT,26,1400,0.6836315560845028,-0.06762449904058324,-0.27732762918791043,0.09200755444875686,0.32327267265696014,0.0756519733871459,-0.0004593980657592637
Jonas Omlin,SUI,GB,30,978,1.6516639112755565,0.4243680485095755,0.23223612720456122,0.11141469368574893,-0.30458991719305495,0.15426857271288638,0.11317125069911718
Marvin Friedrich,GER,DF,28,989,0.5984047314605345,-0.22535706330325442,0.47513976186023743,-0.3743142046678655,-0.019107538562953146,-0.18469388401189815,-0.16903598154898006
Nathan N'Goumou,CMR,AT,24,828,-1.5236744210708923,0.07314782204509586,0.053947071726821255,0.7872390213179017,-0.5433518927113433,-0.030678630276056884,0.26090450763844075
Luca Netz,GER,DF,21,969,-0.5796559695582414,-0.7356533515233864,1.0474819793210033,-0.5443933050151321,-0.8324186007367413,0.18888827228226016,0.011322188998418576
Tomáš Čvančara,CZE,AT,23,831,-0.9037668456548154,1.0625313301704076,-0.7274155771910322,0.6567199978827137,0.3381821921954591,0.5549413489353977,-0.5078958121658784
Stefan Lainer,AUT,DF,31,757,-0.11091544380985191,-0.4467972848614664,0.1848931832500037,0.8843753158982381,0.3559182214503606,0.15501156769569022,0.45850085393923196
Tiago Cardoso,LUX,GB,18,380,1.6516639112755565,0.4243680485095755,0.23223612720456122,0.11141469368574893,-0.30458991719305495,0.15426857271288638,0.11317125069911718
Fabio Chiarodia,ITA,DF,19,379,0.3764903394694816,0.6997600476964084,0.01719447916598241,-0.1424870713610982,0.5282532809299462,0.501271671459701,0.7804017157322563
Florian Neuhaus,GER,MT,27,382,-0.8009884115118362,-0.7375639282309641,0.6554893654990444,-0.9253433415798658,-0.12146647289060117,-1.0347212661656537,-0.753708172886876
Shiō Fukuda,JPN,AT,20,60,-3.511469298528696,5.881206079089686,-2.739713695463891,0.06682598190428031,1.8328121552526648,-0.5433843760204472,3.3101378908691417
Tobias Sippel,GER,GB,36,59,1.6516639112755565,0.4243680485095755,0.23223612720456122,0.11141469368574893,-0.30458991719305495,0.15426857271288638,0.11317125069911718
Grant Ranos,ARM,AT,21,20,0.064457108359227,-1.3611149783954226,-0.5923877291299596,1.4926407543497737,-0.20150287813992462,-0.7921947485207088,0.09078807624700329
Noah Pesch,CRO,AT,19,6,0.002305501981407071,-2.386009708858987,-2.9259148001124227,-1.1513729040147977,0.11233679585884013,0.014436268510017992,0.09191737483626843
Kamil Grabara,POL,GB,25,2585,1.6481489729269643,0.41465171685151525,0.22405705761605865,0.10329549320452765,-0.29498577857176533,0.15152064980898186,0.11164429886147828
Mohamed Amoura,ALG,AT,24,2467,-2.9688622739737416,0.738914135127964,0.5823807569471918,-0.48824392618316176,-1.0582373512655312,-0.9172289665525117,0.09703099891213712
Kilian Fischer,GER,DF,23,2297,0.6678190814209256,-0.568193910893493,-0.33322345974816336,0.4245796771058272,0.20410083368867474,-0.2711029343484682,0.17140128619253883
Konstantinos Koulierakis,GRE,DF,20,2468,0.8032296215157101,-0.2405043060117529,0.23681920833569917,-0.42350320845279227,0.0648648329221433,-0.1875881162963564,-0.13258697258657187
Denis Vavro,SVK,DF,28,2461,1.0986574080452742,0.183531461957926,-0.24749881473443144,-0.17405354694644515,0.3438122172560053,-0.017884668685811473,0.11163560877084963
Maximilian Arnold,GER,MT,30,2356,-0.28682721372749226,-0.22752955108486003,0.7367459704268491,-1.357324526810125,-0.06214995583786316,-0.16919913186211663,0.22384021760780506
Joakim Mæhle,DEN,DF,27,2188,-0.7080807822743442,-0.3467074284510265,0.3976339153388581,-0.13321586118928766,-0.37021139503477696,-0.5742372785190648,0.13184392703010306
Patrick Wimmer,AUT,"MT,AT",23,1770,-1.3961537081832491,-0.16909515184757795,0.5805427528238766,-0.5087731062096151,-0.08488368901538385,-0.3739949231419604,-0.20041759293861683
Bence Dárdai,HUN,MT,18,1304,0.48093606102475694,0.1519757630308779,0.18772231874475404,-0.40130283671799816,-0.11472428197080961,0.14547720627526978,0.06562888055360282
Yannick Gerhardt,GER,"MT,DF",30,1518,0.3960025964832196,-0.15672067845805981,-0.20016409669924423,0.1208318316756348,-0.17578395364199725,-0.43785336324130014,-0.017644557421826107
Mattias Svanberg,SWE,MT,25,1219,-0.6996408259280209,0.8542746288832469,-0.040506498996056337,-0.16659017446295135,0.22030789289467362,0.4603962972385495,-0.0620109605328933
Sebastiaan Bornauw,BEL,DF,25,788,-0.04646870280832976,0.9119891004329052,0.22609494015835543,-0.6170381859929078,0.10117778636535742,-0.20798811101377263,0.32159483952358175
Aster Vranckx,BEL,MT,21,556,1.2419207610429561,-0.2239963574809002,-0.10160338063285114,0.05042995570683876,0.13442361377756226,-0.06799115144629908,0.05159421235795507
Cedric Zesiger,SUI,DF,26,522,1.3487257912088793,-0.10616116054292425,-0.13522132280418714,-0.06961517995740665,0.17088125416620192,-0.07807689789581714,-0.0018053923442535658
Marius Müller,GER,GB,31,475,1.6516639112755565,0.4243680485095755,0.23223612720456122,0.11141469368574893,-0.30458991719305495,0.15426857271288638,0.11317125069911718
Salih Özcan,TUR,MT,26,353,0.141104057003123,-0.9743802465537444,0.38847091350598184,-0.045993280943826466,0.7966482469229885,0.902077565144147,0.04568501396993512
Lovro Majer,CRO,MT,26,304,-3.891493393688953,1.2944822880275588,0.8975957858308145,-1.1577050455573261,0.6336333036842783,-0.05301291423339349,0.6204580935380621
Mads Roerslev,DEN,DF,25,298,0.7024504813110739,-0.7444660063869586,-0.4410625182789944,0.5828765328991015,-0.12499835671910937,-0.2621748566724118,0.09667234564346866
David Odogu,GER,DF,18,195,1.157996765317493,0.10106257361982764,-0.2742972849974813,-0.11134434157320473,0.32508872043386733,-0.03717933775310586,-0.35655268824989506
Kevin Paredes,USA,DF,21,123,-2.967655822151097,-0.27096446217884235,1.5707268122154971,-3.555742743454131,-3.1105473835601645,-2.6404625702848183,-1.5792234199846285
Kevin Behrens,GER,AT,33,170,-3.410369723349515,4.156233861004839,-2.6766520424743145,0.9423175421619017,0.7181088555290692,0.8352272432195252,-2.416338091433337
Jeffrey Gouweleeuw,NED,DF,33,2944,0.3261311337896568,-0.2579229798609399,0.4007797263597047,-0.7435244324206048,0.007712237433092209,-0.23990354286795937,-0.12814017792884036
Dimitris Giannoulis,GRE,DF,28,2650,-0.507558706290519,-0.7585303313816566,0.5542989972808101,-0.16256024991066426,-0.5024551719056757,-0.008833337897433341,0.040092118806210796
Frank Onyeka,NGA,MT,26,2586,0.6335651083859006,-0.4142656222275097,-0.029105279462766528,0.18327444139313212,0.07492202972860829,-0.13344085546537257,-0.1400549555110161
Chrislain Matsima,FRA,DF,22,2551,0.9614841767648369,0.15667571463022062,-0.023392069916426197,-0.23278962915482948,0.05701919512408122,-0.16801737902062994,-0.0648543142506565
Marius Wolf,GER,DF,29,2144,-0.3470474198873745,-0.7883554942175244,0.4400938678509001,-0.5189500005272824,-0.14797281581535407,0.04027809826177645,0.0756348145329783
Kristijan Jakić,CRO,MT,27,2306,0.7304824627634096,-0.41630203631612056,-0.005983778876405063,-0.18982533762275206,0.08866216420429907,-0.006719307139781172,-0.0713621220240972
Alexis Claude-Maurice,FRA,"MT,AT",26,2109,-1.0586686592385535,0.9252338466880772,-0.2785519900757253,0.3798682924598377,0.19539069306093357,-0.6480124258668223,0.6963937443947963
Elvis Rexhbeçaj,KVX,MT,26,1785,0.21187289519693475,-0.46383163691930535,-0.2723395743054879,-0.006897743662579682,0.047441563227886514,-0.1663372816511941,-0.029238202560499454
Samuel Essende,COD,AT,26,1636,-1.2332989663976828,1.2055324001185364,-0.28486351853139774,0.26469326244814445,-0.32972232519644884,-0.3138032291740185,0.7098171803440496
Finn Dahmen,GER,GB,26,1710,1.643693634406161,0.40233584032002656,0.21368972818150933,0.0930040504892954,-0.28281211163513065,0.14803753700534844,0.10970882043569916
Phillip Tietz,GER,AT,27,1686,-1.1490803582156877,1.6082136857800495,-0.5631892233114525,-0.24794169033355998,-0.3253507371482685,0.05430694333883307,0.2729855661902314
Nediljko Labrović,CRO,GB,24,1350,1.6516639112755565,0.4243680485095755,0.23223612720456122,0.11141469368574893,-0.30458991719305495,0.15426857271288638,0.11317125069911718
Keven Schlotterbeck,GER,DF,27,1297,0.37597149283874315,0.4431326376230298,-0.08870201126980673,-0.6827103131332047,0.357096375174141,-0.23527696366898823,0.577595331751898
Cedric Zesiger,SUI,DF,26,1221,0.2593816492619778,-0.007426592412553539,0.6917192127615005,-0.8808346392057514,-0.3239872491621125,-0.04131600414824967,-0.3648789580790362
Fredrik Jensen,FIN,MT,26,763,0.2798382012704333,-0.4789069110972359,-0.2419681029802161,0.7264175954968538,-0.36238339100153216,0.38631657925067636,-0.0739827645863607
Maximilian Bauer,GER,DF,24,658,1.2025524484886105,-0.24849284649708323,-0.2592798680519037,-0.13661156402482788,0.24214416504172617,-0.029774793316856556,-0.036894866464603444
Arne Maier,GER,MT,25,938,-0.11229082694209418,-0.5880304395202746,-0.1852587682498755,0.4363016798682083,0.1853848457307277,0.705883122867797,-0.35390819815535646
Mert Kömür,GER,MT,19,654,-1.6020296924985178,0.31069587153480166,0.5987766342034475,0.22551847544770331,-0.31998158842151325,0.25009723748394697,0.6220863577320421
Henri Koudossou,GER,DF,24,748,0.3652082158169667,-0.7552800907427349,-0.01340932363957624,0.7524639243528051,-0.18271346961616955,0.2665329031574305,0.15892686326759242
Ruben Vargas,SUI,"MT,AT",25,305,-0.6997532955693286,-0.7336058433407823,-0.026542859880969914,0.8246379160878045,0.153184990616578,0.9904193154756907,-0.46542201440482317
Noahkai Banks,USA,DF,17,278,1.2999537346749683,-0.03479976943324415,-0.11011906149389523,0.08160923410642104,0.028178443730820377,-0.05613741759498395,-0.014814747738722604
Robert Gumny,POL,DF,26,271,0.07461472146046845,-0.5115865693165587,0.09001539118912431,0.42661936912093107,0.1458615145470021,0.7860935938339556,-0.19186838921369603
Mads Pedersen,DEN,DF,27,235,1.0742191034703645,-0.32855484184301176,-0.6115009366442122,-0.10561395616099567,-0.08345987988054136,0.033213165744717776,-0.023165670598914237
Tim Breithaupt,GER,MT,22,120,-3.1460213461227386,-1.3018658185548655,3.3593690625388093,-4.412669409856633,-1.798030690959912,-1.6883281834834376,-0.7336023178576999
Arne Engels,BEL,"MT,AT",20,79,0.044424990404530185,1.0081179784823702,-0.8724220130614176,0.7618145570215428,-0.3316142498211869,0.29192099935688126,-1.5218059987215227
Mergim Berisha,GER,AT,26,40,-1.1122140243844776,-0.12427207543887633,-1.4022876168943224,2.4736904957586954,-1.5331777934981408,-0.10565758978715704,-1.098752139049159
Niklas Dorsch,GER,MT,26,32,0.9942279494659413,-0.4225646010455184,0.24043734954313095,0.7923471668648123,0.3793262878217425,-0.6068145360630753,-0.01619710801915328
Danilho Doekhi,NED,DF,26,3060,0.8888209576985183,0.1648331649236593,0.04819174632228197,-0.21280063599880053,0.11481008556981591,0.11519480563075177,-0.1354319591660321
Rani Khedira,GER,MT,30,2723,1.0001637186413384,0.11234895852145069,-0.03558812943052415,-0.16573833198230084,-0.03693953864309422,-0.004451617032356672,-0.021890939789618518
Diogo Leite,POR,DF,25,2546,0.641022835752309,-0.12902596703525293,0.10565206140114483,-0.45784404990143285,0.1414466315692322,-0.20534117929573953,-0.059588424724597466
Frederik Rønnow,DEN,GB,31,2520,1.649861110555098,0.41938457284765374,0.22804110837791855,0.10725038153417017,-0.2996639849835244,0.15285917177903854,0.11238808194905833
Janik Haberer,GER,"MT,DF",30,1696,1.047784169917999,-0.15079087789674794,-0.05488195697533871,0.027313967375564664,0.15709812926673225,0.18403172320600375,-0.06330617944994525
Leopold Querfeld,AUT,DF,20,1747,0.5235157418277683,0.3654648165151094,0.3336866397140373,-0.6471243370707747,-0.11902738790927246,-0.13238175785904796,0.1453017619070141
András Schäfer,HUN,MT,25,1534,0.4312998826320935,-0.19154519367025535,0.10195014409021061,-0.026631872255617087,-0.0477681544458323,-0.17711181358556063,0.11487078943831619
Jeong Woo-yeong,KOR,"MT,AT",24,1263,-1.3437566338421756,-0.018785064755825136,-0.09667306196446272,-0.10954372870617168,-0.13984295383675857,-0.24032693463257937,0.08383759034512715
Kevin Vogt,GER,DF,32,1367,1.009745088005546,-0.015161312900956547,-0.3703462759839294,-0.15432918746848373,0.5201248408835892,-0.21517040092576337,0.06952829941828116
Andrej Ilic,SRB,AT,24,937,-1.5100551625581002,2.949136980753027,-1.5582595999240447,0.374758512419323,0.549609595106504,0.1184359634789859,0.9403280946656166
Aljoscha Kemlein,GER,MT,19,922,0.578378717414496,0.08482715309767949,-0.34515350546980417,-0.14460058281271518,0.38888669709339885,0.2922132703426929,0.1363419597813925
Jordan Pefok,USA,AT,28,908,-0.17085096175302703,0.6900701094642369,0.0892283603181953,-0.21223283537981394,-0.5831297494914974,0.48870693832484163,-1.071627736118018
Yorbe Vertessen,BEL,"MT,AT",23,718,-0.6292279075228746,-0.0737276849992025,0.2272315884908374,0.793863202231347,0.19987339477959887,0.974417279103029,0.1827783367324424
Lucas Tousart,FRA,MT,27,561,0.2130126045040472,-0.17212079872639052,0.5928248635302313,-0.7512503290853895,-0.5583685950346758,-0.2600898915188054,-0.25487277349170046
Alexander Schwolow,GER,GB,32,540,1.6516639112755565,0.4243680485095755,0.23223612720456122,0.11141469368574893,-0.30458991719305495,0.15426857271288638,0.11317125069911718
László Bénes,SVK,"MT,AT",26,589,-1.2496706883591873,0.35708618961146765,0.02828956451193689,-0.7317755208932657,-0.06397098980143255,0.0719087649542698,0.7077201736184517
Ivan Prtajin,CRO,AT,28,161,-0.01182863588529966,0.41926351929468814,-0.7078006085846209,0.6347590081304639,-0.8927312679969835,0.9725880518148393,-0.7410024588738283
David Preu,GER,"MT,DF",19,121,0.7818446771876383,-0.0608244755654462,-0.6918377395821541,0.3772409544860341,-0.5839418579828194,0.15699994161347594,-0.19400032601012665
Robin Gosens,GER,DF,30,90,0.4016641482767155,-0.7332934463075704,-0.09604963795050502,0.1052688191106515,0.0016119635345646318,0.7510954223926628,0.14507813998188726
Andrej Kramarić,CRO,"MT,AT",33,2767,-2.6732921742699105,0.7807302168132717,0.06561948692696377,-0.6457455425048153,-0.21542838998971633,-0.6869035424347261,-0.1535128113640798
Tom Bischof,GER,"MT,AT",19,2559,-0.49363405894499324,-0.238792973271779,0.021999041050436697,-0.1704886214186822,0.3449220380718478,0.11614563158112924,0.45252956487300355
Anton Stach,GER,"MT,DF",25,2585,0.27602698686782234,-0.45152932157953346,0.0970999567716542,-0.42679827240320717,0.33494936205526704,-0.06058501835382562,-0.15916175109790934
Oliver Baumann,GER,GB,34,2520,1.5291973629011462,0.3612053002348741,0.346257826578792,0.0913344269843613,-0.2568469369514599,0.34276600758454107,0.13930990313413508
Arthur Chaves,BRA,DF,23,2185,1.2690736645532845,0.1951826121029748,-0.12344729833150922,0.007697632753426203,0.077410463515325,-0.03037556246416262,0.09858869715271153
Kevin Akpoguma,NGA,DF,29,2220,1.2682905676248175,-0.2721378717014326,-0.18708206922768933,-0.1325241342675977,0.24595593112608152,-0.05085440902729658,0.03466717586950233
Alexander Prass,AUT,DF,23,1566,-0.04505079952608321,-0.7046718006099418,0.44557479566970776,0.021170198042406923,-0.026653606352841475,0.5365841657257836,-0.03550086349010229
Pavel Kadeřábek,CZE,DF,32,1576,0.2882648837717463,-0.12588772335581885,-0.1680606170496468,0.2021876625435928,-0.05571222270335912,0.6332647754041286,0.4921876224730513
Stanley N'Soki,FRA,DF,25,1308,1.1774564780476315,-0.23735549598717784,-0.0382587332646246,-0.057274591883204794,0.26585682206221944,0.06247060062988772,0.015774730403112038
Valentin Gendrey,FRA,DF,24,1414,-0.1232703236733948,-0.40499079365188195,0.09325981746160084,0.12296100249891394,-0.2539211001294277,0.3380839943936315,0.12420918870739697
Leo Skiri Østigård,NOR,DF,24,927,1.2889175008184244,-0.21063344767251876,-0.3575135591709229,-0.4554245327678448,0.40347681936407687,0.04338003567677324,-0.09773677868192805
Florian Grillitsch,AUT,MT,28,601,1.0084468248950205,-0.6253671521414477,-0.4328260558502652,-0.4300595112119089,0.6584652549921688,-0.02406078841332845,-0.0820559374529304
Dennis Geiger,GER,"MT,AT",26,734,0.7139623199184083,-0.6326475245974027,-0.15246312617429797,0.1703004166857535,0.29242827328330706,0.1047431243550116,0.009401203435531675
Gift Orban,NGA,AT,22,687,-1.1289945190314965,2.4605369680878395,-1.1575031517992516,0.5983550832184668,0.46530450822258074,0.06641575462270057,0.46581119862016035
Finn Ole Becker,GER,MT,24,670,0.4945238287535593,-0.5650496744188125,0.11715181816555259,-1.0908540439819132,0.025200579447822613,-0.44806160525384836,-0.186158698332652
Haris Tabakovic,BIH,AT,30,821,-1.3271023590433375,1.6280567035546993,-0.10220044043111116,-0.20095593120167715,-0.2343892114820787,0.5480444733552217,0.029918147089649183
David Jurásek,CZE,DF,23,619,-0.4897491027604217,-0.925594099199469,0.6514667762754843,0.001304786402942248,-0.6692609729389174,-0.17531237790867146,-0.007839710699819893
Luca Philipp,GER,GB,23,540,1.6516639112755565,0.4243680485095755,0.23223612720456122,0.11141469368574893,-0.30458991719305495,0.15426857271288638,0.11317125069911718
Diadie Samassékou,MLI,MT,28,290,1.2272471061548542,-0.17881722289143884,-0.14012897438638203,0.07589657982371706,0.21025774939998348,-0.16475672234496577,-0.04689592793166261
Patrick Mainka,GER,DF,29,3060,1.0054908174773713,0.10988078665159202,-0.031275671571697826,-0.1434073302612852,0.11320678418798473,-0.15002485175853003,-0.09756388370672424
Kevin Müller,GER,GB,33,2939,1.65011812773845,0.42009504453950314,0.22863917332802516,0.10784406877183998,-0.3003662529644,0.15306010372571507,0.11249973479229572
Jan Schöppner,GER,MT,25,2681,-0.3027887783678064,0.1206412979401176,0.360221022878662,-0.37509488283763204,0.17590040834773157,0.09280690723398068,0.035408292567455035
Benedikt Gimber,GER,DF,27,2671,1.4294007662073114,0.1909874791838083,0.06720301567768623,0.027167656751120678,-0.06703046988525227,0.12219814709771594,0.01247870132321613
Omar Traoré,GER,DF,26,2616,0.15857039736267647,-0.9648583442758117,0.14432265376710196,0.8658057745086543,0.16913796396322056,-0.44264433067618536,-0.03247253296574801
Jonas Föhrenbach,GER,DF,28,1832,0.5727523378036198,-0.477496042573855,0.29270574478320505,0.20613123432482455,-0.09417523559402778,-0.1260294607449613,0.020918472266440287
Paul Wanner,GER,"MT,AT",18,1771,-0.3689842345221595,0.3786140213567726,-0.061561649748947816,-0.1384137469782138,-0.04756915930046924,-0.2589701554664704,-0.13427997190442162
Niklas Dorsch,GER,MT,26,1335,-0.033635769013330256,0.0776440294405705,0.3088946343926993,-0.6687957753677682,-0.03252937434041476,-0.33729955329995087,0.18324844622376665
Adrian Beck,GER,"MT,AT",27,1598,-0.6424625166425373,0.2966151991614943,-0.36856650837598215,0.24722677485304587,0.22817255427796712,-0.2269640634105448,0.25110870891015513
Tim Siersleben,GER,DF,24,1182,1.116564227393404,-0.01810013007530033,0.04952277671000878,0.07997290473242182,0.07027740817893006,0.22544781898520275,-0.049672248674778326
Budu Zivzivadze,GEO,AT,30,958,-1.332521703020536,0.45750361631386927,0.9920523898042872,-1.0703821698759557,-0.926283282560053,-0.41704959913101414,0.0652148208322664
Lennard Maloney,USA,MT,24,760,1.4571937607456433,0.28049018448994295,0.0003974926012426738,-0.022534922992689655,-0.03472430972466641,0.08584811237007128,-0.07709357698305871
Luca Kerber,GER,"MT,DF",22,783,0.46099052825666237,0.7508149484412369,-0.10945885756282492,-0.07443158314821964,0.2741284659602883,0.46634194996138717,0.763287154041544
Mikkel Kaufmann,DEN,AT,23,372,0.6398148796769064,-0.024307037709689398,-0.45706228434806756,0.38009832145087424,-0.2923775462152547,0.2573757783864034,-0.32298150743763293
Frank Feller,GER,GB,20,121,1.6516639112755565,0.4243680485095755,0.23223612720456122,0.11141469368574893,-0.30458991719305495,0.15426857271288638,0.11317125069911718
Julian Niehues,GER,MT,23,154,0.7145665012495162,0.09583108864703099,-0.22017819807696826,-0.21974384575397773,0.20789730466048637,0.6665705268016642,-0.4224393256557756
Norman Theuerkauf,GER,MT,37,22,0.9268841262644977,-0.34421321361000634,-0.9085525050811972,-0.7834997655691727,0.9244707310183309,-0.08329027014587738,-0.5949522436134471
Denis Thomalla,GER,MT,31,4,1.6516639112755565,0.4243680485095755,0.23223612720456122,0.11141469368574893,-0.30458991719305495,0.15426857271288638,0.11317125069911718
Timo Becker,GER,DF,27,2445,0.7633677371433163,-0.033017664650097985,0.3039865531894493,-0.06821167003603784,-0.2589447643541344,-0.20812109963620165,-0.1644802831208846
Nicolai Remberg,GER,MT,24,2417,0.8487260437090977,-0.09877913635165084,0.08259101110508488,-0.0581595827071411,0.004811735176280352,-0.09084994714404115,-0.1926183000979627
Timon Weiner,GER,GB,25,2250,1.6516639112755565,0.4243680485095755,0.23223612720456122,0.11141469368574893,-0.30458991719305495,0.15426857271288638,0.11317125069911718
Armin Gigovic,BIH,MT,22,1895,-0.25835370667085134,0.41216547290518674,0.1907109811466077,0.21896783283514776,0.2955597160852112,0.002362776484715868,0.6546711651584637
Magnus Knudsen,NOR,MT,23,1850,0.7971527310957075,-0.1670098042579961,0.2951505233640584,-0.14916243155568537,-0.08488226884425935,0.08836747245591897,-0.050263049537035566
Lasse Rosenboom,GER,DF,22,1734,0.1411102287071313,0.3124951182765403,0.29347949729400874,-0.1728954258154672,-0.3507082851717196,-0.1364891170059103,0.04780607122237125
Marko Ivezić,SRB,DF,22,1657,1.3760250080481276,0.13205571164949606,-0.04795801311506809,-0.06025944791346174,-0.00579441960035207,0.127186534228481,-0.032686483892039306
David Zec,SVN,DF,24,1541,0.9660381898661209,0.5736828623520792,-0.08583410910735312,-0.06304876876630146,0.22470523328630795,0.17787662978974625,0.2777554378465005
Phil Harres,GER,AT,22,1544,-1.103644496154745,2.0483217481135836,-0.5906062007164362,0.09878824707835847,0.1625510012120239,0.1036974315831856,0.6287270212330845
Marco Komenda,CRO,DF,27,1307,0.9742449590233181,-0.3719372851850765,0.03235259747196192,0.015083414444953099,0.26447479913535776,0.2224452010118328,0.050272584053781585
Steven Skrzybski,GER,"MT,AT",31,1323,-2.1230536369763695,0.7670011034585843,0.24119207727794367,-0.9238067575354934,0.08789019269106425,0.08490410103098206,0.6802588542919406
Max Geschwill,GER,DF,23,1282,0.253471000605703,-0.021496521067484814,0.28875770073883605,-0.9010262138066322,-0.1702819177439062,-0.37924439499892804,-0.031209651491352672
Lewis Holtby,GER,MT,33,1238,0.33585132685813274,-0.4480360214981667,0.3757547638238312,-0.2384787873353521,-0.08959848634092904,0.2754876079122567,-0.06152129041396703
Patrick Erras,GER,DF,29,832,0.939028303870919,0.5407689705876634,-0.25851101173157603,-0.06835408474933795,0.32043005788160994,0.014226530595162556,0.08970265256137688
Thomas Dähne,GER,GB,30,810,1.6516639112755565,0.4243680485095755,0.23223612720456122,0.11141469368574893,-0.30458991719305495,0.15426857271288638,0.11317125069911718
Benedikt Pichler,AUT,AT,27,785,-1.4955585061197045,0.19347119603273952,0.5593368873582116,-0.33441112849936716,-0.9131268177342912,-0.3112211357491738,-0.5449005369416768
Carl Johansson,SWE,DF,30,568,1.2920867120548574,0.06934118861397268,0.23248998497840354,-0.13790201989481415,0.05048191740553402,0.4651409682309559,0.08755466908154089
Tymoteusz Puchacz,POL,DF,25,396,-0.9091257491336009,-0.8715298567977614,1.1538448028749337,-0.05274199372771863,-1.1894146824259784,-0.4949914112052482,-0.04975952661187072
Marvin Schulz,GER,"MT,DF",29,306,0.3973661026567823,-0.6346646007959106,0.7103531788466233,0.18417917608572684,0.5099879170424721,0.9132434047906532,0.15163578566036273
Andu Kelati,GER,"MT,DF",21,288,-2.600660853550542,0.3251545292092201,0.8839330986804734,-1.790202188439023,-0.021925776055886522,0.0296100567923534,0.07427516515664538
Ivan Nekić,CRO,DF,23,71,1.5236904516824454,0.07061146631118405,-0.0655511247148635,-0.18419281679251912,0.04508189035671482,0.05422095712706543,0.0575772999907149
Maximilian Wittek,GER,DF,28,2706,0.3120756385813272,-0.7795249787280699,0.11293066681021376,0.15743060479828297,0.4312705214792135,0.6016948906985878,0.003910018581291171
Ibrahima Sissoko,MLI,MT,26,2610,0.49482642704942176,-0.13577979703455967,-0.10537748801107014,0.03232190857255206,0.14699848281301273,-0.027640924701470074,0.10122992467866207
Matúš Bero,SVK,MT,28,2565,-0.5373558587555397,-0.013810052591466221,-0.1794155817335453,-0.3822725905598997,0.309926054145281,0.3023817091623174,0.24394258590039236
Philipp Hofmann,GER,AT,31,2277,-0.5349721521667635,0.5246690200501133,0.18198770686881804,-0.48418063679873424,-0.4442902775523053,0.4743668116089014,-0.24256820563864884
Tim Oermann,GER,DF,20,2213,0.9551872803738511,-0.07075695333286283,0.3286062698846401,-0.35028895354251516,-0.25061949346323964,-0.279633197308195,-0.04652345865262375
Patrick Drewes,GER,GB,31,1890,1.6516639112755565,0.4243680485095755,0.23223612720456122,0.11141469368574893,-0.30458991719305495,0.15426857271288638,0.11317125069911718
Ivan Ordets,UKR,DF,32,1861,1.2552905196423552,0.1045991477897821,0.059473629059115345,-0.1226266627337547,0.09028259001164696,0.3237220124715593,-0.051256001715705886
Bernardo,BRA,DF,29,1782,0.9751137323065143,-0.39941331680028125,-0.23543458628936786,-0.20526288787361238,0.4743761137143224,0.09042285278202102,-0.11525829882423735
Jakov Medić,CRO,DF,25,1603,1.2580862444626955,0.4664606748213799,-0.03446831803655538,-0.015399643578750205,0.02631906186149746,0.1205329133021393,0.12452231049785452
Timo Horn,GER,GB,31,1170,1.6477809558776457,0.41363440862235934,0.22320070203948464,0.10244540597465616,-0.29398021704945076,0.15123293993229095,0.11148442569899045
Anthony Losilla,FRA,MT,38,1137,1.2336150753980524,-0.18420659205668288,-0.13324426666262454,-0.20220701938549504,0.16580410337813184,0.1810567293636514,0.036362382169191826
Tom Krauß,GER,MT,23,1077,0.6447374335240889,-0.8875083708191904,-0.3889830111795825,-0.1924458011360836,0.727421326650528,0.016677932584049565,-0.09810776192110353
Dani de Wit,NED,"MT,AT",26,1153,0.0611209094668079,0.6746629391492343,-0.20841248960592196,-0.34167713025475804,-0.15457668424608753,-0.06586401825773523,0.012793841193118587
Myron Boadu,NED,AT,23,1042,-2.982011661828711,3.491907303872491,-1.3090377976561944,0.12018519343041906,0.6398462097842398,0.07768437516966524,0.5509673454339775
Erhan Mašović,SRB,DF,25,910,0.31731181063743524,0.15950890805456386,0.36167743313249046,-0.7931132647774404,0.04627081215565011,0.10086512238170971,0.16481614260716593
Lukas Daschner,GER,"MT,AT",25,412,-2.345460246499832,1.505179356477538,0.21809683122058585,-0.3926195504759686,-0.18415813943611306,-0.030930251130291478,-1.4389161567343867
Mats Pannewig,GER,MT,19,267,0.21322703373600688,0.17464942769449723,-0.7330236144560222,0.3486820330087943,-0.07615449267294316,0.3678227049043695,-0.858212497096597
Cristian Gamboa,CRC,DF,34,226,-0.12242440312720337,0.9770124319523057,-0.45187298129934383,0.19199946738304005,0.32459691951054,0.16724291563511118,1.4513536465274541
Moritz-Broni Kwarteng,GHA,"MT,AT",26,172,-0.13154521386258228,-1.0984272385301637,-0.8063955395993011,0.39589999848536644,0.05999915650086797,0.3056949692307577,-0.2000529883191536
Aliou Badara Baldé,GUI,"MT,AT",21,91,-0.13952509290631843,-0.11974975435258266,0.33266409729707697,0.8517096358567433,-0.13266828989462204,0.9929187324493955,-0.38190207225131934
Kacper Koscierski,GER,DF,17,7,1.6516639112755565,0.4243680485095755,0.23223612720456122,0.11141469368574893,-0.30458991719305495,0.15426857271288638,0.11317125069911718
Amir Rrahmani,KVX,DF,30,3406,0.5681760992831368,-0.16857100904092498,0.03281847243177367,-0.575669671822805,0.2812014908784146,-0.3554628979427348,-0.26125237200070484
Giovanni Di Lorenzo,ITA,DF,30,3330,-0.12262552773060059,-0.613346918354038,-0.32410791309528947,-0.25542681538995693,0.2943644926321557,0.13808114864955606,0.07153793910379841
Romelu Lukaku,BEL,AT,31,2843,-2.695320512631212,1.8042968442815752,0.34034349635508093,-1.049546418506224,-1.0187339807450602,-0.5682768806556687,0.07890324432965777
Alex Meret,ITA,GB,27,3005,1.6501520783918442,0.42018889421072597,0.2287181746444482,0.10792249181487422,-0.30045901896742533,0.1530866458066313,0.11251448356096466
Scott McTominay,SCO,MT,27,2938,-1.2174446622023058,0.9470649743700126,-0.23490115581527676,-0.1690288876372226,0.19518267706530062,-0.4197177102765132,0.5353748592464224
Andre-Frank Zambo Anguissa,CMR,MT,28,2852,-0.517378414362033,0.22023490690367917,-0.11776385420050511,-0.7048107468052631,-0.06303408719902759,-0.2077966558174743,0.1870302248698194
Stanislav Lobotka,SVK,MT,29,2636,0.8931679848575578,-0.4091665302992897,0.041239191136307675,-0.12475391715900208,0.18416433572135607,-0.0794841649930713,-0.010840732641545548
Mathías Olivera,URU,DF,26,2370,0.261283827332273,-0.6744465069446021,0.19474232998558463,-0.16979368807814718,0.0920861198372069,-0.24717560250122436,-0.15788721148821408
Alessandro Buongiorno,ITA,DF,25,1924,0.8821554326804548,-0.14612960371886277,-0.08566408486519406,0.12064500617150127,0.4530283134758524,-0.10248013080179276,0.06860664267052943
David Neres,BRA,AT,27,1283,-2.853316695427791,-0.8122470458911498,1.3297586124524288,0.5113385263752663,-0.9922595040503334,-0.44205974224143524,-0.11927984027754494
Billy Gilmour,SCO,MT,23,1177,0.18682336602837823,-0.6642856859452114,0.41284751008184867,-0.6029788845197795,0.2510571432476616,0.36245757429086883,-0.10075197798803226
Juan Jesus,BRA,DF,33,1074,0.9992791924655046,-0.13610665992597296,0.025156671207818247,-0.6748303814039397,-0.013599836850927168,-0.3931622810781221,-0.17875766640089366
Elia Caprile,ITA,GB,22,325,1.6516639112755565,0.4243680485095755,0.23223612720456122,0.11141469368574893,-0.30458991719305495,0.15426857271288638,0.11317125069911718
Giovanni Simeone,ARG,AT,29,419,-2.4783533937208704,1.2494307528545765,0.28614294820431957,0.03244623921732071,-0.4697251975311424,0.08492974158924231,-1.2447168558081942
Cyril Ngonge,BEL,AT,24,216,-1.1924737179653393,-0.7474628313856154,-0.9856952678766322,1.2980310024936577,-0.7674212447504472,0.9269430890912603,-0.683017460112275
Philip Billing,DEN,MT,28,197,-1.581157999210916,2.9245523180439417,-1.5088176669640332,0.31166317255855963,0.8382649994997297,0.45903098832949285,-0.7944154363001582
Rafa Marín,ESP,DF,22,142,0.9476001216432265,0.15042219582014063,-0.16715594181066779,0.25569980095689576,0.36648222206607955,-0.17846841359590473,-0.5155377316233701
Simone Scuffet,ITA,GB,28,90,1.6516639112755565,0.4243680485095755,0.23223612720456122,0.11141469368574893,-0.30458991719305495,0.15426857271288638,0.11317125069911718
Walid Cheddira,MAR,AT,26,12,0.02255972226880358,-1.3686826475932363,-0.5587278817814406,-0.6260854688299168,0.18932042621332287,1.350397992648136,0.2820231206682043
Marco Carnesecchi,ITA,GB,24,3060,1.6114426620575726,0.40497495763864894,0.27164169993818565,0.1061093755024793,-0.2903175678490334,0.21757085131472056,0.12214519109414274
Marten de Roon,NED,"MT,DF",33,3058,-0.05863603452625487,-0.5250309677074201,0.016393791739920734,-0.9545262986384594,0.4921395108139676,-0.5032990084508132,0.22078882627549676
Éderson,BRA,MT,25,2881,-0.3063934630271028,-0.4329288181151861,-0.2624170747742433,-0.3419730820090812,0.8170672468488506,0.41513986092193844,0.036270504200583295
Berat Djimsiti,ALB,DF,31,2640,0.47195686653447977,-0.09988154668557624,0.0753418564121028,-0.22838485771745953,0.049076010884724124,-0.2206140944678517,-0.2309672072404323
Mateo Retegui,ITA,AT,25,2383,-4.639426742886343,3.810782315193811,-0.5862705912908526,-1.0629086828081444,-0.001264636542593831,-0.33468791259012726,0.8793355827781008
Ademola Lookman,NGA,"MT,AT",26,2247,-4.5145876174466855,0.6640762697449918,0.16704980596564364,1.1092667257688253,0.004298375024988126,-0.14500243858673612,0.9102172694536032
Raoul Bellanova,ITA,DF,24,2402,-1.6732109804293522,-1.1480505755512196,1.5284422742294361,-0.7251216543861314,-1.375174025234384,-0.7897452815951583,-0.23349934394098845
Isak Hien,SWE,DF,25,2327,1.4064963135741315,0.20642976267178897,-0.029021156970609138,-0.000820185440795328,0.011919239842075498,0.04172370988733517,-0.0852784580920027
Davide Zappacosta,ITA,DF,32,2067,-0.8028178806390781,-0.43239692782999234,-0.12818817164824123,0.3157081187794016,0.04478733417010703,-0.4141594978228622,0.3071828722980817
Charles De Ketelaere,BEL,"MT,AT",23,2070,-3.6872941554743517,-0.47084249068438794,0.6922797760835475,-0.19981378172692174,-0.17512881346169992,-0.5903738042053303,-0.11738061430595736
Mario Pašalić,CRO,MT,29,1967,-1.5482241915961699,-0.12124888594771331,0.14123059364857846,-0.753935619694515,0.40535493187516314,-0.24463369530102252,-0.6866714436864917
Sead Kolašinac,BIH,DF,31,1903,-0.07912596560155985,-1.0923884585530572,0.18337781223707403,-0.20500234451284338,0.4368704820006775,-0.40882764422177137,-0.21264671432110882
Matteo Ruggeri,ITA,DF,22,1751,-0.5480652910945443,-1.3278797959711282,0.378093402015383,-0.10231197619825333,-0.20401361458163142,-0.6407698598256414,-0.08569197213347385
Odilon Kossounou,CIV,DF,23,1125,1.1196009721912075,-0.20415060004359653,-0.23043640561227985,0.10857043814615192,0.21782083151755063,-0.17321022136048392,-0.12064395539512596
Marco Brescianini,ITA,MT,24,991,-2.162190961149004,0.5448099262693685,0.08788118627997737,0.519297541611158,-0.016357199834770634,-1.0734389416952543,0.24563966429071388
Lazar Samardzic,SRB,MT,22,1169,-1.7953347831265636,-1.2193979620311803,0.02028151125802974,0.5355349092560017,0.5716723799413418,0.16326066362628822,0.12016587160688051
Stefan Posch,AUT,DF,27,387,0.9880412973030996,-0.43225512540657013,-0.42850000794552484,-0.03636307219830712,0.46339134052198305,-0.2600660739124468,-0.1970819130565023
Giorgio Scalvini,ITA,DF,20,272,0.7652891386992144,-0.7439008970475491,-0.6257159054954238,0.02942906950614162,0.56311004163335,-0.3890084294779317,-0.21308006210636582
Ibrahim Sulemana,GHA,MT,21,283,-0.575272364887914,1.9892546097618047,-1.0484280914061563,-0.13781603386540592,1.1981491446900332,-0.45047613504119105,1.7424649568540689
Rui Patrício,POR,GB,36,270,1.6516639112755565,0.4243680485095755,0.23223612720456122,0.11141469368574893,-0.30458991719305495,0.15426857271288638,0.11317125069911718
Rafael Tolói,ITA,DF,33,468,0.9826985547214491,-0.5256028326076847,-0.1840394637193017,-0.11250775531492106,0.44461494613677405,0.022983848821383504,-0.0017616753293052112
Marco Palestra,ITA,DF,19,222,-0.17683350147565238,-1.2320411566185074,0.44668566942436266,1.8492135375160854,0.10322660622086109,-0.3558212060643188,0.13913915669367063
Juan Musso,ARG,GB,30,90,1.6516639112755565,0.4243680485095755,0.23223612720456122,0.11141469368574893,-0.30458991719305495,0.15426857271288638,0.11317125069911718
Ben Godfrey,ENG,DF,26,23,1.2213965001553435,-0.30877397515178856,-0.5916293320955215,-0.21800815788830674,-0.19582642683169102,0.11779058031213813,0.1076267613435914
Mitchel Bakker,NED,MT,24,22,1.2018388905589703,-0.3420986125909415,-0.6290777620637069,-0.2329819238689456,-0.19088263181526538,0.11613248974846775,0.10737473910015842
Federico Cassa,ITA,"MT,AT",18,14,-0.615774378604914,-2.1263219899261356,-0.9457979532733254,2.0845947803486418,-0.1573227185457257,-1.1978218861922496,0.08119528719609731
Alberto Manzoni,ITA,MT,19,6,-0.44167935521290336,2.9293855145120733,-0.9746430034990353,0.5081725611947845,0.3706950727874079,0.7271455187773207,-3.4367162792051222
Gianluca Scamacca,ITA,AT,25,6,-1.2211156778415855,3.8621047837683227,-1.4240128925908,0.655901554416234,0.6221309733120483,0.940450764652376,-4.7584829126801065
Obite N'Dicka,CIV,DF,24,3420,1.095319410963516,-0.059666269858788264,0.13725274548902738,-0.08907711323242741,0.08103004407204363,-0.11463777971084878,-0.0911443057740717
Mile Svilar,SRB,GB,24,3420,1.6490071523190912,0.41702397911305916,0.22605399419687724,0.10527781262026441,-0.2973306486737468,0.15219156081037374,0.11201710727797784
Angeliño,ESP,DF,27,3177,0.02778305757107605,-0.7147134049698604,-0.17172051191863322,0.17188917811724747,0.15876686936835127,0.15702945343142932,0.19208386773977948
Gianluca Mancini,ITA,DF,28,3143,0.8085054728898678,-0.1297186261884422,-0.14915204117163963,0.12447817418302601,0.46457840893358426,-0.10723215336954357,0.07017212063766462
Manu Koné,FRA,MT,23,2572,0.05912125860946506,-0.36384616044358514,-0.10139902552247751,0.3122863157161079,0.6001010409063371,-0.2899284286709299,-0.19030712341221692
Artem Dovbyk,UKR,AT,27,2418,-1.561344329220721,2.121955408425138,-0.7391537052210236,0.26932398426575077,-0.09040965330515352,0.3035257909443611,0.23538992417271418
Zeki Çelik,TUR,DF,27,2256,0.36868962528178206,-0.6132055790346349,0.08373380252525302,-0.29537179873286623,-0.21456668486587052,-0.050980139304816784,-0.02719711900704137
Bryan Cristante,ITA,MT,29,2045,-0.1836393159618934,-0.11679934328809913,-0.2694982972053688,-0.6648527639380493,0.5220124244243345,-0.3939770690962686,0.2741383720259469
Matìas Soulé,ARG,"MT,DF",21,1781,-2.8630987264471197,-0.7859371548034108,0.8568154299963233,0.03093108620349082,-0.4840886571170036,-0.2565609261490187,0.4463105134111578
Lorenzo Pellegrini,ITA,MT,28,1626,-0.6905577376518138,0.21498876865163108,-0.07048441098470642,0.11065946099497602,0.11144508690162114,0.5107806126878391,-0.41299599861939895
Leandro Paredes,ARG,MT,30,1373,-0.4220570744534324,-0.016348099813264377,-0.2690580417640885,-0.6529032308758013,0.9047672157780839,-0.08533405210255755,0.1480863956893197
Niccolò Pisilli,ITA,MT,19,1227,-0.33130986912165383,0.20915488562891338,-0.36039171114592705,-0.0702606005578122,0.28121483039297734,-0.28632828736293653,-0.1856249605860479
Mats Hummels,GER,DF,35,915,1.2930430665753454,0.11308922576609906,-0.05473929403409186,-0.026658360292711607,0.12890585421497244,0.05914343457799712,-0.1302108141516366
Tommaso Baldanzi,ITA,"MT,AT",21,832,-1.0569773560646794,-0.37246040199706154,0.37420070365275987,0.9695022053218287,-0.23028882864001615,-0.5660404960148747,-0.13654639580053712
Devyne Rensch,NED,DF,21,469,-0.30962575050802654,-0.4165302106674834,0.7769057048367288,-0.9313111781529748,-0.9235955647149493,0.259285420511047,-0.11062561860138602
Enzo Le Fée,FRA,MT,24,318,0.1688029762652006,-1.3063003227323022,-0.2254015034182551,0.7471656721306362,1.2276132926070413,-0.8876660823718341,-0.3450339669731919
Mario Hermoso,ESP,DF,29,251,1.0499416191110253,-0.4823616720213838,-0.42047759095236714,-0.021492295924067952,0.31792068552761804,-0.22624809270125826,-0.06155544337999049
Lucas Gourna-Douath,FRA,MT,20,229,0.7023787899238833,-0.4367025625859826,-0.22981589970533708,0.3774333391689802,0.052182737664345155,0.04160566887053367,-0.08260621700920623
Saud Abdulhamid,KSA,DF,25,205,-1.802700913270458,-1.2662069661469195,1.0242225278494321,-1.3054479102159426,-2.3586824500058854,-1.6641596500761096,-0.2314911823901797
Anass Salah-Eddine,NED,DF,22,152,-2.8948986206200145,-0.6324394927568557,2.1862739035992154,-0.9958785755319647,-2.704122125838869,-2.6588422533931326,-1.1109121294236401
Victor Nelsson,DEN,DF,25,187,1.5099469855550232,0.20903829956776218,-0.019569370207182295,-0.10461566286309293,-0.024695966036665146,0.09048545773897351,-0.004573998489638107
Tammy Abraham,ENG,AT,26,1,-13.597579184698793,-20.74180637187028,-27.094127557459665,-4.547969856742297,-7.714818528587139,2.0279712755751103,1.8317099904932128
David de Gea,ESP,GB,33,3150,1.4921812262487482,0.40230138907451857,0.3874901639954131,-0.046128678946963764,-0.40899176935928705,0.08733028690411815,0.09059217015845156
Dodô,BRA,DF,25,3115,-0.752201687033556,-1.1645799760076743,0.7382734375970827,0.5857805662008393,-0.32760457186617936,-0.6023857933183803,-0.14361033611715174
Luca Ranieri,ITA,DF,25,3071,0.6867187714396156,0.021355220983761792,0.4902452953678507,-0.3650714602403009,-0.1635413660224467,-0.1772186284699811,-0.0005011948694694971
Moise Kean,ITA,AT,24,2704,-2.434052719458575,3.1996707506309696,-1.003905988638143,0.2795440494491802,0.4175606527365007,-0.2092257788984406,0.0008853173638270086
Robin Gosens,GER,DF,30,2521,-0.503835767697108,0.0686670905279046,0.3835552349379893,-0.7762191896675172,-0.3633189491777965,-0.5262079930111371,0.40027623899525594
Pietro Comuzzo,ITA,DF,19,2200,1.1477127329977705,0.005372834748320395,-0.09290269333285892,-0.03488164443844764,0.21996077046461374,0.023189477203105633,0.13371989575519427
Danilo Cataldi,ITA,MT,29,1728,0.5394509797574893,0.10383921420565873,-0.3670051976073881,-0.09866804973315134,0.6579979022957886,-0.057344273134953314,0.41072449110827414
Rolando Mandragora,ITA,MT,27,1931,-0.8888083137794779,0.07363635742011486,0.7008987635775669,-0.9665214031488218,0.2608083629088536,0.6240765834305285,0.3446627834876495
Yacine Adli,FRA,MT,24,1234,-2.441537671308927,-0.3648801651043198,1.3250024291900617,-2.4109937973183553,-0.38690002672507984,-1.492377726026691,0.42002155928542806
Marin Pongračić,CRO,DF,26,1367,1.3721330530836495,0.02905777609264274,0.020705049083250774,0.02530882888211251,0.03786025285136656,0.038723975086404794,0.030953214240099343
Pablo Marí,ESP,DF,30,1098,1.487634423237283,0.11571420484843616,-0.020822782837892344,-0.0836103679783923,0.025093388558283174,0.035133884635293156,0.022929981353184286
Edoardo Bove,ITA,"MT,AT",22,851,-0.7887093377664082,-0.3129443470750838,0.9404036876290403,-0.953823128894072,-0.32643523519289824,-0.16509067058489907,0.1551031542651332
Amir Richardson,MAR,MT,22,1099,0.1663300156083666,-0.18180448080513897,0.06495510546671467,-0.11535758594019575,0.020122847567396147,-0.33130430151642115,0.038020239698653424
Nicolò Fagioli,ITA,MT,23,962,-1.1425846243273765,-0.7178719945401886,1.366579744264077,-0.9820222806219583,0.09401431762187426,0.6067410237829788,0.21142488903285742
Cristiano Biraghi,ITA,DF,31,433,0.38958281131156086,0.26405152732459836,-0.4058377281259669,0.02633594509014744,0.18337967553636209,0.22786707522282437,0.8257387137961516
Cher Ndour,ITA,"MT,DF",20,406,0.5240646051965052,-0.7463967295033055,-0.4257966033078757,0.8203940367959036,-0.10378055609612213,-0.3540085409264993,-0.019591860566536494
Lucas Martínez Quarta,ARG,DF,28,351,0.25111059113310186,0.9807634774968114,-0.6164318996117375,0.01004139288889062,0.7053611166296673,-0.17348401338829203,0.2872266780004712
Nicolò Zaniolo,ITA,AT,25,343,0.2909431186820509,-0.03883439871588167,-0.12665552612180422,0.9172260494619439,-0.2800873885111643,0.25279358055724754,-0.40887231483418696
Pietro Terracciano,ITA,GB,34,270,1.6516639112755565,0.4243680485095755,0.23223612720456122,0.11141469368574893,-0.30458991719305495,0.15426857271288638,0.11317125069911718
Sofyan Amrabat,MAR,MT,27,180,0.9646352303844372,-0.796077343348811,-0.39793576130994757,-0.3457889283335426,0.7538884544359178,-0.14814073966573246,-0.027221016809014374
Matias Moreno,ARG,DF,20,144,1.2704264641694172,-0.2491746673762536,-0.15177674604532812,-0.08669029763909922,0.22385101208744007,-0.05604313979107502,0.03768927626945614
Antonín Barák,CZE,MT,29,54,-1.803079809893246,-1.542950654336673,1.1514186302153728,0.9940907572854235,0.35241010287700875,2.5578545089885294,0.061610760848173116
Alessandro Bianco,ITA,MT,21,18,1.3542698757083647,0.1852620553891045,-0.23317821283779006,0.27348919567326196,-0.8552448555100247,0.30497393538396605,0.21573025041973876
Maat Daniel Caprini,ITA,AT,18,8,-0.9236280557474187,-2.7593922385589655,-4.230741598473757,-0.10634074564585246,-2.469842104830497,0.7275684765805938,0.5587463425447776
Tommaso Rubino,ITA,MT,17,8,-1.0479445242220211,-2.173260601154893,0.999300551694212,-1.4815254977748553,2.0035132440421886,3.0653280444480164,0.34209193536693755
Mattéo Guendouzi,FRA,MT,25,3270,-0.17761789387142748,-1.2613778826862814,-0.07706641497114408,-0.40954877505756426,0.8387002738155573,-0.47867191497264006,-0.14296487085649154
Mattia Zaccagni,ITA,AT,29,2686,-2.1214611048779126,2.520284847007377e-05,0.1305302837894761,-0.007306554107657142,-0.49742231575869716,-0.4299412531666904,0.2375016417733914
Mario Gila,ESP,DF,23,2741,0.8644570771466271,-0.44433590022787267,-0.21078695858230098,0.08470854376206817,0.618184097131989,-0.280105738544033,-0.013225797224311962
Nicolò Rovella,ITA,MT,22,2718,0.23965200833612188,-0.6289924903886434,0.2615389651006402,-0.44638781162634855,0.1654808805171492,-0.31655045004647375,-0.2408021975723644
Alessio Romagnoli,ITA,DF,29,2672,1.0654930829525895,0.3388098135986845,-0.239225901392923,-0.12609519608041767,0.29021598236213114,0.03386183982922289,0.010801900335067394
Ivan Provedel,ITA,GB,30,2610,1.6044801213440776,0.3857284309443304,0.2554402479180484,0.09002651477914063,-0.27129327793636404,0.21212764770813566,0.11912053936977757
Gustav Isaksen,DEN,AT,23,2210,-1.2624739526720508,-0.12658021823395355,-0.236537573949456,1.2134495668843295,-0.5839803786686126,-0.28269381792363574,-0.012957492184409641
Valentín Castellanos,ARG,AT,25,2384,-1.9859292834739475,1.771904794799001,-0.5303887535209911,-0.12180555804400811,0.15422642754632818,0.4129218074376601,-0.3499756957724468
Boulaye Dia,SEN,"MT,AT",27,2177,-1.5477956749890005,1.2070417772444246,0.04085983382788852,-0.288828557792205,0.026771201108941076,0.43659090762715563,0.451313362467876
Adam Marušić,MNE,DF,31,2337,0.4828270404237714,0.22026871141418114,-0.6063996949086781,0.18093330832789287,0.05868591113013413,0.005571234444652304,0.381283229732327
Nuno Tavares,POR,DF,24,1686,-2.812498661193376,-1.8856988024440748,2.2770999089884394,-0.824608662456792,-0.8114760498014122,-1.3122097399617607,-0.4787068965761519
Manuel Lazzari,ITA,DF,30,1406,-0.35434877850743096,-1.3376097068924493,0.2528878014354646,1.1285302086450162,-0.02958623438565254,-0.6405039271199815,0.006566199005358156
Fisayo Dele-Bashiru,NGA,"MT,AT",23,947,-0.7898543743329279,0.3719062811100837,-0.02429044999641609,0.21923678581070874,-0.16111743579877758,-0.37822979718080973,0.7876284209728317
Luca Pellegrini,ITA,DF,25,1067,-1.374138794772776,-1.1166466909048731,1.0801736487145852,-1.5741587770266101,-0.9349685641762793,-0.8297012071258878,-0.4066795939544294
Christos Mandas,GRE,GB,22,810,1.6348377712179436,0.37785560899830556,0.19308261815589614,0.0725477802710137,-0.2586145499041037,0.1411141639969729,0.105861675698568
Matías Vecino,URU,MT,32,877,-1.8412423036652565,0.5748082322939957,1.4299533517731644,-1.6857398139415862,-0.4533929599861662,0.13502076657590004,-0.12884582103300804
Samuel Gigot,FRA,DF,30,683,0.4004974971477719,1.1953817082337839,-0.38939701868532645,0.30077338133918935,0.3997356035575273,-0.2007165966296708,0.39713460856900346
Patric,ESP,DF,31,607,0.5808007142609849,0.5137011946551099,-0.6475151982018846,-0.13192044805196929,0.6005495922743109,-0.15552217327048573,-0.02844796377402541
Elseid Hysaj,ALB,DF,30,424,-2.92227496872976,-0.9394083290734049,3.4290109570679954,-3.223220958279629,-2.2295890096544557,-0.5826048832858496,-0.4041618570009645
Nicolò Casale,ITA,DF,26,135,1.3829414029303162,-0.05383385968941442,-0.2761234004444285,-0.3423257821578069,0.26866613889075724,0.014698974911214857,-0.08783793217675735
Reda Belahyane,MAR,MT,20,198,1.0619505645827643,-0.525437199103949,-0.12511935926141282,0.2483454910131444,0.4636402866467913,-0.4316712430195556,-0.02094288779511067
Gaetano Castrovilli,ITA,"MT,AT",27,148,-1.310659632895901,-1.8100368299582554,1.2139816400822188,0.39896935452018434,1.1162223636033317,2.1372331037557375,0.18750831197487539
Oliver Nielsen,DEN,DF,21,35,1.6516639112755565,0.4243680485095755,0.23223612720456122,0.11141469368574893,-0.30458991719305495,0.15426857271288638,0.11317125069911718
Arijon Ibrahimović,GER,MT,18,8,-0.24125287225124264,2.689543416703324,-0.8590907463040102,0.47018510579498324,0.3060401269382147,0.6722955984094494,-3.0968334305972696
Mike Maignan,FRA,GB,29,3294,1.5657046456075843,0.3703318866000929,0.2982100565902807,0.08806080701929649,-0.2609713275906017,0.2765602090260914,0.12872254952177517
Tijjani Reijnders,NED,MT,26,3128,-1.4959494215483364,0.0022064754414833007,-0.20788730223304608,-0.0269283625842612,0.7657027413183775,-0.7202696335621807,0.1764699691083484
Theo Hernández,FRA,DF,26,2696,-0.9674002673670279,-0.6482271133512517,0.39590254251024176,0.2919288456297367,0.1530320097866238,-0.05618938921426714,0.22634557538343772
Youssouf Fofana,FRA,MT,25,2504,-0.5844261398397094,-0.7773203148823307,0.7896041899286657,-1.188319009507364,-0.0031598855457481982,-0.622455455186707,-0.20341785572525548
Rafael Leão,POR,AT,25,2323,-3.869544438131249,-0.35176658162264096,1.204795332413624,0.04930955721068197,-0.5803636114978331,-0.16871646032163012,0.1493457131252597
Matteo Gabbia,ITA,DF,24,2152,1.0594027578673864,0.23581336239395032,-0.1806679574064786,-0.05136884212361133,0.32495037632888096,-0.05964732063006271,0.1523405343375113
Strahinja Pavlović,SRB,DF,23,1864,0.21475769669381878,-0.12909088895014442,0.05840362111864523,0.029049660438038718,0.5403278267530759,-0.38042453974702534,0.0022799200736388914
Malick Thiaw,GER,DF,22,1806,1.2081864624364256,-0.23297339223054284,-0.22049124618357752,-0.18225123967201118,0.4004145457581021,-0.07589743350492117,-0.10177891016620591
Fikayo Tomori,ENG,DF,26,1593,0.9796690597354764,-0.23635195973388473,0.24210621203110966,-0.46167937844693896,0.034976178264593726,-0.09282902594060714,0.000507547554654928
Yunus Musah,USA,"MT,AT",21,1571,-0.46335061395870236,-0.8325713084237063,0.30168798723762763,0.1709388701594579,-0.013641654537312536,-0.36068126704083486,-0.4170878427449638
Emerson,BRA,DF,25,1377,0.6078737125885815,-0.6776507874341823,-0.38229523057011594,0.26898451369119303,0.04847309926368343,0.10606996788983944,0.006289119601354882
Tammy Abraham,ENG,AT,26,1183,-2.427745216344128,1.5372092333706442,0.44370220720750114,-1.1545411065216227,-0.8158847817902879,-0.04615357585026918,-1.190942631805992
Ruben Loftus-Cheek,ENG,MT,28,1037,0.056418493105362386,-0.8551254867504561,0.2893475961112634,0.4663415267750647,0.5181214388735104,0.5710678969940941,-0.06633024181168089
João Félix,POR,MT,24,760,-1.2312417302278758,0.30868049680057713,-0.7622891326343567,0.6380405301964006,0.6108254018515682,0.5137906871300765,-0.09975596899347852
Santiago Giménez,MEX,AT,23,669,-3.541421348935061,3.0673179997986613,-0.08360984435510418,-0.48812463815619955,-0.11987347539122518,-0.609638664298334,0.07185403668667938
Kyle Walker,ENG,DF,34,659,0.45624426427596043,-0.7777547321076117,0.1576401912669418,0.1600841568148553,0.3632404977267116,0.5417971556644828,0.11330022683933796
Noah Okafor,SUI,AT,24,414,-1.4484053282618288,0.17585164865501973,-0.8699999285447931,1.8427009074762397,0.010803182759274148,-0.21678809768375812,-0.20309827099240635
Davide Calabria,ITA,DF,27,316,-0.015378965262624044,-1.2036121551290233,-1.0239075061124592,0.42514593008010565,0.034466562096481135,-0.010751667003115547,-0.1677092298826951
Ismaël Bennacer,ALG,MT,26,300,0.44395107883734075,-1.1226961804191946,-0.4924921818295053,0.2716877651530666,0.5746716436858799,-0.29886768438405886,-0.061693625115127396
Warren Bondo,FRA,MT,20,162,1.0060728255546962,-0.34149350084891833,0.08054645849582977,0.038449174176563385,0.4344567740431151,0.07267395587698686,-0.02951018163806002
Marco Sportiello,ITA,GB,32,126,1.6516639112755565,0.4243680485095755,0.23223612720456122,0.11141469368574893,-0.30458991719305495,0.15426857271288638,0.11317125069911718
Davide Bartesaghi,ITA,DF,18,118,0.17984060967494242,-0.783535382465444,-0.6678322426765674,0.8628071790688651,-1.2402592226538833,0.6448026101383022,0.3429902074498505
Mattia Liberali,ITA,MT,17,61,0.31449173372120626,-0.9173349381289584,-1.0161874554250312,-0.0019169640222912515,0.33287841322786,-0.049152936856647504,-0.3137820868553825
Kevin Zeroli,ITA,MT,19,12,-1.8183599648987339,-3.956625875016369,-2.7212124303447984,1.7820643292755172,0.07568517108810997,-1.4930864481112065,0.06523902201416958
Alessandro Florenzi,ITA,AT,33,5,1.6516639112755565,0.4243680485095755,0.23223612720456122,0.11141469368574893,-0.30458991719305495,0.15426857271288638,0.11317125069911718
Bob Murphy Omoregbe,ITA,MT,20,3,-0.13270030212759448,-1.0102679102132504,-2.5602499130495464,1.083861705610827,-3.608519547094873,1.0585007487393645,0.7285252490228465
Remo Freuler,SUI,MT,32,3204,0.5064600827485936,-0.5364980654929609,-0.16148361746028167,-0.4405016750343876,0.330985730368999,-0.28840872127743755,-0.07547751667130664
Sam Beukema,NED,DF,25,3012,0.9280295507266617,-0.31104307642382273,-0.049966817956659686,-0.27480642285845785,0.33413822718367275,-0.12047709536077349,-0.15667285924391888
Jhon Lucumí,COL,DF,26,2614,1.0310588963815188,-0.26395224886709995,0.04352328946445569,-0.04353438713298346,0.21490397926998442,-0.3105399975249198,-0.08970997946352964
Łukasz Skorupski,POL,GB,33,2364,1.6516639112755565,0.4243680485095755,0.23223612720456122,0.11141469368574893,-0.30458991719305495,0.15426857271288638,0.11317125069911718
Santiago Castro,ARG,AT,19,2294,-1.3086801287750391,1.2773118402608639,-0.01646517812880198,-0.4583788310408064,-0.4665058994396349,0.043239958450268394,0.1262323272644222
Dan Ndoye,SUI,AT,23,2143,-2.827802180468156,0.018823671028122775,0.1965174973460517,1.1611922054596342,-0.15265231857101821,-0.7710504308918552,0.24776921198338683
Juan Miranda,ESP,DF,24,2277,-1.1129464442447672,-1.2649995784724413,1.147482983557137,-1.377568618369635,-0.24291023007094875,0.1898428835763876,-0.13945274260246182
Jens Odgaard,DEN,"MT,AT",25,1952,-0.5605647052500987,0.6915788327175233,-0.26701895832972045,0.2908973732339986,0.08473464010282052,0.0023821085029953316,0.5384966420783818
Riccardo Orsolini,ITA,AT,27,1878,-3.770397872780838,1.9956898617780168,-0.5604233607171705,0.07140758218085103,0.27517656940701835,-0.3317635622379741,0.9486445065402344
Benjamín Domínguez,ARG,AT,20,1281,-1.2459575211703566,0.008168197849294066,-0.05766287246989069,0.6741627397978814,-0.6554616343693626,-0.7802633365573294,0.24185274382292965
Nikola Moro,CRO,MT,26,1208,0.05000667534055318,-0.8450769886487625,0.1895229068754956,-0.9675864556978065,0.1330621677201857,-0.6117751622763469,-0.29214167617961084
Tommaso Pobega,ITA,MT,25,1178,-0.5151375447386777,0.35904235807797347,0.45516412058413636,-0.6579151761221879,-0.08456198771594785,-0.1057024982295087,-0.04727851511951912
Lorenzo De Silvestri,ITA,DF,36,1060,0.8245824764909695,0.07173836321640399,-0.516061154944194,-0.1361225065108795,0.1726434251208251,0.10526454679453907,0.12344653346098641
Emil Holm,SWE,DF,24,1137,-0.017843466478154293,-0.4195106990934367,0.13505962384221462,0.1607606598207116,0.006688285412681273,-0.42623290889569293,0.12181587291016387
Charalambos Lykogiannis,GRE,DF,30,1048,-0.8612952432986161,-0.6979304763662261,1.3925109350688896,-1.762173875370829,-1.1050883124230009,-0.6947496257088531,-0.24385594447490413
Thijs Dallinga,NED,AT,23,1154,-1.022698334977911,1.2170584380611371,-0.294098081119387,-0.3226704490921623,-0.7934310067210376,-0.21926027058505046,-0.3105904779218783
Federico Ravaglia,ITA,GB,24,1056,1.6516639112755565,0.4243680485095755,0.23223612720456122,0.11141469368574893,-0.30458991719305495,0.15426857271288638,0.11317125069911718
Lewis Ferguson,SCO,MT,24,983,-0.23323020745072126,-0.3756333068726171,0.19461232588590796,-0.2095568054121623,0.26415253841118624,-0.16179414826463173,0.0022501298349315363
Giovanni Fabbian,ITA,MT,21,1023,-0.7671980964327029,0.8738167611470549,0.13614572994530985,0.01947336304091136,-0.07961274129115715,0.2186258372095392,0.3176199504384679
Nicolò Casale,ITA,DF,26,900,0.7284053432679842,-0.01096444169700989,0.42809069215659323,-0.6255140842562983,-0.18335669862374424,-0.11064144274451791,-0.2026712051722737
Michel Aebischer,SUI,MT,27,724,0.8643996162479137,-0.3541301952489451,-0.23318183998877492,0.058206188798018414,0.22614799200117477,0.10989227711658393,-0.11030220296020557
Stefan Posch,AUT,DF,27,714,0.45500299005081346,-0.7118030223246348,-0.24123552910581866,0.19181555147689794,0.13853460464648468,0.3817713958501644,0.0004895419992980123
Davide Calabria,ITA,DF,27,632,-0.29077512085192647,-1.0026504777742193,0.6551306549879792,-0.9045900666391989,-0.017414827848704833,0.32265638796614066,-0.0007935358705224301
Martin Erlic,CRO,DF,26,334,1.1548537396182965,-0.016395296550621694,-0.08829521919911566,0.18649484733206084,0.2310970013819753,-0.16715216061967098,-0.19883104160234175
Nicolò Cambiaghi,ITA,AT,23,620,-3.6900079516660815,-1.4296963648180283,2.2086372486130657,-0.030737080134108256,-1.2039994539383834,-1.47421045458962,-0.012716447420989714
Jesper Karlsson,SWE,AT,26,298,-0.6138267521823271,0.7889020666407082,-1.1066731707122168,0.872578642953388,-0.30234558544548,0.03603773326512754,0.5364101292980378
Kacper Urbanski,POL,MT,19,247,-1.130244631755299,0.022144371079650702,-0.6892020500277279,0.24293589887447967,0.6775846980678634,0.5945515669317633,1.1329961335839178
Oussama El Azzouzi,MAR,MT,23,19,0.6952306869480948,-2.2194969342362976,-1.9933317555616659,-2.097862489888675,2.3087467497578555,-0.5934557121916704,-0.30232038091104724
Estanis,ESP,AT,20,9,-8.993538420007301,-2.9775591729118958,6.095513203404235,3.446965652654003,2.5115345754642684,9.021819180533766,-1.1229977491241885
Nicolás Paz,ARG,"MT,AT",19,2687,-2.4550516724319054,-0.06069929898145947,0.5953568252776762,-0.7984363216203033,-0.20961651949680996,-0.35791334331331937,-0.48071459853460974
Marc-Oliver Kempf,GER,DF,29,2615,1.1163389121979241,-0.02929537134789978,0.0396562976459985,-0.015471041648810191,0.23832750004823403,0.1914132038840269,-0.11516632832431195
Lucas Da Cunha,FRA,MT,23,2613,-0.36977183979405953,-0.6016186622787912,0.18777661848178334,-0.04776512584269323,0.42247971308556714,0.015305409244877319,0.15618193707749367
Edoardo Goldaniga,ITA,DF,30,2532,1.0285502700633486,0.22523661801464034,-0.16411913216137838,0.06487993730492271,0.26719210383655134,-0.028155351114294253,-0.14302444561638494
Patrick Cutrone,ITA,AT,26,2047,-1.714400791215556,1.0247689437645604,0.051278072219196676,0.11902945765951929,-0.5778857667317824,-0.4973759636983444,0.04345632232457054
Alberto Moreno,ESP,DF,32,1727,0.7532612425078482,-0.5659382803420442,-0.18989836433152393,0.12376052487377946,0.17089128626730832,0.19374140508148482,0.03206935447030067
Máximo Perrone,ARG,MT,21,1857,0.08720119721106233,-0.5278162542794059,0.6433239702856389,-0.9370485879284599,-0.07693836046587355,-0.11515008887709813,-0.20086815457525764
Alberto Dossena,ITA,DF,25,1825,0.9156807329488622,0.18191240180537413,0.4958802883906699,-0.5297265860022036,-0.36842257993290717,-0.1797519447298088,-0.15881000479147303
Jean Butez,FRA,GB,29,1666,1.6489369858160394,0.41683001809658454,0.22589072057602605,0.105115734128739,-0.2971389272962861,0.15213670575412488,0.11198662569902817
Maxence Caqueret,FRA,MT,24,1087,-1.1749238118314917,-0.45411290961147777,0.5010954642087082,-1.394274169894927,-0.2565123983723813,-0.6187020238540091,0.24656972737413105
Pepe Reina,ESP,GB,41,1034,1.6516639112755565,0.4243680485095755,0.23223612720456122,0.11141469368574893,-0.30458991719305495,0.15426857271288638,0.11317125069911718
Álex Valle,ESP,DF,20,1030,0.6892651714444303,-0.5421511442900483,-0.06559891033200972,0.3244545019685873,0.21890758977703872,0.09590934419491226,-0.016778160193489173
Yannik Engelhardt,GER,"MT,DF",23,1164,0.07365277068344674,-0.3422599818051998,0.38856989613938603,-0.2939793895099348,0.23824060934277808,0.020735251042602165,0.17842965274010428
Emil Audero,IDN,GB,27,720,1.6516639112755565,0.4243680485095755,0.23223612720456122,0.11141469368574893,-0.30458991719305495,0.15426857271288638,0.11317125069911718
Mërgim Vojvoda,KVX,DF,29,717,-1.6459639079438944,-0.9609973886510662,1.1509989721357403,-1.0485083845226084,-0.34252354544990077,0.04246188176167702,0.38223550996298533
Sergi Roberto,ESP,MT,32,696,-0.04566798353720196,-0.4979332831053059,0.35350934203863194,-0.5573512221701001,-0.11815784547490363,-0.19408463775401064,-0.36548611212835297
Ivan Smolčić,CRO,DF,23,630,1.116726229902105,-0.043742256286227424,-0.22001733467273005,-0.06157850525934044,0.12375147402049472,0.1274659073749606,-0.15146389374968414
Andrea Belotti,ITA,AT,30,593,-0.6650550513332764,1.4924137140803861,-0.8164687182826851,0.6761306897144043,0.20497688029615044,0.24355506742178232,-0.08089986239644321
Anastasios Douvikas,GRE,AT,24,580,-2.4589525468121685,1.3928608056335008,0.7870083395444142,-0.9251712836515954,-0.9521664226037011,-0.26878708666795237,-0.35088698415555025
Jonathan Ikone,FRA,AT,26,540,-1.2475153451734884,0.5986640351446516,-1.085818589680089,1.4959459610272334,0.1622650309255042,-0.4581085320691684,0.3088428202784454
Federico Barba,ITA,DF,30,431,1.0456101300842302,-0.41612580387824444,-0.40381658907182744,-0.07203942099822593,0.4390751542355608,-0.23723215782410664,-0.15607881963015188
Luca Mazzitelli,ITA,MT,28,335,-1.4539731529818805,-0.2627071450803568,0.3738495732401849,-1.8962981068416276,-0.12001825158550403,-0.5395233882776058,0.6489737276899464
Matthias Braunöder,AUT,MT,22,268,1.15662811867875,-0.4476899148833252,-0.435453981638674,-0.33982352143544736,0.6213804769801198,-0.2212405257754644,-0.1488429536639798
Marco Sala,ITA,DF,25,261,0.2521301139600933,-1.2441281689380503,-0.3566688747448194,0.86265107711295,0.2687625391008428,-0.44100351011662214,0.058253240742065386
Fellipe Jack,BRA,DF,18,171,1.0942320870756546,-0.4166050805707588,-0.06639665488656141,-0.0008017311133920344,0.37178820241411215,-0.049431401735189895,0.03322158379128277
Daniele Baselli,ITA,MT,32,22,-0.6738823244938186,-3.1811049927455066,-0.704946448095925,1.1383031045722505,2.813470785396976,-2.382672321298697,-0.4425899064947861
Simone Verdi,ITA,"MT,AT",32,115,-1.3503493110792755,-1.5040599983744618,0.5294791795627461,0.6582061977320446,-0.016970751698472255,2.2874525386909603,0.18963966877878294
Alberto Cerri,ITA,AT,28,87,-1.3634728616944432,2.6783535960731135,-2.1750923829257394,0.9234608847699546,-0.8034969028232718,1.1371689288308546,-3.618718512430624
Ben Lhassine Kone,CIV,MT,24,51,1.2126537878005756,-0.3188019165403935,-0.5923950261777229,-0.4360180923605979,0.25280993954775494,0.016819045545108234,-0.08001898815984658
Vanja Milinković-Savić,SRB,GB,27,3330,1.6516639112755565,0.4243680485095755,0.23223612720456122,0.11141469368574893,-0.30458991719305495,0.15426857271288638,0.11317125069911718
Samuele Ricci,ITA,MT,22,2825,0.8009703058670226,-0.210258034795837,-0.01345085765006391,0.051125996253315965,0.22183256966792114,-0.28207320475651165,-0.03405494775642787
Saúl Coco,EQG,DF,25,2845,1.2117077936256195,0.2964959157917363,-0.08501714464213703,0.05448506185652909,0.15408368888132262,-0.07699622498174692,0.1262463585910703
Che Adams,SCO,AT,28,2652,-0.9351199494262222,1.3994667279340345,-0.37133186133163504,-0.07223624477077548,-0.2751292034621942,0.03284284542511329,0.11378875420243414
Guillermo Maripán,CHI,DF,30,2340,0.847100856425032,-0.05830919570656815,0.050734080907486406,-0.3297919261510096,0.20305998667030306,-0.03274395677208213,0.018236823769390058
Nikola Vlašić,CRO,"MT,AT",26,2117,-1.1030790375861368,0.023898332027262017,0.2536279754157238,-0.2919513645538557,-0.18619994608606275,-0.5668112008558086,0.2323789444656926
Adam Masina,MAR,DF,30,1919,0.7447920700777161,0.0013703600041553526,0.16814209319050083,-0.47925514629307964,-0.06488418045330267,-0.4774557371571363,0.018211899692169953
Sebastian Walukiewicz,POL,DF,24,1661,0.9596967512069543,-0.46519995582965856,-0.2170812374366218,0.1441703898383965,0.2937721033331089,-0.14048156546591442,-0.03761566067574386
Karol Linetty,POL,MT,29,1540,0.7443354425580404,0.027506550486232764,0.030577552669436438,0.18637547480824826,0.26978546939415576,0.20576060994951098,0.10134101705672889
Antonio Sanabria,PAR,AT,28,1318,0.1361314208784865,0.8661331469086239,-0.21825822321609717,-0.07918842836400086,-0.4055957103155881,0.020882159531403138,-0.12806039046817963
Gvidas Gineitis,LTU,MT,20,1430,-0.16340317174603194,0.3075355162077867,0.27372730311236004,-0.10280535111753825,0.06304570003447259,0.39118770716507334,0.5560659415082617
Marcus Pedersen,NOR,DF,24,1362,0.543036615049917,-0.4155576953199756,0.028001743210457862,1.1738650537778565,-0.31423224005638506,-0.199681155749357,-0.004111525692499544
Borna Sosa,CRO,DF,26,1181,0.8061614641297544,-0.5002755357510665,-0.2812565766189867,0.11656692121864073,0.010215593641536097,0.21315285317217395,0.05003349767176398
Cristiano Biraghi,ITA,DF,31,1158,0.008328660664807714,-0.750242068589478,0.549800500452316,0.4831877508150916,0.18667166888952916,1.0812152521761522,0.1224294761155543
Cesare Casadei,ITA,MT,21,1017,0.2971377025673336,0.1780755196926169,0.15314577358677228,-0.22903058370248172,0.024440608215464975,-0.43590436043338454,-0.07457651046945525
Mërgim Vojvoda,KVX,DF,29,1105,0.7676583737188397,-0.6505612089935927,-0.38163584463090716,0.11601609771399161,0.32805839354347244,-0.09865435704698021,-0.0659930556000445
Yann Karamoh,FRA,"MT,AT",26,1046,-0.38735328981946904,-0.6254425673881112,0.21331432621860574,0.7428724992290962,-0.5581437753696457,-0.2864583041250778,-0.31337339166100625
Ivan Ilić,SRB,MT,23,920,-0.10709014686459113,-0.45797151206381925,-0.16047941615200095,0.5306204624147981,0.4602193846123777,0.23190991572067055,0.17404595539020654
Adrien Tameze,CMR,"MT,DF",30,649,0.3167925192543607,-0.6179695224145826,0.26228214470868866,0.5872573620056631,0.25531105518165903,0.3934131523504821,-0.031577587555963654
Duván Zapata,COL,AT,33,587,-1.4133550691071404,2.3650144212872215,-1.1222455904485458,0.5833135721988776,0.42092587795045067,0.5301020517688296,0.0036967057592897376
Ali Dembélé,FRA,DF,20,388,0.2850074263140913,0.45796839474548207,-0.3044622656770442,0.49135818959600525,0.45667841327660236,-0.33264824832672096,0.6188422956774989
Alberto Paleari,ITA,GB,31,90,1.6516639112755565,0.4243680485095755,0.23223612720456122,0.11141469368574893,-0.30458991719305495,0.15426857271288638,0.11317125069911718
Raoul Bellanova,ITA,DF,24,87,0.2372714534583541,-0.5474532774175894,0.4862043336896786,1.73892073583165,-0.31728201717655824,-0.18488842166129818,0.06919456277329293
Alessio Cacciamani,ITA,"MT,DF",17,31,0.09556620093107808,-1.1967011984523623,0.04970094756854168,2.0439445961692666,0.06746524969466441,-1.1274164451002113,0.028853001735289697
Tommaso Gabellini,ITA,AT,17,10,-0.9999577997679727,0.16922992578131352,0.7378634970268161,3.52974254705561,0.9658817512985808,-1.6517787382011695,-1.802863215223784
Saba Sazonov,GEO,DF,22,3,1.6516639112755565,0.4243680485095755,0.23223612720456122,0.11141469368574893,-0.30458991719305495,0.15426857271288638,0.11317125069911718
Aaron Ciammaglichella,ITA,MT,19,1,1.6516639112755565,0.4243680485095755,0.23223612720456122,0.11141469368574893,-0.30458991719305495,0.15426857271288638,0.11317125069911718
Jesper Karlström,SWE,MT,29,3186,0.7795611450238803,-0.28690751929132713,0.14301670761215587,-0.4715103211074844,-0.11260939445526591,-0.2524512515408399,-0.09218857624781239
Jaka Bijol,SVN,DF,25,2963,1.0793597603996834,0.09058746506076118,-0.09431362553781587,0.022794849600021434,0.25368409420731786,0.031259549771112345,-0.0587530977999847
Sandi Lovrić,SVN,MT,26,2308,-0.5804991838912565,-0.5140844405381105,0.4715422063179025,-0.156364337993212,0.16931507060061296,-0.18725090378279777,-0.07790992466005683
Kingsley Ehizibue,NED,DF,29,2498,0.376615626795094,-0.4185020706198527,0.2630047509484826,0.4851807595002006,-0.30211240717962656,0.10947670900888073,-0.01272217579577565
Lorenzo Lucca,ITA,AT,23,2353,-0.7915065512386442,1.9816394711587173,-0.5829034216923273,0.15712883023733581,0.1744768621619412,0.13149149528313978,0.7927075479360874
Maduka Okoye,NGA,GB,24,2250,1.6496447744686429,0.4187865557682231,0.22753770611872143,0.1067506640759807,-0.2990728731183808,0.15269004366697678,0.11229410169905127
Hassane Kamara,CIV,DF,30,2001,-0.5682578383522198,-0.589470733171292,0.8357568902462511,-0.18730406022953902,-0.6500233592527693,-0.38362115406693925,0.008175762746587278
Jurgen Ekkelenkamp,NED,MT,24,1892,-0.30407684863467144,0.0978974600876071,-0.044429984614349986,-0.08665496150918274,-0.14622317249910655,-0.3157396786443405,0.06272075981698864
Thomas Kristensen,DEN,DF,22,1754,0.9139511666744777,-0.09117764354019327,-0.23600672888900737,0.03885497367638676,0.358279517978038,-0.07751624662715259,0.03972178847783209
Oumar Solet,FRA,DF,24,1672,0.3382058359103011,-0.15390879659238524,0.5186428313173449,-0.48803210387372403,0.014527142109470866,-0.27197305259652216,-0.0003669432931356753
Martín Payero,ARG,MT,25,1381,-0.01639690579388141,-0.2786262441746437,0.24467334327655485,0.21084095068152617,0.05054287796260784,-0.19089917446491664,0.0043637042821726485
Jordan Zemura,ZIM,DF,24,1415,-0.1110319375004148,-0.21193919157939412,0.2467865114350123,-0.1465725193493712,-0.6011200987059576,-0.36170695601997643,-0.008077140773532507
Arthur Atta,FRA,"MT,AT",21,1251,-0.19675246024750817,-0.7068123013485912,0.03936758021746078,0.24676616656502895,-0.17669888597686473,0.033980744316713815,-0.2783365735007438
Christian Kabasele,BEL,DF,33,1161,0.5717424771155816,0.513922931890222,-0.3353003401735856,-0.014630528432289618,0.5175204599328015,0.012973011250807154,0.20296684092015813
Razvan Sava,ROU,GB,22,1080,1.6516639112755565,0.4243680485095755,0.23223612720456122,0.11141469368574893,-0.30458991719305495,0.15426857271288638,0.11317125069911718
Lautaro Gianetti,ARG,DF,30,878,1.2477543618670266,0.4217639831082942,-0.10141190089410639,-0.12612145152489426,0.08223516035660013,0.07805986214666946,0.4207973337506238
Souleymane Touré,FRA,DF,21,733,0.9122418487543605,0.2880377346623207,-0.23652347479742716,0.00799044946438734,0.37961014491717604,-0.130737372951599,0.3005222589327677
Keinan Davis,ENG,AT,26,1066,-1.1897481494309377,0.25319846555681574,0.2084702685817337,0.4599585183443676,-0.19844762595959123,0.5752979916076135,-0.04222222909947912
Oier Zarraga,ESP,MT,25,896,0.7686358367141123,0.11345246610325134,-0.22508529556683304,0.08691503560280571,0.11932985167265919,0.14996044406659667,0.3396154659160951
Alexis Sánchez,CHI,AT,35,437,0.6287062548241465,-0.026520964173298807,-0.5898502713324162,-0.02394374745276981,0.019555070834702645,0.3733025675688373,-0.4706276213898485
Brenner,BRA,"MT,AT",24,386,-2.0282606952930267,0.6105677223981427,1.6529501363323318,-1.9643424165640733,-1.6617068909944128,-1.4992948211344808,0.021234003853712467
Nehuén Pérez,ARG,DF,24,180,1.3079516753458609,-0.0641220773790287,0.024608722214920453,0.2693381776360462,-0.03362459676211172,-0.12566090846542452,0.06575668698620889
Daniele Padelli,ITA,GB,38,90,1.6516639112755565,0.4243680485095755,0.23223612720456122,0.11141469368574893,-0.30458991719305495,0.15426857271288638,0.11317125069911718
Simone Pafundi,ITA,"MT,DF",18,116,-1.3008126059470295,-1.086670286594679,1.991780666330192,0.8676173291958199,0.12033119710355343,3.102148620007256,0.44637016782286876
Enzo Ebosse,CMR,DF,25,90,1.318829311975397,-0.31210472590132743,-0.27625536305816634,-0.4821996439018189,0.41358529082925616,0.08355699917785231,0.02147550648093052
Matteo Palma,GER,DF,16,5,0.7430523481644677,-2.087303685099004,-1.8820533614233546,-1.987398630709954,2.17807991641031,-0.5560694979464427,-0.281545799330539
Morten Frendrup,DEN,MT,23,3103,0.9519617463842863,0.08369124890780494,-0.1310621994281534,0.023487226398561968,0.25718557021655897,0.07096362262471141,0.10803980366298269
Aarón Martín,ESP,DF,27,3085,-0.5603009760212118,-0.5792262239704744,1.2862849664320515,-0.8087435989038944,-0.7958527897359073,-0.1589344437627787,-0.1265042069180232
Johan Vásquez,MEX,DF,25,3041,0.8879855370563655,0.2500834127940388,-0.14573980142163465,0.19129000001840657,0.345523517503554,-0.16451001569427598,0.11195297859073323
Andrea Pinamonti,ITA,AT,25,2850,-0.3595977066182703,1.3453644426219524,-0.5746680510065154,0.16439754368384915,0.04621625639414984,0.15948592688770666,0.4515964758118029
Nicola Leali,ITA,GB,31,2610,1.6516639112755565,0.4243680485095755,0.23223612720456122,0.11141469368574893,-0.30458991719305495,0.15426857271288638,0.11317125069911718
Koni De Winter,BEL,DF,22,2135,0.8972610381015834,0.5867319861938657,-0.24335854900700207,0.00859425547474488,0.2676663753128016,-0.006890317160011357,0.21365974725897863
Stefano Sabelli,ITA,DF,31,2058,0.3551907210317751,-0.5934743562924417,0.4446271179699228,-0.2065588887443081,-0.04986271938785557,-0.1830316558035984,-0.031172476759086108
Morten Thorsby,NOR,"MT,AT",28,1898,0.19942305335607624,-0.1675831030947181,0.13095828436642767,0.06386246028517871,-0.16405049641394662,0.3864881035869313,-0.35440047344072506
Fabio Miretti,ITA,"MT,AT",20,1677,-0.9552003983294587,0.14518211981248716,0.27400855806848784,-0.24671780672394011,-0.45436034601752706,-0.2272095332643821,0.002013808686315947
Milan Badelj,CRO,MT,35,1472,0.7048850688164199,-0.2136115624344165,-0.2475307335060671,-0.300508515342621,0.5739316748371331,0.2996172255449614,0.0675934074819786
Mattia Bani,ITA,DF,30,1507,1.3038599223602183,0.3167134982610345,0.03285249909864257,0.0959098470997314,-0.016121841701607405,0.12388685469452089,-0.1798980218926997
Patrizio Masini,ITA,MT,23,1538,1.0142006011661908,0.06475744653985278,-0.1653658065855291,0.19402322476847633,0.08926235141901433,-0.0813576116020957,0.18595292191716087
Alan Matturro,URU,DF,19,900,1.1775017315776153,-0.007378094073445504,0.16985544214150594,0.39397009091561225,-0.027613263624764937,-0.01637879453185639,0.012274445639067664
Junior Messias,BRA,"MT,AT",33,847,-0.9757195978888605,-0.023592862658455994,0.02403797983006877,0.5923326847359112,-0.06312729476935733,-0.5768162362039424,-0.5233309450909939
Alessandro Vogliacco,ITA,DF,25,715,0.3232373517826517,0.9171561831080707,-0.5145653751100959,0.16777950681713338,0.6869579062247884,-0.32058453338043025,0.3093448549934456
Pierluigi Gollini,ITA,GB,29,630,1.6516639112755565,0.4243680485095755,0.23223612720456122,0.11141469368574893,-0.30458991719305495,0.15426857271288638,0.11317125069911718
Ruslan Malinovskyi,UKR,"MT,AT",31,383,-2.406673508572381,-1.4119348702479284,2.3322296527249833,-2.9817508509719244,-0.7686373549869681,-0.022887499700173147,-0.4273225031178242
Caleb Ekuban,GHA,AT,30,555,-2.8193936051035555,1.0996149051816153,1.2053093948152978,-1.803099984052832,-1.9911001711380643,-1.1722318856548615,-1.3134808896950816
Sebastian Otoa,DEN,DF,20,179,1.6516639112755565,0.4243680485095755,0.23223612720456122,0.11141469368574893,-0.30458991719305495,0.15426857271288638,0.11317125069911718
Jean Onana,CMR,MT,24,304,1.2419182573903549,-0.19269629966526294,-0.10665856183012731,-0.13963765209746187,0.08813388966078578,0.18292285292141697,0.08584507188227712
Lior Kasa,ISR,"MT,AT",18,230,0.15596363510587968,0.9889673000396765,-0.7569104074798629,0.19520482770140557,0.17881877895730752,0.502442723818378,-1.5726205842640961
Benjamin Siegrist,SUI,GB,32,152,1.6516639112755565,0.4243680485095755,0.23223612720456122,0.11141469368574893,-0.30458991719305495,0.15426857271288638,0.11317125069911718
Emil Bohinen,NOR,MT,25,166,0.5596261257686808,-0.4490958830948363,0.28505951910916477,1.001468894495766,0.392440032930365,-0.3821657804790823,-0.19302164763897114
Filippo Melegoni,ITA,"MT,AT",25,89,-4.675173051344356,-0.7859154241503827,5.783757606916344,-5.319973688679295,-3.626590348971608,-0.9566503053401283,-0.6231924471059309
Alessandro Marcandalli,ITA,DF,21,46,1.552901784850438,0.15136025137820822,0.0024220523537008065,-0.11671718940074052,-0.03473450049703699,0.07705791285861152,0.07026722352198064
Gastón Pereiro,URU,MT,29,31,1.0132025915487888,-0.6635201156330939,-0.9902739091762066,-0.3774063118757531,-0.14319893149554716,0.10013993882790509,0.1049439439134983
Lorenzo Montipò,ITA,GB,28,3240,1.650261732937422,0.4204920118836364,0.2289733347838392,0.10817578423452105,-0.3007586365856424,0.15317237198656028,0.11256211944907143
Diego Coppola,ITA,DF,20,2927,1.3697051313146902,0.41340089614325903,-0.02227840504762038,-0.016723778909720318,-0.005503821990491685,0.03575515535190332,0.22789926171772462
Ondrej Duda,SVK,MT,29,2395,0.1142568380914222,-0.40079889340480207,0.5340572883083391,-0.6722528393210605,0.10229386342396533,0.08568328511901799,0.006057014971651022
Tomáš Suslov,SVK,"MT,AT",22,2080,0.32844347271113233,-0.47490444607458177,0.08832068178895981,0.19514643269591692,0.0016888339721064674,0.10004147045540257,-0.1715425473319792
Amin Sarr,SWE,AT,23,1907,-0.36545434568683594,0.41239703335593664,-0.07222595697400755,0.2879764161796404,-0.11823133300462553,0.24539651805952506,0.3142680907871602
Domagoj Bradarić,CRO,DF,24,1933,0.45400021127890466,-0.23403212407111906,0.08037903668589233,0.4421613506601848,-0.0510154089723069,0.4817596761634948,0.23694240352013024
Daniele Ghilardi,ITA,DF,21,2029,1.2684661501425902,0.002591334370785369,-0.007325460958617356,0.08861024506994451,0.12045531813963042,-0.01860862182792529,-0.05730540570073819
Casper Tengstedt,DEN,AT,24,1517,-0.9897781064871788,1.3847211387213265,-0.5716002677151539,0.4216923718586724,0.08532056971265288,-0.195212495102341,0.2906700836866211
Reda Belahyane,MAR,MT,20,1658,0.48990571379203096,-0.4547992723476281,0.49322747730451927,-0.4851960143908052,-0.052396467035380326,-0.3485141923986744,-0.08760794888975772
Suat Serdar,GER,MT,27,1376,0.013464711758005699,0.19698297185396169,-0.06319620089712252,-0.176453926423268,0.14430548009041988,-0.139681911014107,0.02541158731897851
Nicolás Valentini,ARG,DF,23,1129,1.0711175944164666,-0.15395961970632954,0.10725239885089473,-0.18648594220389636,0.3034374892644677,0.4122398626463571,-0.016764552528639152
Daniel Mosquera,COL,AT,24,1375,-1.2798076154433218,1.6804148883799093,-0.6503993417457479,0.2201331736693199,0.024279871344442917,0.20946813551601995,-0.27124237378271454
Giangiacomo Magnani,ITA,DF,28,1065,1.0197386761848175,0.46368659354159625,-0.3004994570714717,-0.026870785587144775,0.2034920084945818,-0.010885227893523879,-0.019671479792799144
Flavius Daniliuc,AUT,DF,23,1004,1.2431371147802472,-0.193870722510827,-0.12173884945295126,-0.006367562294379859,0.18318973375482156,-0.05490683880688724,0.007132062232778282
Grigoris Kastanos,CYP,"MT,AT",26,872,-0.4470282368362654,-0.194189100375827,0.5345851559488312,-0.33792272250038635,0.052361393226982605,0.43843234630808814,0.10611996630295017
Cheikh Tidiane Niasse,SEN,MT,24,755,1.134071702320358,-0.05944170456323056,-0.23729389929827016,0.05148898600809009,0.022445214481327882,0.04656401400032128,-0.10969810040762824
Antoine Bernede,FRA,MT,25,594,0.15121015147893654,0.079410123728959,-0.4989473448771213,0.07209970715278238,0.42799629558678964,0.23541300807648494,0.22852985313978902
Martin Frese,DEN,DF,26,549,1.0241778022824537,-0.32129709671621653,-0.07322380423369046,0.2119384508610016,0.07913770453637184,0.02139818242370439,0.04675674186580285
Abdou Harroui,NED,"MT,AT",26,463,-3.0640261548515446,0.2784267532369079,0.7889806050452552,-0.4286582582362558,-0.8561467057253781,-1.8506029421578971,-1.193342610332839
Daniel Bandeira,POR,MT,24,407,1.1365347094108262,-0.45659228473739394,-0.367452957682324,-0.43688582718569846,0.4337612422960452,0.10765450787984976,-0.00607853305911041
Davide Faraoni,ITA,DF,32,260,0.84771207875954,0.04197394558404227,-0.11812354380482805,0.3875533057466123,-0.4624381798957387,0.4480719593204317,-0.05344450584187519
Simone Perilli,ITA,GB,29,180,1.6516639112755565,0.4243680485095755,0.23223612720456122,0.11141469368574893,-0.30458991719305495,0.15426857271288638,0.11317125069911718
Daniel Oyegoke,ENG,DF,21,103,0.9164923189919351,-0.2308615656742561,-0.20785811102688556,0.688799348356261,-0.33923542709685367,-0.16866983235475874,0.009107404886984687
Junior Ajayi,CIV,AT,19,13,1.3021979254635991,-0.5416595413398781,-0.5809521376523294,-0.6958212003125984,0.6502830957313163,-0.11893837754070168,-0.03864299931228905
Yllan Okou,FRA,DF,21,2,1.6516639112755565,0.4243680485095755,0.23223612720456122,0.11141469368574893,-0.30458991719305495,0.15426857271288638,0.11317125069911718
Roberto Piccoli,ITA,AT,23,3127,-0.5586701163774287,1.6364760135647392,-0.7701269593366528,0.3828764354372607,-0.021129338667939142,0.11471713113669393,-0.15430947389836722
Sebastiano Luperto,ITA,DF,27,3240,0.7069004766051681,0.09708021496425451,0.3227993439807399,-0.37806697255015664,-0.08321111565005025,-0.16394872226430107,-0.11673550696255203
Gabriele Zappa,ITA,DF,24,3060,0.34006491560212593,-0.5284739419072734,0.03841071891284457,0.23296902734243213,0.45542309779697593,0.3377948455898295,0.2372352400998028
Yerry Mina,COL,DF,29,2569,1.0810537604653412,0.24597427864500201,-0.14259799200323772,0.045548536278869386,0.21458313735781562,0.0018914137775182436,-0.09709856802537353
Tommaso Augello,ITA,DF,29,2713,-0.6614593397902157,-0.8967754117455895,1.1215352378134464,-0.7758405192391822,-0.6635885978076131,-0.3748419536996866,-0.08714994106137589
Michel Ndary Adopo,FRA,MT,24,2409,0.5194784804166905,-0.2994149163124691,0.022111933768143473,-0.24471635074794476,0.106198853500462,0.21990372193162225,0.08288030578406692
Antoine Makoumbou,CGO,MT,26,2150,0.6380593134652914,-0.2779555660854772,0.42754797479709516,-0.8301623081615211,-0.23947628117049582,-0.391552689657843,-0.10894062215880623
Elia Caprile,ITA,GB,22,1620,1.6516639112755565,0.4243680485095755,0.23223612720456122,0.11141469368574893,-0.30458991719305495,0.15426857271288638,0.11317125069911718
Alessandro Deiola,ITA,MT,28,1432,0.32684726690261134,0.42347391814701996,-0.07602195578274837,-0.16477745950984807,-0.06571112520441316,-0.07819698194980838,0.1298531395869558
Răzvan Marin,ROU,MT,28,1406,-1.1913503067203202,-0.174586273874369,0.6177715665972022,-0.705345888675934,0.550729641878089,0.507283431551532,0.21099623911623322
Simone Scuffet,ITA,GB,28,1170,1.6516639112755565,0.4243680485095755,0.23223612720456122,0.11141469368574893,-0.30458991719305495,0.15426857271288638,0.11317125069911718
Adam Obert,SVK,DF,21,1077,0.3880929678209182,-0.05410630426892737,-0.030612196586916454,-0.3723993050653745,0.08350815511547287,-0.37170383676417823,0.006659872151655788
José Luis Palomino,ARG,DF,34,1081,1.1696526767115305,0.28784864277150807,-0.21131629880186154,-0.1047765154082689,0.2564257588469756,-0.07322794453371001,0.1901589694128988
Mattia Felici,ITA,"MT,AT",23,925,-1.259838535924026,-0.8556184233622899,1.2295089782801882,-0.005801410008613412,-1.415270021727932,-1.1652375806833217,-0.3108800219950358
Gianluca Gaetano,ITA,"MT,AT",24,1009,-2.7456274422556524,0.6296093466578992,0.6810874384314074,-1.5122171472080568,-1.0970754736172628,-0.17159460248380953,-0.9925830624144704
Matteo Prati,ITA,MT,20,570,0.8577580318559388,-0.3462832803299693,0.14858454277214614,-0.21284308558814785,0.27917447628520514,0.6797896301323524,0.0717894042784109
Alen Sherri,ALB,GB,26,621,1.6516639112755565,0.4243680485095755,0.23223612720456122,0.11141469368574893,-0.30458991719305495,0.15426857271288638,0.11317125069911718
Paulo Azzi,BRA,DF,30,426,-0.40366410433168165,-0.8089710386913557,0.38728323423598326,1.0516122141149566,0.15299374399955248,0.7487304657464884,-0.15556730822038367
Mateusz Wieteska,POL,DF,27,184,0.9343202591345594,0.1348072003639885,0.1512959641428535,0.0067769059076792605,0.25595272233066513,0.4487559392486286,-0.267061648271603
Giuseppe Ciocci,ITA,GB,22,9,1.6516639112755565,0.4243680485095755,0.23223612720456122,0.11141469368574893,-0.30458991719305495,0.15426857271288638,0.11317125069911718
Nicola Pintus,ITA,DF,19,4,1.6516639112755565,0.4243680485095755,0.23223612720456122,0.11141469368574893,-0.30458991719305495,0.15426857271288638,0.11317125069911718
Zion Suzuki,JPN,GB,21,3314,1.6516639112755565,0.4243680485095755,0.23223612720456122,0.11141469368574893,-0.30458991719305495,0.15426857271288638,0.11317125069911718
Simon Sohm,SUI,MT,23,2989,0.22657033076590827,-0.14063574537488305,-0.20310851952062506,0.41350837984271904,0.5803317304738825,-0.09046447241242542,0.1734481810674208
Emanuele Valeri,ITA,DF,25,2873,-0.7792045226692159,-0.5273144624558966,1.0561643017947777,-0.25990194134733396,-0.4344075167835812,-0.3153754011546095,-0.00836535463751025
Enrico Del Prato,ITA,DF,24,2947,0.8614262268269975,0.4086947220882311,-0.15984011628517794,-0.07778306978961622,0.21497189205779987,0.22486859703668755,0.32915321822420684
Ange-Yoan Bonny,FRA,AT,20,2529,-1.2440238126833603,0.9285517395057433,-0.07139393296349367,-0.05767058710316908,-0.4222801329636132,-0.013968770615926756,-0.4029169298838061
Mandela Keita,BEL,MT,22,1826,0.7742592671145657,-0.11406214639297131,0.5673075713675494,-0.4678725269073058,-0.24142555291926643,-0.19519051419533803,-0.04930885881303621
Botond Balogh,HUN,DF,22,2053,1.3073834428771791,0.19608517713958287,0.20335865380363521,-0.1607584009848212,-0.1972679047496278,-0.1408160430645038,-0.0464844981192441
Lautaro Valenti,ARG,DF,25,1556,1.3304085502910254,0.335265886704906,0.011613220886184345,-0.022236653393163275,0.017760796262636828,0.0780654535750448,0.2719394492518304
Adrian Bernabe,ESP,MT,23,1453,-0.03474002098413999,-0.7611082909774144,-0.10076124262879037,-0.17634654365326702,0.7810469243985302,-0.43465368686244277,-0.15149822873465757
Hernani,BRA,MT,30,1327,-1.207251636695942,0.08643191752599902,0.3118828732405228,-0.7383862956928964,0.08255849265117524,-0.7028358922379863,-0.08703714541159666
Giovanni Leoni,ITA,DF,17,1199,1.3476487215588855,0.4344025041720994,-0.08295106888254716,-0.07145987072435217,-0.016836811103805464,0.04705658426822409,0.3467924741431423
Woyo Coulibaly,MLI,DF,25,1084,0.15638103809356926,-0.7605634257677742,0.62577471290511,0.404367561855677,0.07407858243764472,-0.4481783856805722,-0.044361134201616984
Alessandro Vogliacco,ITA,DF,25,772,1.4228595812704796,0.05233327098483278,-0.0006956563174865738,-0.09149309603444339,0.07907392035116483,0.07315824588226755,0.02508289812892372
Mateo Pellegrino,ARG,AT,23,737,-1.405470522680327,1.7384879180252688,-0.3912662425513068,-0.2522587364949618,-0.048071485616189985,0.052688048004245897,-0.0285645932361242
Nahuel Estévez,ARG,MT,28,657,0.9118259743913657,-0.4089667822074257,0.12920371012900703,-0.2514220999900879,0.39504231095955605,0.5527330821980024,0.07637585379785694
Alessandro Circati,AUS,DF,20,540,1.4256390668192507,0.29811907914749375,-0.007664363595308247,-0.0020307208256144004,-0.021252982327530996,0.08044469021262865,-0.11621191469472543
Mohamed Haj,TUN,MT,19,453,-2.322660594709797,0.0038958373326673434,1.6723699719243257,-1.7227688948636737,-1.3207254217295505,-0.3496094822677977,0.19130931323008435
Jacob Ondrejka,SWE,"MT,AT",21,422,-2.7709639506355606,2.8619604690789724,-1.0610536542347078,0.8157681489037926,1.594563005608265,-0.2914543613643398,3.1730238716726156
Milan Đurić,BIH,AT,34,268,0.4706261497497292,1.1536612476524541,-0.6837494492244932,-0.1293164218904893,0.29927868857343665,-0.09426437890391737,1.0684143544838747
Yordan Osorio,VEN,DF,30,172,1.1727056365490407,0.011669242985742047,0.37383799798040523,0.0831593755816231,0.07408190467157226,0.4205833760371322,0.09120687495390761
Drissa Camara,CIV,"MT,AT",22,447,-0.9063990286962963,-0.9008906933659333,-0.31648621501958935,1.0266307175786855,0.4584950919020398,0.4796343646560217,-0.7492579529517277
Leandro Chichizola,ARG,GB,34,90,1.6011854911027181,0.2848307299757656,0.11477560005856595,-0.005186046558456771,-0.16666381532620136,0.1148053465651459,0.09124252569746963
Mateusz Kowalski,POL,MT,19,56,-0.0761210047713255,2.1094464694658783,-0.9528594441750006,0.506842603028579,-0.16289445936253005,0.6716666477265467,-2.426666469759735
Gabriel Charpentier,CGO,AT,25,271,-4.739299893534292,0.9492504014305073,2.5704290501628355,-2.664400881754832,-1.780722032495749,-1.1301131332846017,-0.7240998235358487
Wylan Cyprien,FRA,MT,29,28,-0.6649289192226111,0.6868268955348993,-0.9448085420286633,0.7807473286183407,1.3729471226259529,-0.4584373359308502,-2.484343429882029
Federico Baschirotto,ITA,DF,27,3420,1.307606218028132,0.32033131317237146,-0.04822472083015032,0.023536003731938773,0.06148440569556591,-0.015299434405877187,0.1397785650549546
Wladimiro Falcone,ITA,GB,29,3420,1.6516639112755565,0.4243680485095755,0.23223612720456122,0.11141469368574893,-0.30458991719305495,0.15426857271288638,0.11317125069911718
Nikola Krstović,MNE,AT,24,3057,-1.3582877253944463,1.4607360022103502,-0.11764918888864369,-0.20861197279885058,-0.2327864968686371,-0.23942042549521692,-0.11525350838907307
Antonino Gallo,ITA,DF,24,2609,0.216739915004617,-0.743999277782391,0.2942898010419698,0.11060536038606068,-0.14772650473106147,-0.05959246457073623,0.0321149954038789
Frederic Guilbert,FRA,DF,29,2435,0.6005620885253294,-0.5083808462258735,0.3263961243687576,0.18657375422808956,0.09642368967040402,-0.05847899817925043,0.016243554837217126
Lassana Coulibaly,MLI,MT,28,2667,1.0100954397366675,-0.10238900913512688,-0.15615492504861214,0.04423164672006953,0.12429930216569955,0.101241032699116,0.08668436679133594
Kialonda,ANG,DF,26,2144,1.185555413417298,0.27893917446907085,0.23434746282446975,-0.18045830665319038,-0.20694818251038138,0.04888251591630473,-0.13080913533916005
Santiago Pierotti,ARG,AT,23,1937,-0.5776848347208738,0.34357992851143454,0.30362362824974404,0.2575386291374392,-0.1360398024154968,-0.01548372672952031,0.29107616347197457
Ylber Ramadani,ALB,MT,28,1807,0.7786101112965126,0.01570715975182301,0.24231179069115805,-0.3475001023669913,0.09106574953768214,0.08525577630875866,0.11837204628460804
Balthazar Pierret,FRA,MT,24,1723,1.1678986674005882,-0.32764221653505354,-0.18636825741333143,-0.12880985290370148,0.31858902902942227,-0.018553126746583153,-0.0029867864912912876
Gaby Jean,FRA,DF,24,1388,1.3450614895306945,-0.04151041363048873,-0.016746484786431964,-0.01483372184462348,0.12565669940872154,0.0021547261946565726,0.016165723832235437
Hamza Rafia,TUN,MT,25,1058,0.4963496505264548,-0.6159932568979424,0.023895822907968278,0.0436968452849789,0.3103846620005016,0.5935019023872232,0.0038831467239601844
Þórir Jóhann Helgason,ISL,MT,23,1156,-0.8464207990066488,-0.4183299866115899,1.0880456826002398,-1.111516080223734,-1.2631620231614162,-0.9075400416770111,-0.48172471664114347
Medon Berisha,ALB,MT,20,716,-0.040189937930308346,-0.5860359165211804,0.27221856685961227,-0.5075802772548502,0.010515282464434214,-0.433780654979701,-0.41189214622790715
Jesper Karlsson,SWE,AT,26,495,-0.6374157067895753,0.4765596389630483,-0.37089320681156374,0.7743176907122659,0.15921300238380473,0.5588999445226817,-0.06659425534376821
Remi Oudin,FRA,"MT,AT",27,299,0.2442918855693731,-0.6917169886791709,0.054727123218116236,-0.05140373343285016,0.053719660795036046,1.1696767332806062,0.1221313587662686
Mohamed Kaba,FRA,MT,22,452,1.0704127853886274,-0.08129574025187175,-0.3155863913064716,-0.016342068371562136,0.14174368766303913,0.028732428106310125,-0.2025060232765368
Danilo Veiga,POR,DF,21,374,0.3277101597789673,-0.16650299924815723,-0.008095511455546373,0.8269161323978634,0.12944394612034701,0.06859626505303071,-0.44597809575635144
Valentin Gendrey,FRA,DF,24,180,0.3635094579179719,-0.4428210173081361,0.2552124903836,1.1516887324979141,0.3243344199787967,-0.3217503891706512,-0.2798813063375592
Andy Pelmard,FRA,DF,24,129,1.488579021524334,0.21427622846490108,0.23427053894746228,0.28032817540458643,-0.1349362849413223,-0.03452723721603432,0.08107987489303459
Tiago Gabriel,POR,DF,19,96,1.6043403923635207,0.2935518123841287,0.12211688300519065,0.002101499706806088,-0.17528419669287967,0.11727179819937969,0.0926130710100726
Marco Sala,ITA,DF,25,72,-2.3917169620152996,-3.0621968188082422,0.8691094874536581,1.5994700351532458,0.8051859576740921,1.6646356244425977,0.4418341103934762
Kevin Bonifazi,ITA,DF,28,65,1.4994154427253272,0.1649485632140159,-0.05928549685546802,-0.005150315332763059,-0.2661043744498031,0.1413609754018524,0.11120935446562344
Nicola Sansone,ITA,"MT,AT",32,65,0.2605785853272026,0.5832078080482804,-0.7235621354584094,0.26917130602491995,-0.5749100315881861,0.8709428858644964,-0.8542860167819155
Rareș-Cătălin Burnete,ROU,AT,20,28,0.33019616079657615,0.4757521156685424,-1.2855220965413168,0.6336984082403891,-1.5409626867762338,0.6941575380635594,-0.5672246310728437
Filip Marchwiński,POL,MT,22,15,1.6516639112755565,0.4243680485095755,0.23223612720456122,0.11141469368574893,-0.30458991719305495,0.15426857271288638,0.11317125069911718
Devis Vásquez,COL,GB,26,2880,1.6516639112755565,0.4243680485095755,0.23223612720456122,0.11141469368574893,-0.30458991719305495,0.15426857271288638,0.11317125069911718
Mattia Viti,ITA,DF,22,2572,1.1954445199947246,0.03513029650874439,-0.11216384692115827,-0.013188798102211777,0.20955145793057484,-0.03326154008981658,0.04756514548032572
Saba Goglichidze,GEO,DF,20,2539,1.252704417536375,0.12148856754997443,0.2474122678733014,-0.11572202921628638,-0.21172505359308458,-0.10164198001575082,0.003636555151921736
Ardian Ismajli,ALB,DF,27,2508,1.5386949525686093,0.24162642263547102,0.06884244154886272,-0.003585161073769222,-0.10194694832718074,0.08274720118021152,0.043648601306814895
Liam Henderson,SCO,MT,28,2337,-0.07545774852902734,-0.5917744275451398,0.7653757686227352,-0.8855899459782972,-0.24473714715033978,0.20920142649149887,-0.0885128774814871
Alberto Grassi,ITA,MT,29,2203,1.0062992938322783,-0.004131012061176667,-0.09987947445521808,0.047713146926274486,0.20558902856418676,0.07762214821970545,0.07427938945439856
Liberato Cacace,NZL,"MT,DF",23,2230,-0.4582499426206809,-0.13828573753512227,0.4636920200978744,-0.14191821479480504,-0.47046717366747726,-0.5805175261497949,-0.14258740288903266
Youssef Maleh,MAR,MT,25,1510,0.6436579262654185,-0.3452825600295835,-0.040831667397931336,-0.41357798399016626,-0.022905738534992563,0.00012093198647303044,-0.15710469959855328
Jacopo Fazzini,ITA,MT,21,1383,-0.6842817508939918,0.5357755473940371,-0.5446179730647535,0.3819402349965157,-0.013431849027736961,-0.5053246139737493,0.2747858000275657
Faustino Anjorin,ENG,MT,22,1114,-1.1479729733583028,-0.3408048424996499,0.9040765406107161,-0.791843265464684,-0.26964952636076545,-0.759889692711827,0.21567765423655813
Luca Marianucci,ITA,DF,20,1069,1.140693186857908,0.01455469860127777,0.06806180428203834,0.21762852367611704,0.16352437615951917,-0.00759283039734428,-0.12853407251212529
Ola Solbakken,NOR,"MT,AT",25,760,0.5145151373290393,-0.2889065916115852,-0.060627280379785285,0.7341701429744536,-0.03490850363167196,0.053681251270184804,-0.20735421341116342
Mattia De Sciglio,ITA,DF,31,769,0.9046888412105892,0.495277522212243,-0.16956480302729784,0.05600478486801553,0.18057817353545466,0.06326622895702941,0.2734879119583187
Marco Silvestri,ITA,GB,33,450,1.6516639112755565,0.4243680485095755,0.23223612720456122,0.11141469368574893,-0.30458991719305495,0.15426857271288638,0.11317125069911718
Pietro Pellegri,ITA,AT,23,414,-1.3538574614489174,1.1941996852663337,-0.4971249089277181,0.8777384078124395,0.6028053477597233,-0.044786590688953076,2.441514326402385
Nicolas Haas,SUI,MT,28,287,1.276505414424528,-0.13957498340706237,-0.003343563961755012,0.01702668450095509,0.11015862650423514,0.043431463092237096,0.0669987561614161
Sebastian Walukiewicz,POL,DF,24,180,1.0163704345715299,-0.4446796772424019,-0.0992314751468073,0.03112287461330753,0.24425151051598462,0.06369228991353915,0.0680508985350782
Jacopo Seghetti,ITA,GB,19,90,1.6516639112755565,0.4243680485095755,0.23223612720456122,0.11141469368574893,-0.30458991719305495,0.15426857271288638,0.11317125069911718
Emmanuel Ekong,SWE,"MT,AT",22,186,-0.039194644025544435,-0.9421148708393526,-0.30889863792594074,1.5104567214297129,-0.4687146051696284,-0.21187135496916285,0.011570017908342148
Szymon Żurkowski,POL,MT,26,106,1.1458027911032536,0.23342540788659477,-0.09225988125013836,0.4290912682645269,-0.328359794716833,0.04394311342947797,-0.13798963726070101
Viktor Kovalenko,UKR,MT,28,77,0.7256441572158215,-0.2647859217505824,-0.65669429680705,0.1498524573762224,0.16330498110899888,-0.12158055021413894,-0.3987377930444605
Jacopo Bacci,ITA,MT,19,31,1.5051136591608647,0.019259704379159505,-0.1087783064451026,-0.22710358444259027,0.09584070113006847,0.039697916154930124,0.04950721037175328
Thomas Campaniello,ITA,AT,16,25,-3.708416809261821,4.268219480340389,-4.1279163847439095,1.583988135401098,-1.368768685122101,1.9205974535986687,-6.354725125534139
Francesco Caputo,ITA,AT,36,6,0.759481804573981,-0.2929499308518375,-1.1640068929224927,0.5976381996482881,-1.9565547321439642,0.6063846607261255,0.4208482498609819
Petar Stojanović,SVN,MT,28,3,1.6516639112755565,0.4243680485095755,0.23223612720456122,0.11141469368574893,-0.30458991719305495,0.15426857271288638,0.11317125069911718
Lorenzo Tosto,ITA,DF,18,1,1.6516639112755565,0.4243680485095755,0.23223612720456122,0.11141469368574893,-0.30458991719305495,0.15426857271288638,0.11317125069911718
Jay Idzes,IDN,DF,24,3127,1.165586094037288,0.17404800190393052,-0.05619071238099698,0.003067850086233599,0.13040482497106848,0.10575453686450204,-0.00041108302949096763
Hans Nicolussi Caviglia,ITA,MT,24,2861,0.3046630051344791,0.08011330021400152,0.010241378832918162,-0.49117835500046986,0.3754788925783217,-0.020218656169737437,0.23566976626705352
Gianluca Busio,USA,MT,22,2518,0.20108871411959298,-0.3096259335335253,-0.30869628875470917,0.6338025177279191,0.09975314288867858,0.050058188002327024,0.061001855496587626
Joel Pohjanpalo,FIN,AT,29,1603,-0.8252617858392632,1.8074048928721484,-0.8086575369804796,0.2976718078740463,0.4022135428099784,0.6554942297188151,-0.08955198311340296
Francesco Zampano,ITA,DF,30,1639,0.01578124221705185,-0.3014943032193828,0.277741618848225,0.2594993137861416,-0.5422031460267516,-0.5598541711893555,0.021816593674116848
Fali Candé,GNB,DF,26,1530,0.7977414493190338,0.2716049387422638,0.12481677307045734,-0.4021714269159854,0.02237628034788408,-0.09222268102258539,-0.027761490932264588
Alessio Zerbin,ITA,DF,25,1518,-0.4337373104135659,-0.5075739596817322,0.349762242767084,0.666501004177796,0.10194256850421198,-0.053931353705391254,-0.09467936641115204
Filip Stankovic,SRB,GB,22,1367,1.6516639112755565,0.4243680485095755,0.23223612720456122,0.11141469368574893,-0.30458991719305495,0.15426857271288638,0.11317125069911718
Ionuț Radu,ROU,GB,27,1350,1.6516639112755565,0.4243680485095755,0.23223612720456122,0.11141469368574893,-0.30458991719305495,0.15426857271288638,0.11317125069911718
Michael Svoboda,AUT,DF,25,1314,0.9789080185324065,-0.004156882400026992,0.03440480381125024,0.06797241240461789,0.3133254851973878,0.04724306530424536,0.2932834323639132
Ridgeciano Haps,SUR,DF,31,1369,0.16713906988273788,-0.17300128279376564,0.04148788574881913,0.06458952504725543,-0.05012534197906924,-0.2758351184531561,-0.009455078094095352
Kike Pérez,ESP,MT,27,1114,0.2535343373828449,-0.3928850672817343,-0.17328927982293427,0.11006121383990149,0.5387175016161103,0.3155999730431434,0.14688438003289864
Joël Schingtienne,BEL,DF,21,1122,1.405477907861359,0.011421388299544134,0.02623980323489827,-0.00150646447412922,0.026337038307769373,0.045902946307894384,0.06982152784240568
Marin Šverko,CRO,DF,26,1117,1.0068558002558263,0.1321782722854008,-0.05986746114994658,-0.03047508733584722,0.3455301933235701,0.032655791196709145,0.24405047794273305
Antonio Candela,ITA,DF,24,1008,0.49470001522738394,-0.25572202094822144,0.4551399196766253,-0.19417838218376426,-0.33972056063250333,-0.050563641163053986,-0.06483125688047468
Alfred Duncan,GHA,MT,31,957,0.5852433619964945,-0.4996524976914039,-0.02956275002554425,-0.08560833750136633,0.5604768718645751,0.42815523884600476,-0.17249335003455235
Issa Doumbia,CIV,MT,20,939,0.9061846166761165,0.058453341943219134,-0.22470655589671173,0.4051230836873386,-0.11271150099736435,0.013228074170787692,-0.2724113688376932
Giorgio Altare,ITA,DF,25,753,1.28284927094873,-0.0005098722928132351,0.006510170938288085,0.021385150720325413,0.052526951597335655,0.10623304900360865,0.003921344047155176
Jesse Joronen,FIN,GB,31,703,1.6516639112755565,0.4243680485095755,0.23223612720456122,0.11141469368574893,-0.30458991719305495,0.15426857271288638,0.11317125069911718
Magnus Kofod Andersen,DEN,MT,25,695,0.05053850754504105,0.07099400938269157,0.3127443373730868,-0.550023900611866,-0.267326818382193,-0.3692535532745197,0.32173038221133565
Christian Gytkjær,DEN,AT,34,754,-0.7170205387831374,1.2960383994582065,-0.2917988781707012,-0.19329358416651976,-0.7354241551362057,0.08338138071430767,-0.05400434075749265
Daniel Fila,CZE,AT,21,492,-0.5684016956105548,1.409908788175658,-0.8182060380084132,0.4531534517330956,0.1448076841108039,0.30012550258865855,0.6230164321804004
Alessandro Marcandalli,ITA,DF,21,354,1.2591284639236382,0.16183148769405228,-0.11872304676127898,0.035153956576951736,0.12187139165587368,-0.013268528563953582,-0.213956638041598
Mirko Marić,CRO,AT,29,356,0.5712170814424542,-0.002604743971717692,-0.7018410415018667,0.4881218894355533,-0.5140488751604972,0.1911944542733594,-0.37854926342772216
Franco Carboni,ITA,DF,21,226,1.0038667483103607,-0.3054046350835176,-0.24208233544091673,0.24458795678670814,-0.3308243912572102,0.1978195741556706,0.15837964704401977
Richie Sagrado,BEL,DF,20,140,1.3287723776776825,0.17119929503919562,-0.2564969025039527,0.07835269263986706,-0.4596971693801831,0.21869546474363316,0.03761367836239991
Cheick Oumar Conde,GUI,MT,24,151,0.9527511213813631,-0.568861887009262,-0.4351782148030023,0.07855526169788497,0.1717788162186006,-0.15021536501629465,0.012256082561535531
Domen Črnigoj,SVN,MT,28,136,0.6408475368021181,-0.3760794682278724,-0.2195127937405345,0.9105443363121825,-0.047901701031793455,-0.3997061042506796,-0.19149661971728746
Nicholas Pierini,ITA,MT,25,83,0.5941876912081939,-0.34821739588083245,0.04699745468680326,0.35193321889241835,-0.19757050467794168,0.6061803815770731,0.06716336083271866
Saad El Haddad,MAR,MT,19,30,-0.40176838722247765,-1.475559989012706,-1.1586685173180575,1.3840736449489097,-1.4575306310435447,0.32810184584725355,0.40720831649237876
Giorgos Kyriakopoulos,GRE,DF,28,2845,-0.26076615934952696,-0.5056007231201868,0.5341067664625029,-0.062419527708534664,-0.38978513074331583,-0.2907551629144382,0.14392589235069425
Pedro Pereira,POR,DF,26,2665,0.24720664000569334,-0.2595212881610846,0.3464523635114817,0.07568386913864378,-0.46660811890438497,-0.34733801505689144,-0.0033740870204578585
Stefano Turati,ITA,GB,22,2676,1.6516639112755565,0.4243680485095755,0.23223612720456122,0.11141469368574893,-0.30458991719305495,0.15426857271288638,0.11317125069911718
Alessandro Bianco,ITA,MT,21,2600,0.8443797105675912,-0.30289821937757067,-0.1320772491383137,0.058276471755105586,0.45322748867623286,-0.01730323277690973,0.002849541640534835
Armando Izzo,ITA,DF,32,2435,0.9955169348787625,0.062348281888470955,0.1376307720992678,-0.24359503617792358,0.011486835157748223,-0.042666394442082416,0.11168573313151127
Andrea Carboni,ITA,DF,23,2191,1.1784695578370026,0.013137952674265015,0.08934317148814189,-0.16170331312920938,-0.25827545268490043,-0.07849479680963163,0.01443448043218713
Pablo Marí,ESP,DF,30,1628,1.373371510607309,-0.06309713734283277,-0.0896937401389642,-0.1625930112428829,0.1821134340756507,0.03490595668953111,0.008549414377388542
Warren Bondo,FRA,MT,20,1618,1.0928339099105446,-0.14439875602151056,0.08922195567517067,0.3929868806920459,0.05523990550888185,-0.07876959646614379,-0.0014917121680002204
Gianluca Caprari,ITA,"MT,AT",31,1651,-1.170107462994558,-0.04806242555708244,-0.054725314725848254,0.06014166897560087,0.05136178140255675,-0.030184384087597046,-0.1949004449743637
Daniel Maldini,ITA,"MT,AT",22,1306,-0.7033037091857227,0.7672964519062938,-0.5294124901223856,1.0660213536675867,0.41201547747859263,-0.03708799437821812,-0.32239692470025016
Milan Đurić,BIH,AT,34,1270,-0.27307732304604804,1.264895756014557,-0.09536692469791958,-0.3054984078275101,0.03529178963163687,0.23892225827017444,0.3697310831627873
Patrick Ciurria,ITA,"MT,DF",29,1111,-0.369136954847844,-0.27936559042953407,0.6145953270237404,0.05765872579444556,-0.20963367177233247,0.6115359700748633,0.22585731466336872
Danilo D'Ambrosio,ITA,DF,35,1095,0.7539712517200512,-0.1199895326417347,0.2563089237551945,-0.2819712532253238,-0.22239233767984715,-0.2393796955955391,-0.14919588062287417
Jean-Daniel Akpa-Akpro,CIV,MT,31,966,0.9345586630433014,-0.1956591694084955,0.10933113480869304,0.6753260227913411,-0.030160613511398593,-0.16115944815244188,-0.026041613770400648
Luca Caldirola,ITA,DF,33,876,1.3119464972863126,0.06686644139428456,-0.008784672828022403,0.05281230273405271,0.051789301200962215,0.04030478904250524,-0.04464867929518636
Matteo Pessina,ITA,MT,27,854,1.1380666575109222,-0.19050910422391149,-0.1953464135829412,0.1412304250094833,-0.012350558486483065,-0.01803553785657655,0.0048489655098356
Semuel Pizzignacco,ITA,GB,22,736,1.6516639112755565,0.4243680485095755,0.23223612720456122,0.11141469368574893,-0.30458991719305495,0.15426857271288638,0.11317125069911718
Keita Baldé,SEN,AT,29,638,-0.3760837660412222,0.24214246760678848,-0.8075363067111773,0.6283462610718017,0.7099488597639858,-0.5372152213562502,0.519669788156977
Gaetano Castrovilli,ITA,MT,27,596,0.587798921685362,-0.5106658427667774,-0.23301724295107182,0.3568396239771037,0.010101152032438379,0.19993234685598082,-0.050900073512751005
Kacper Urbanski,POL,MT,19,500,0.6118761419192618,-0.9950284118335915,-0.572814360218888,-0.024988574457153603,0.6895827101701681,-0.2688837734271039,-0.1266695102147836
Tomás Palacios,ARG,DF,21,446,1.2805264135057106,-0.25742185671884527,-0.24305514897152003,-0.14824115887567182,0.3063443309847111,-0.13463477587380693,-0.02381273211758137
Kevin Zeroli,ITA,MT,19,395,-0.3331334338281683,0.32380953931063816,1.086972903848973,-0.9526362256484633,-0.9309583611088028,-0.1396608571572206,-0.6705844420137722
Silvère Ganvoula M'Boussy,CGO,AT,28,326,0.6352726685927012,0.009329071461485585,-0.22938671252443246,0.4780475485921898,-0.5461300655191864,0.5347534662203376,-0.1358647588039283
Samuele Vignato,ITA,MT,20,470,0.7963372899785489,-0.31880427693647695,-0.6072418985458171,0.28152078687149223,-0.3301225341749488,0.07751472914578958,-0.08103933325627043
Stefan Lekovic,SRB,DF,20,367,1.1902185049754581,-0.19093564888894526,-0.16593001572072813,0.06293087308797221,0.2735408521608584,-0.1845648473463989,-0.09433682965689005
Arvid Brorsson,SWE,DF,25,362,1.4783614086717975,0.060079037442518454,-0.023804200284512606,-0.052246501889728535,0.0028142900304329865,0.015993750118619865,0.06321984880630031
Andrea Petagna,ITA,AT,29,335,1.1164067991802367,0.19549888156718317,-0.184555378742753,0.4366718532528028,-0.6637806107184079,0.2509033647266787,0.00817829439167148
Stefano Sensi,ITA,MT,28,274,-1.089289861495311,-0.0520939720815316,-1.7818049827452191,-0.7575624908903699,2.0194708953425633,-0.18819920512400626,-0.01585288958088369
Omari Forson,ENG,"MT,AT",20,223,-1.064775384421865,-1.566644466453388,0.4740918893731201,1.8296772525108287,0.41103487232392544,0.29214377056674423,-0.11374570071504007
Kevin Martins,ITA,"MT,DF",19,183,-1.7723561288664667,-0.8731224570614607,2.2463488554522426,-2.1313470995142874,-1.9511151377207534,-1.079497047758704,-0.23103141083620507
Roberto Gagliardini,ITA,"MT,DF",30,180,0.46463167551648216,-0.9933425446930846,0.10217037376855231,0.3677602693924599,0.6803685665773175,-0.02570730842446957,0.04392414252712848
Mattia Valoti,ITA,MT,30,40,1.6516639112755565,0.4243680485095755,0.23223612720456122,0.11141469368574893,-0.30458991719305495,0.15426857271288638,0.11317125069911718
Gerónimo Rulli,ARG,GB,32,3060,1.6501792518587082,0.4202640097291694,0.22878140581791434,0.10798526014915467,-0.30053326713814754,0.15310788959089408,0.11252628819906874
Pierre Højbjerg,DEN,MT,28,2664,-0.5879189940958564,-0.8592631211526138,0.03945772135325073,-1.1877537715719473,0.6910914511428256,-0.20613439022164853,-0.26617004903898117
Adrien Rabiot,FRA,MT,29,2485,-1.9952342043047322,0.13335332147351364,-0.3054552854170267,-0.10619840176698399,0.40551262497575896,-0.37779719157298386,0.26694456068130035
Michael Amir Murillo,PAN,DF,28,2437,-0.2635207541999795,-0.7022835357051791,0.2518105738999493,-0.40637264464896694,0.0004135780494219052,-0.018076808744764552,-0.04814569565129835
Leonardo Balerdi,ARG,DF,25,2273,1.1259427815913972,-0.1999875118396376,-0.14571178500642631,-0.18132648901632653,0.3727604275255938,0.09147325512157796,-0.1104630112136638
Quentin Merlin,FRA,DF,22,1589,-1.3404782691256751,-0.9382454063169255,0.15242083868835568,-0.24740307904669193,-0.7137798244780794,0.09131411952232453,-0.10756307216733811
Valentin Rongier,FRA,"MT,DF",29,1562,-0.02388544108539257,-0.2615187388683504,-0.2727096738552111,-0.4024401020101537,0.656939498427898,-0.3569044870681723,0.3705472557947557
Derek Cornelius,CAN,DF,26,1420,1.1026412883528995,-0.17227554798319722,-0.30023229303840765,-0.1211478523041737,0.3371503487942909,-0.04142941784658544,-0.19990755587947065
Neal Maupay,FRA,AT,27,1042,-2.859885817193565,1.0042278750616103,0.6085845869674116,-1.4552509959324942,-0.9228237048180314,-0.37093308419708737,-0.09063389607271191
Ulisses Garcia,SUI,DF,28,930,-1.5955669212159411,-0.41676510324581995,0.011448964235187554,-0.42716065782684726,-0.48601449407508124,-0.3042909996959278,0.18750314827336198
Lilian Brassier,FRA,DF,24,779,1.0636857943665112,-0.3900927460496624,-0.2821539626614355,0.07105924147351564,0.38632157599337236,-0.27571346364301663,-0.11309240131440566
Ismaël Bennacer,ALG,MT,26,646,-1.4193572931256535,-1.8269397124600408,1.2385913165305134,-1.8717240023296497,0.41783626197539325,-0.28575723616679943,-0.23879013064412258
Amine Harit,MAR,MT,27,519,-4.949494342849003,-0.6035540424520558,3.0218031171273916,-3.3293604959718954,-1.4518965000008064,-0.9531831859927662,0.47409650565303896
Elye Wahi,FRA,AT,21,574,-3.054847281896137,3.4415084477053552,-1.1594020826167897,0.042372295736909295,0.010448644499077704,0.005728662503539226,-1.7085617419571892
Pol Lirola,ESP,DF,26,680,-0.960618262950147,-0.09820749798474572,0.7264469503038252,-0.8298456068964777,-1.0099250325417004,-0.7746524258849028,0.11243800061483192
Bilal Nadir,MAR,MT,20,383,-0.9175466868730894,-0.31492257062616097,-0.3244460650212847,1.287492980509389,0.6206801545278685,-0.27435844363952466,0.45762572929248196
Ismaël Koné,CAN,"MT,AT",22,360,0.767254041336983,-0.11281935347071886,0.030842074758074836,0.06210306108445744,-0.0037417553029690676,0.6277726945620706,-0.08599338191132613
Amar Dedić,BIH,DF,21,314,-3.2046037518335377,-1.6365052404983034,0.9620421755609201,0.66865512870806,-1.0942266768386653,-0.5385690843358504,-0.924372607899793
Luiz Felipe,ITA,DF,27,122,1.5027111960114434,0.01261858398357888,-0.11436870699673644,-0.23265306441190733,0.1024051374960213,0.03781970867037346,0.048463537579501406
Valentin Carboni,ARG,"MT,AT",19,103,-0.07240900062376644,-1.049749305803135,-0.06554925282187474,1.1480417656856483,-0.05306328911624689,0.07655195841124372,0.034466620957941056
Robinio Vaz,FRA,AT,17,75,-0.7948253807309922,1.1239124144110417,-0.7877925811259765,1.8936287381392072,-0.28043739747113594,-0.08907389875988476,-2.129442297198756
Bamo Meïté,CIV,DF,22,26,1.6516639112755565,0.4243680485095755,0.23223612720456122,0.11141469368574893,-0.30458991719305495,0.15426857271288638,0.11317125069911718
Emmanuel Koum Mbondo,FRA,DF,18,12,1.6516639112755565,0.4243680485095755,0.23223612720456122,0.11141469368574893,-0.30458991719305495,0.15426857271288638,0.11317125069911718
Faris Pemi Moumbagna,CMR,AT,24,8,1.6516639112755565,0.4243680485095755,0.23223612720456122,0.11141469368574893,-0.30458991719305495,0.15426857271288638,0.11317125069911718
Keyliane Abdallah,FRA,AT,18,3,-3.846633742841857,-4.423460657397127,3.843531646529164,10.872716614921933,2.8527332136258425,-6.78005446979849,-0.6088961589130075
Thilo Kehrer,GER,DF,27,2383,0.7603623836461013,0.14599690569160573,-0.5105479999260047,-0.2904637999212374,0.7280475449434287,-0.20745430132249196,0.32666931852670994
Takumi Minamino,JPN,"MT,AT",29,2231,-2.2846952405724803,0.18619267910778875,-0.006050572098049321,-0.0757641278603045,0.15725195772124173,0.8889644142157359,-0.23515285368981007
Lamine Camara,SEN,MT,20,2054,-1.402453231676173,-0.5917770715037507,1.175664926087541,-1.7998062787761562,-0.3248848965013677,-0.4343370558899613,-0.20498570896758123
Denis Zakaria,SUI,MT,27,2144,-0.8545009433536184,0.6533559172291538,0.02422353949794999,-0.8361059289602895,0.2002297089968448,-0.6685298950925435,-0.010866493395783368
Wilfried Singo,CIV,DF,23,2096,0.18430882854672523,-0.3814767297795743,0.15021807103726664,-0.36521537387712283,0.2640667085383118,-0.35147590125966416,-0.20413538286649505
Vanderson,BRA,DF,23,2064,-0.8125211211189253,-0.8187083243823899,0.2802833467875981,-0.0016918807947078774,-0.34505384464528815,-0.045699365004073844,-0.14874223740860404
Eliesse Ben Seghir,MAR,"MT,AT",19,1750,-3.0112757688089626,-0.4822872486412495,0.15976939298663043,0.38935833806982384,0.4632114693781037,0.15260371979367582,0.19478857471704658
Philipp Köhn,SUI,GB,26,1710,1.6516639112755565,0.4243680485095755,0.23223612720456122,0.11141469368574893,-0.30458991719305495,0.15426857271288638,0.11317125069911718
Christian Mawissa,FRA,DF,19,1501,1.3399656575799448,-0.09839822709730894,-0.039634454708899855,0.10283724792885948,0.07529354489729993,-0.11194462443714805,0.04885562109772788
Mika Biereth,DEN,AT,21,1228,-5.012425229261845,3.8139234397502206,-0.7641213773885361,-0.23384390845377587,0.8728128364865657,1.293145085373323,0.7609355875667823
Radosław Majecki,POL,GB,24,1350,1.6482986832640338,0.4150655606073215,0.2244054253948282,0.10364131100280187,-0.2953948437352647,0.15163769096970373,0.11170933569900734
Aleksandr Golovin,RUS,"MT,AT",28,1153,-1.363986784398872,-0.8087981484615049,-0.6702260907175696,0.2969368053332832,1.3035422860025516,0.4080126184847433,0.31168873118056206
Soungoutou Magassa,FRA,MT,20,1025,0.4497960325539377,-0.5354013834848634,0.16742572893254254,-0.7955728588946582,0.1943438885686331,-0.016617778795619043,-0.1749274324687586
Mohammed Salisu,GHA,DF,25,1023,0.8467695889394768,-0.10126150081554416,-0.5927196324572633,-0.3129670195662794,0.7333812878493873,-0.26409618609430124,0.04164105572843323
Jordan Teze,NED,DF,24,569,-0.9906137979307263,-0.316516974238379,-0.23872519530725642,0.18248061011706654,0.4953287247510168,1.3374127889813823,0.1987567484299712
Folarin Balogun,USA,AT,23,615,-3.021629702197153,2.4784359512478287,-1.540049730734299,1.5189644404030447,0.48299200313092233,0.5031913568452742,-0.09779968742576683
George Ilenikhena,NGA,AT,17,717,-3.0261498327450567,2.124097392204703,-0.009725532229642807,-0.6062004510536793,-0.6035298098484474,0.23974728096077794,-0.8908394022167878
Almoatasem Al Musrati,LBY,MT,28,386,-1.0642873149593448,-0.3257412963982893,-0.03851569221012367,-2.016411659798673,0.546926615700562,-0.7735172347086087,0.20613194377714247
Ismail Jakobs,SEN,DF,24,180,-0.27251959922261926,-1.3412224008628524,0.06380579566313796,1.5929759145013656,-0.19633069432427128,-0.05174538094603004,0.21213860812269378
Saïmon Bouabré,FRA,"MT,AT",18,97,0.7719086770568464,-0.5062166429346359,-0.08249094306522575,1.0438919022016746,-0.266614019617009,-0.4225232360376136,0.10064066088520231
Eliot Matazo,BEL,MT,22,68,0.6260603494505607,-1.2134271829402736,-0.9103502683420901,-0.8825931936410536,0.6501488408973731,0.41474940610346844,0.06324349788690413
Mamadou Coulibaly,FRA,MT,20,8,-0.9103894522774243,2.1515549321822642,-1.9062730113993005,0.8348527352668876,-0.9329334842749673,1.0113826644193789,-2.866075681225871
Marcin Bułka,POL,GB,24,3060,1.6084733432238763,0.39676688007783667,0.26473225716489185,0.09925050842929077,-0.2822042677392186,0.21524948507073585,0.12085526609404584
Hicham Boudaoui,ALG,MT,24,2435,-0.37015982245691775,-0.43325199327771896,0.33399320391686893,-0.20506740645681357,0.11743546913172492,-0.17927356618575058,-0.11216666693717768
Moïse Bombito,CAN,DF,24,2192,1.1159980476817497,-0.2695822360693935,-0.13945329491462813,0.06535689879540296,0.3520005743790926,-0.16518013269544235,-0.09674426033958197
Youssouf Ndayishimiye,BDI,DF,25,1932,0.8353167900940185,0.19178925703179864,-0.33793465668089023,-0.07353089406147723,0.5110056096261533,-0.1957831225220399,0.394718761097166
Dante,BRA,DF,40,1964,1.1718594697227993,-0.3063991228745373,-0.2055990343590413,-0.09063296146756003,0.3772491073026615,-0.12345521944122606,-0.06218643274005776
Pablo Rosario,DOM,"MT,DF",27,1775,0.11071720835680747,0.4533859299410869,-0.3989367491417105,-0.2829205498051897,0.4463761776597237,-0.21323851417838266,-0.1645022301692172
Gaëtan Laborde,FRA,AT,30,1829,-3.0861370543901403,2.2947432331101463,-0.27897940953305667,-0.3442741274015472,-0.014241016699086078,0.06973087085733638,-0.06823652195784115
Tanguy Ndombele,FRA,MT,27,1131,-1.08784965303085,-0.32795985131320776,0.6465143416828274,-0.5817415276278557,0.11289844980612268,0.20590889150585182,-0.39370336667331013
Jeremie Boga,CIV,"MT,AT",27,1054,-2.1877890905181636,-0.92831946241522,1.1556837384661556,0.9680301729417616,-0.04414656907848012,-0.21440075212876747,-0.3432132382432396
Badredine Bouanani,ALG,"MT,AT",19,1099,-2.4986581263393575,-0.17754261910476918,0.73798828270594,-0.006110535114944269,-0.4744902991761273,-0.591592085812929,0.10651667762080369
Baptiste Santamaria,FRA,MT,29,927,0.6272499066402588,-0.3279155764574296,-0.02438151874267468,-0.02488637147695092,0.4756690623947959,0.4142045934154783,-0.24321331515216058
Mohamed Abdelmoneim,EGY,DF,25,855,1.2283027096567916,-0.4666437723388381,-0.3836694146658795,-0.28320673857361406,0.4588802917462291,-0.19186269102539796,-0.011265400067985633
Sofiane Diop,FRA,"MT,AT",24,1064,-3.9761005799436417,1.3045206778152003,0.3894394432385174,-1.2749834888518512,0.05149534558361694,-0.4331107439898689,-0.10388138272358134
Antoine Mendy,SEN,DF,20,825,0.9478345477245752,-0.25770364980602684,-0.24861240319260006,0.2088581675046293,0.23697242058920134,-0.14980719446985083,-0.18611486625249668
Morgan Sanson,FRA,MT,29,235,-3.295315383057511,3.796743122330665,-2.576409200920233,0.44075939115071583,1.813839119811983,-0.7056821277792128,2.206445443179176
Yael Nandjou,FRA,DF,19,154,-1.0231395659236349,-0.7675362415230603,1.2443433407542925,0.3181870533343893,0.2023546214219711,2.8379735032832647,0.058390513222152066
Bilal Brahimi,ALG,MT,24,76,-0.09448218076083147,-1.2631343244020312,-1.023589673585865,1.2331195852986778,-0.5313532067464912,-0.4031241222162156,-0.013156610232607707
Terem Moffi,NGA,AT,25,58,-10.426054461358355,13.35486504423053,-6.46696455062821,1.87867781193924,3.9495371444228713,0.86353997734089,-7.383175433005058
Amidou Doumbouya,FRA,DF,16,46,1.194317155234085,-0.16480249031135946,0.2379413253531315,0.5851068489407496,0.17117787759984762,-0.37518054643560866,0.023175870721189897
Victor Orakpo,NGA,AT,18,36,-1.7895414992987746,0.9479201952284063,-1.430331598946256,2.279499265854503,0.04703049528602859,-0.3050499910886924,-2.915822768103121
Jordan Lotomba,SUI,"MT,DF",25,35,-0.9287626766242775,-2.560112986557455,0.08555863180318563,3.068217701127152,1.275534291220269,-2.3726329848261876,-0.19806991146796749
Issiaga Camara,GUI,MT,19,20,0.10495884959192754,-1.7738375179891435,-0.7020871952488222,0.8220703714620864,0.9147540247461895,-1.1054140925895126,-0.1001942860089702
Rareş Ilie,ROU,MT,21,13,-12.837575030752468,-9.166109356043403,8.227201228337297,1.6759797116510282,6.959677242526529,12.13088360136293,0.7389156418100089
Bernard Nguene,CMR,AT,17,13,1.2398875543363677,0.09329821188123102,-0.4121837282386944,0.33582554259153624,-1.067035216401167,0.36293753641130444,0.25517601954305474
Lucas Chevalier,FRA,GB,22,3060,1.5295155042047563,0.3620847371163898,0.3469981240187878,0.0920693055993458,-0.2577162191060829,0.3430147253963966,0.13944810938414545
Bafodé Diakité,FRA,DF,23,2766,0.7786843766603522,0.4829264318337132,-0.14320002552248104,-0.20070342990672227,0.2627934772517819,-0.19077121107919023,0.1991756396855591
Alexsandro Ribeiro,BRA,DF,24,2700,0.8452916545436895,-0.35680572299142754,-0.32899317014580504,-0.41508473898862763,0.5428073392171691,-0.3243331004224118,-0.13108436255797726
Benjamin André,FRA,MT,33,2692,0.2278716288752776,-0.8144396297770785,-0.1374577492445967,-0.7956952840983246,0.22206207771141462,-0.2968747145786438,-0.2541709075557087
Jonathan David,CAN,AT,24,2554,-2.9953983205203034,2.308592223772919,-0.4527360202490435,-0.30582331893526443,0.1028066680908259,0.07538974619904858,0.051466845358112606
Thomas Meunier,BEL,DF,32,1928,-0.15069552267832076,-0.8440339561690499,-0.8867954918364628,0.6714565091427711,0.34962027258115447,-0.40404167164183963,0.06633365683020878
Hákon Arnar Haraldsson,ISL,"MT,AT",21,1755,-1.7043407541565858,-0.14647876958800757,-0.12413904011145911,-0.10974722422401453,-0.027584951405668353,-0.2995209234691352,0.3043689721664516
Gabriel Gudmundsson,SWE,DF,25,1785,-0.1763623965212339,-0.8241703649685582,-0.2938372538371642,1.0089156003644204,0.3256810379408463,-0.29000919025613786,0.3299046793482367
Aïssa Mandi,ALG,DF,32,1733,1.1326346457203564,-0.308199698617938,-0.24133537610922934,-0.12840139041832896,0.2711619573968098,0.013830834686410885,-0.030423728775563576
André Gomes,POR,MT,31,1276,0.6517272638785957,-0.8596422942027939,-0.489862991936236,-0.2094393016438472,0.6941857513934568,-0.019903943296886117,-0.13928299281670067
Ngal'Ayel Mukau,COD,MT,19,1190,0.32450594690837076,-0.5090932985388421,0.02505808867378839,-0.17753820107348559,-0.11892436961233936,-0.24421101502705345,-0.21510205753926076
Ayyoub Bouaddi,FRA,MT,16,1151,0.5649914058670761,-0.35116951643193334,0.4180410810690123,-0.2956827573781044,-0.23402794426104756,0.06776577279523675,0.020612430080376734
Ismaily,BRA,DF,34,904,-0.15104945276396156,-0.8262262129833476,-0.0017571115072997881,-0.34614205054358244,-0.1676696912505482,-0.008484015931808121,-0.21630688106100532
Angel Gomes,ENG,MT,23,736,-1.589048629225173,-0.6063142011796654,0.30918574309270136,-0.4244273434548653,0.28590905624172674,0.8263282668597915,-0.1830516910394432
Chuba Akpom,ENG,AT,28,639,-2.252744630452898,2.7538712167306776,-0.7547581934058973,-0.06552351040675387,-0.05730156273367745,0.07892120965156937,-0.972161751159758
Tiago Santos,POR,DF,22,404,-0.812461577584011,-1.438404497521681,-0.06394474468795289,1.8672158599646922,-0.02432690755001743,-0.06449654935145317,-0.1252957612903156
Mohamed Lamine Bayo,GUI,AT,26,309,-3.4747857807884985,2.8147537231088418,-0.026561162482119257,-0.8066499357072082,-0.3714328863265127,-0.3512320832567114,-0.28370202174805176
Nabil Bentaleb,ALG,MT,29,329,0.059821251455714854,0.6530446105375872,-1.0632575213489983,-0.35469410811700813,0.9807548824960314,-0.20471195148846957,0.25037411366469037
Ethan Mbappé,FRA,"MT,AT",17,222,-3.122612517597692,-1.0326598118524366,0.7359414978106094,0.8937031087487984,0.14244263409369187,3.921348524016151,-0.8736089767593304
Younes Lachaab,FRA,"MT,AT",19,9,-2.8915029202710536,0.8618797482809809,-0.7145456501638732,4.423643033959626,0.32901012263190027,-1.2767903344545481,-3.5100521772576827
Ousmane Toure,FRA,DF,19,6,0.1373113060904088,-3.7617515075047234,-3.2915796871752985,-3.386607513640423,3.833193138812553,-1.0296282117193285,-0.5446904993503098
Aaron Malouda,FRA,AT,18,2,1.6516639112755565,0.4243680485095755,0.23223612720456122,0.11141469368574893,-0.30458991719305495,0.15426857271288638,0.11317125069911718
Lucas Perri,BRA,GB,26,2970,1.6516639112755565,0.4243680485095755,0.23223612720456122,0.11141469368574893,-0.30458991719305495,0.15426857271288638,0.11317125069911718
Moussa Niakhate,SEN,DF,28,2726,1.1304604565608278,-0.33446268394769696,0.03975372074615548,0.07620237307040512,0.3436452425575965,-0.05493504522764584,0.03609874738968183
Clinton Mata,ANG,DF,31,2370,0.47214624496543356,-0.29011577491229745,0.6132658294391173,-0.7609846759680365,-0.3747558140671087,-0.4554322660910478,-0.11113453351145701
Corentin Tolisso,FRA,MT,29,2329,-1.632566985549462,0.014550257773374717,-0.07474132017858526,-0.8657791006935825,0.3215393768807642,0.24801789026354484,0.27537942116159325
Nemanja Matić,SRB,MT,35,2010,0.5851140460241523,-0.9181096988160009,-0.039648384194646384,-0.32261182335160843,0.6401474676996545,-0.24662011247084192,-0.046281640122072566
Alexandre Lacazette,FRA,AT,33,2051,-3.128563810610631,2.9352076077638234,-1.282200521875579,0.013481942594265587,0.6674529185391721,0.48346147908853837,-0.013323985409799956
Nicolás Tagliafico,ARG,DF,31,1902,-0.06301293424556038,0.04188963416938439,-0.46008457190547897,-0.016265953833354933,0.20347452683119666,-0.23815690699786743,0.03237770020431781
Ainsley Maitland-Niles,ENG,DF,26,1985,-0.9136716228638488,-0.5428201004745719,0.5121458446645811,-0.6825572599387674,-0.383516656022783,0.04785954331892061,-0.2722220652727649
Jordan Veretout,FRA,MT,31,1553,0.10786332262870288,-0.3227452590740497,-0.6281624148934059,0.28475282064113266,0.6101042627260891,-0.20954598314518397,0.07772730174390594
Duje Ćaleta-Car,CRO,DF,27,1584,1.0357318928577501,0.48930449547744487,-0.2237624638204745,-0.07806394404912854,0.25866281567547916,0.08821955527634034,-0.17012521750038842
Malick Fofana,BEL,AT,19,1589,-3.2086421288973868,-0.5785922286607781,0.7610092838844307,1.2262872327980021,-0.6505218937349694,-0.8161612363445129,0.3023713097088039
Georges Mikautadze,GEO,AT,23,1449,-4.966911158926852,2.1990551543301207,0.27734277013604025,-1.0555735238704238,-0.2881546201304573,-0.28479673269058503,0.1340297071918874
Tanner Tessmann,USA,MT,22,1234,0.666968283919819,-0.08614790404987899,-0.2990524595854055,-0.023711498495789036,0.33937816149979594,0.17156562524731778,0.08617922936671675
Abner,BRA,DF,24,1090,-0.33387370133006916,-0.7939719874707273,-0.005340480869603911,0.09329190127308763,0.16868823785734705,-0.3250806205690624,0.13126655042385216
Sael Kumbedi,FRA,DF,19,951,0.48885458016905936,-0.7155220186644426,-0.4627898009328562,0.6984667774680853,-0.2681789449672643,-0.07632086356889363,0.03544768083849679
Thiago Almada,ARG,"MT,AT",23,951,-2.8938986582266346,-1.427379497910798,1.262484306776229,-1.5137573001647888,-0.07345362558767167,-0.9181932234581562,-0.6349458619531143
Maxence Caqueret,FRA,MT,24,573,0.20784179384780252,-1.0087411587117203,-0.49738403045054985,0.06592984290227269,0.922300551612954,-0.0888537345988358,-0.37847407066639904
Rémy Descamps,FRA,GB,28,90,1.6516639112755565,0.4243680485095755,0.23223612720456122,0.11141469368574893,-0.30458991719305495,0.15426857271288638,0.11317125069911718
Wilfried Zaha,CIV,AT,31,73,0.5476152146978644,-0.2909650246430007,-0.8868800968059378,0.7991236219698626,-1.1765052226617647,0.1977461872561733,0.019705190795299154
Orel Mangala,BEL,MT,26,67,0.41458192011275335,-1.169113943722489,-1.0573109817605333,-0.3588739321125366,0.7829926228761482,-0.17326372165544088,-0.28012761294454563
Mama Samba Baldé,GNB,AT,28,33,-0.0006374914002637932,0.16837990445385617,-0.6655492372759928,1.079367076828918,-0.01941255479141126,-0.23041805787874575,-1.0711018992241619
Alejandro Rodriguez,POR,MT,16,20,1.3840092792650838,0.20917265470115162,-0.18663677883355492,0.25728174547451066,-0.8001793616783277,0.2899033991168581,0.2054743504476766
Paul Akouokou,CIV,MT,26,19,1.412555605193691,-0.23659819717689268,-0.32415584348699555,-0.4409046022078571,0.34874424954467265,-0.032662498513252786,0.00929834279657608
Mahamadou Diawara,FRA,MT,19,16,0.3367919876563263,-1.2694972506006124,0.24863857188170072,1.473279640043876,1.0632424928365398,-1.3678976448390368,-0.14556546673742377
Warmed Omari,COM,DF,24,8,1.6516639112755565,0.4243680485095755,0.23223612720456122,0.11141469368574893,-0.30458991719305495,0.15426857271288638,0.11317125069911718
Téo Barisic,FRA,DF,19,2,1.6516639112755565,0.4243680485095755,0.23223612720456122,0.11141469368574893,-0.30458991719305495,0.15426857271288638,0.11317125069911718
Adryelson,BRA,DF,26,1,-2.891393904279887,-12.133990619533321,-10.33921131593502,-10.382651928292766,12.108759250823772,-3.397421780583759,-1.860413999449164
Andrey Santos,BRA,MT,20,2855,-0.637453876092572,0.6916215340819939,-0.0785823329266962,-0.5858475568084272,0.6687948046912354,-0.12753292155440954,0.5888407796098968
Đorđe Petrović,SRB,GB,24,2790,1.6441234271257688,0.41465412564729487,0.23233019140342656,0.11922467187274897,-0.29674571699216834,0.14553930408176424,0.11168745590378218
Guela Doué,CIV,DF,21,2717,0.4534075729926068,-0.6158876907489127,-0.1242626206472883,-0.2517708748021334,0.2789803260644492,-0.5908621039852955,-0.07358888341578541
Dilane Bakwa,FRA,"MT,DF",21,2497,-2.815026276243544,-0.7065172294481503,0.936070894705166,-0.32613018374508196,-0.6409839991276094,-0.45791239968139485,0.19103586053578245
Mamadou Sarr,FRA,DF,18,2365,1.2346433859035932,0.1603668841200725,0.18367536081775235,-0.2181601117356664,-0.1302175732853348,-0.07631831498021088,-0.0822446432755532
Habib Diarra,SEN,"MT,AT",20,2352,-1.325473025551077,-0.3660672300046593,0.6682445061473233,-0.4559377425379324,-0.1467940452242145,-0.21546351084777673,0.07013669658898972
Emanuel Emegha,NED,AT,21,2293,-2.4928371201273847,3.02003195493899,-0.6057533457478359,0.21508558340319053,0.34218897993420155,0.011243939442421923,-0.36631769569153216
Sebastian Nanasi,SWE,"MT,AT",22,2107,-2.0861207702444493,0.09107585507873198,0.22477769576588463,-0.43437817435716247,0.24652800645349449,0.14122271297146718,-0.02650264377716798
Félix Lemaréchal,FRA,"MT,AT",20,1779,-1.1418961447756097,0.23970879024312575,0.41048355761090305,-0.2514269637224824,-0.20372680746867516,0.01843348326589902,0.14231592550004132
Valentín Barco,ARG,"MT,DF",20,1157,-0.30681129311203514,-0.8472836729379336,0.4364732399118207,-0.6257378303768252,-0.3725781572540774,-0.24675754471825773,-0.16631642404778507
Saidou Sow,GUI,DF,22,1018,1.1049289863786798,0.2710651203962375,0.3980585970804607,-0.4971470020054173,-0.44915983131854553,-0.20536031763917872,-0.11320033534098731
Abakar Sylla,CIV,DF,21,950,1.2027000526549758,0.4693231227495565,-0.13239514018345283,-0.11716326922484685,0.09906692634837726,0.10179007889311531,0.26882516081267266
Andrew Omobamidele,IRL,DF,22,539,1.5758058030380815,0.2146737479300095,0.05571845190167402,-0.06381090853652684,-0.09731692551930461,0.09496391004188492,0.08021713706027761
Karl-Johan Johnsson,SWE,GB,34,270,1.6516639112755565,0.4243680485095755,0.23223612720456122,0.11141469368574893,-0.30458991719305495,0.15426857271288638,0.11317125069911718
Junior Mwanga,FRA,MT,21,296,1.3103394547579852,-0.14664117299718266,-0.0689043053218577,-0.010573640108390934,0.12608058311607037,-0.024650259265941048,0.05330690403599011
Marvin Senaya,TOG,DF,23,227,1.2083921646877256,-0.024552227523891138,0.15748975471188625,0.025885383681810387,0.0017757011794931605,0.3309007104028113,0.08352727326127339
Adrien Thomasson,FRA,MT,30,2615,-1.5478703492068524,-0.30422022560337575,0.7067753111592612,-1.2264280323419197,-0.3870812250549173,0.18769185130668103,-0.3731605216379827
Facundo Medina,ARG,DF,25,2543,0.37984678313696585,-0.7484939993499236,-0.08021522245392082,-0.18925643089294014,0.5371825288164349,-0.11422023099696454,-0.23640402192538038
Andy Diouf,FRA,MT,21,2225,-0.5368682928722577,-0.7381926851778349,0.27363448794241,0.4559390516127959,0.2518939317750412,-0.2920216653007333,-0.2810415014338537
Jonathan Gradit,FRA,DF,31,2112,1.0402856605611268,-0.441131818614437,-0.24728507542010741,-0.2422018406462364,0.5681801231313238,-0.023273923447988423,-0.10684359683168204
Neil El Aynaoui,FRA,MT,23,1588,-0.9797470145594926,1.2909093396057996,-0.4378327103364294,-0.46003453479641715,0.8389077495177851,0.11690958709428927,0.8833655278096533
M'Bala Nzola,ANG,AT,27,1460,-1.715585460058049,1.903656560842201,-0.9251869263752278,0.5692633767219701,-0.009117151874564113,0.22981659801958668,-0.4193628522196631
Przemysław Frankowski,POL,DF,29,1387,-1.5695716905589185,-0.47875354354674143,-0.3029773943087726,-0.5374029807636683,0.45045249471556037,-0.1174467006812191,0.43130155593344555
Malang Sarr,FRA,DF,25,1385,1.298048413515857,-0.09587022892919309,-0.10156246794558718,-0.20456412960486767,0.24250806619450954,0.0964623916797574,-0.026282123584974157
Brice Samba,FRA,GB,30,1350,1.6482986832640338,0.4150655606073215,0.2244054253948282,0.10364131100280187,-0.2953948437352647,0.15163769096970373,0.11170933569900734
Mathew Ryan,AUS,GB,32,1260,1.6516639112755565,0.4243680485095755,0.23223612720456122,0.11141469368574893,-0.30458991719305495,0.15426857271288638,0.11317125069911718
Kevin Danso,AUT,DF,25,1080,0.8394404020804975,-0.373415812593282,0.10905958773693333,-0.15298594111351652,0.5200320291132242,0.4065131891899727,-0.06848917315679717
Goduine Koyalipou,CTA,AT,24,885,-1.4766150391774024,1.8481301078236105,-1.2021798968678206,0.7307391554992295,0.3765858719551488,0.4150272312125025,-0.07642955886358985
Angelo Fulgini,FRA,"MT,AT",27,1045,-2.0399940096802722,-1.1132542920950106,0.21474944083284042,0.06933892810201171,0.0894803402674183,1.3918051914330065,-0.13367776644512938
Abdukodir Khusanov,UZB,DF,20,975,1.2193226602268643,-0.19068717729267406,-0.17078360388265107,-0.27469858565009475,0.2584894808616379,0.17374638814371343,-0.015559730279146103
Wesley Saïd,FRA,AT,29,905,-0.8632206769359717,1.07082452197421,-0.6724520458338512,0.5987656222547535,0.3760324414972161,0.445156375469814,0.1303677696515653
Juma Bah,SLE,DF,18,686,1.4094105618326098,0.17759601171773345,0.19468214838420725,0.1127835718909803,-0.07903005021040696,0.15335032931153783,0.0606797175547921
Nampalys Mendy,SEN,MT,32,588,0.6485737936573774,-0.19788895218647864,0.3030721629718183,-1.0174422734833317,-0.28937783015079477,-0.6413948859951506,-0.2408437976048067
Hervé Koffi,BFA,GB,27,450,1.6516639112755565,0.4243680485095755,0.23223612720456122,0.11141469368574893,-0.30458991719305495,0.15426857271288638,0.11317125069911718
David Costa,POR,"MT,AT",23,352,-0.7108602787362602,-0.6226661334166239,-0.5376007065901225,0.9234796417905816,0.7207548933874988,0.06079782329156131,-1.0836254500790008
Hamzat Ojediran,NGA,"MT,AT",20,416,0.10324406569395993,0.3534841317254199,-0.28856474814433003,-0.15872997069748426,0.8973088120188569,0.25067187329488305,0.44463274290894145
Gabin Capuano,FRA,AT,18,11,1.1650191258019698,0.033103696130622966,-0.5293509746829227,0.3766275151198612,-1.2056616344390054,0.400877347992835,0.28099506842377064
Kembo Diliwidi,FRA,DF,18,4,0.5158994573866958,-2.7152216185011486,-2.4106257335803334,-2.5121019618088796,2.7987473748111507,-0.7336540156112747,-0.380225061837953
Marco Bizot,NED,GB,33,2880,1.6500864606451553,0.42000750730539393,0.22856548573124888,0.1077709205531175,-0.3002797265097158,0.1530353468957695,0.11248597804281571
Mahdi Camara,FRA,"MT,AT",26,2659,-0.4963107759160591,0.10026173644274608,-0.01816658349791326,-0.017941270833681404,0.029656588656203027,-0.37182758377263553,0.12401566495856318
Kenny Lala,MAD,DF,32,2686,-0.4081741579536921,-0.41534751268067643,0.2299962689023524,-0.038401367968841006,0.3272596050304677,0.17975438461685628,0.07472258020858558
Ludovic Ajorque,FRA,AT,30,2495,-1.378738460240237,2.0389762712771002,-0.5817953900089124,-0.1306755313202128,0.21169475398241433,0.4046913835645147,0.5060776746849432
Brendan Chardonnet,FRA,DF,29,2416,1.1792732284433196,0.22124447584988052,0.10110844063338019,-0.026821738924393507,0.09526269809338454,0.26492175222211445,0.14078312258588072
Hugo Magnetti,FRA,MT,26,2323,1.0628292742724308,-0.02484281460101108,-0.10684866071476902,0.06130323936192633,0.22553498090408514,-0.019068089565110292,0.09529640112794055
Massadio Haïdara,MLI,DF,31,1678,0.6030129220645917,-0.7330779415329461,-0.2556767222601746,0.6010599682572132,0.12166437428755093,-0.22924112117153161,0.0008101228483294813
Abdoulaye Niakhate Ndiaye,SEN,DF,22,1707,1.263252983872715,0.35631159876607527,-0.11279502079931511,-0.015504303744717523,0.08476180101797298,0.010009560647631147,0.06364642225332193
Pierre Lees-Melou,FRA,MT,31,1526,-0.5820814019441267,-0.5629818670498162,0.35112052974624613,-0.742729316308855,0.4191520096025982,0.10125432450920331,0.18867445248514583
Julien Le Cardinal,FRA,DF,26,1378,1.0098829276235501,0.0268639838817062,0.29260585186607796,-0.3726437681052418,-0.1391557625682135,-0.20896463676642288,-0.12131931563596411
Romain Del Castillo,FRA,AT,28,1259,-3.218870998931642,0.6961061658300183,0.4640292321646669,-0.9505623480707329,-0.325437703372139,-0.1426888234808556,0.390320320668934
Kamory Doumbia,MLI,"MT,AT",21,1322,-0.7776134967220676,0.2695127430211338,-0.1401139157734236,-0.6371547232856971,0.0464912365205206,-0.33748018164898974,0.005883730827228629
Mama Samba Baldé,GNB,AT,28,1149,-1.8959439819452382,0.0982950960200912,0.716139511508907,-0.03917719859918428,-0.9268434808031608,-0.2122593335932211,-0.22913097195945545
Edimilson Fernandes,SUI,"MT,DF",28,1105,0.7822379426937577,-0.15819627388458363,0.36288570415148513,-0.4758594590387021,-0.04569546120930422,-0.11123160372117842,-0.11954733440020572
Romain Faivre,FRA,"MT,AT",26,899,-2.1155487162603652,0.3232926382394997,0.42618945324696583,-0.4452893484748601,0.07420893579978241,-0.16818820262462497,0.156088333462331
Jordan Amavi,FRA,DF,30,790,0.6957383168614689,-0.6261665546870716,-0.13019574666359027,0.6118509603786052,0.311476468084599,-0.3699062803001824,-0.08336276675396831
Luck Zogbé,CIV,DF,19,638,1.0840137745430654,-0.10117118890802464,-0.2366943322919432,0.0944551402925708,-0.11342642234917309,0.14983902404324173,-0.03731883202887981
Jonas Martin,FRA,MT,34,496,0.2942541936956073,0.1480787729633673,-0.23113712694795177,0.20367810456819932,0.5649172346171538,-0.00036788728327245265,0.48873279127991426
Soumaïla Coulibaly,FRA,DF,20,438,1.3007965623289905,-0.02642790155722962,-0.08890684167232925,-0.19617080957480104,0.2205876083778833,0.12191896003853833,-0.059215256930821095
Ibrahim Salah,MAR,AT,22,358,-2.179430854876488,-0.11395572393358949,0.6108745840043193,0.2569303893460483,-1.1273185683323674,-0.7864442312362104,0.41834910020501054
Grégoire Coudert,FRA,GB,25,180,1.6516639112755565,0.4243680485095755,0.23223612720456122,0.11141469368574893,-0.30458991719305495,0.15426857271288638,0.11317125069911718
Justin Bourgault,FRA,DF,18,122,-1.4714277244516336,1.3370925393197124,-1.191804997380764,0.4085723041550155,0.4279101662047908,0.04979091803363697,2.8542987642692386
Jérémy Le Douaron,FRA,AT,26,102,0.7662658600733594,0.23638516877146393,-0.5198624924566744,0.5843418438386099,-0.6696744164681465,0.1869849476876661,-0.3294310253789774
Bradley Locko,FRA,DF,22,97,1.2330299106346623,-0.01994215295707773,-0.072451683819843,0.2964589750938582,-0.1409944200149812,-0.06530499710423837,0.012680401578110867
Axel Camblan,FRA,"MT,AT",20,26,-0.5511115298922965,-1.372889087378386,-0.2880515510007632,1.971515673001261,1.1197994851424906,-1.5112268849778825,-0.7762724918293189
Hianga Mananga Mbock,FRA,MT,24,21,1.49577664674982,0.6109119023608253,0.14236214938620823,0.14096049233003877,-0.2543027370881268,0.19692962188789745,-0.15118207599587946
Sérigné Diop,SEN,AT,19,4,1.6516639112755565,0.4243680485095755,0.23223612720456122,0.11141469368574893,-0.30458991719305495,0.15426857271288638,0.11317125069911718
Cristian Cásseres Jr.,VEN,MT,24,2696,0.2611839083973635,-0.4330570595883445,0.38340988062734116,-0.5141700456652519,0.018168562323712577,-0.07681209961819643,0.00019961860987891954
Charlie Cresswell,ENG,DF,21,2592,0.6225974044199314,0.4743046218588484,0.050470190836884705,-0.21063592073051482,0.18197320911964843,0.24771639258588626,0.04290265987350313
Guillaume Restes,FRA,GB,19,2543,1.492648663530457,0.42080329042406833,0.38670074594753107,-0.09156937891350847,-0.4628221858733931,-0.019385513167916826,0.07110055611819555
Mark McKenzie,USA,DF,25,2496,0.9575700371614271,0.07097265364112863,-0.024019189078845378,-0.361442463586273,0.15438897896706666,-0.10945251391305227,-0.032326750334383786
Vincent Sierro,SUI,MT,28,2402,-0.29512249989716954,0.19348576857861263,-0.13588533662346228,-0.5428595493826631,0.8075121313549639,0.49935029140657333,0.18729521972508187
Yann Gboho,FRA,"MT,AT",23,2333,-1.8569361345074544,-0.40154266490174667,0.29145546246232107,0.7061003657005217,-0.08309864363029014,-0.6023453560149385,-0.04895129994878137
Djibril Sidibé,FRA,DF,32,2101,0.0527973437693862,-0.7224656070474968,0.4951497465783628,-0.8978983694620352,-0.06778116899243057,0.1265975729637354,-0.06865238708409073
Gabriel Suazo,CHI,DF,26,2163,-0.8937894430769439,-0.9782993813832433,1.0102291250048008,-0.9722614067733216,-0.7748914037188918,-0.3348830151816997,-0.16028902553377258
Zakaria Aboukhlal,MAR,"MT,AT",24,1901,-1.6079083901198388,1.6958149650597703,-0.7512742328841155,0.46402510001970104,-0.32689339298563364,0.06259919926609173,-0.40340298455708357
Shavy Babicka,GAB,"MT,AT",24,1186,-1.9016193550830605,0.7010364966673734,-0.12939034110064881,0.44943715704105036,-0.631628724730339,-0.2038180726347641,0.1378036454619098
Rasmus Nicolaisen,DEN,DF,27,623,0.5473244458809869,-0.11450543789379218,0.3811672265959218,-0.8795938985163451,-0.22071243536810486,-0.4724391787514159,-0.32378029960761673
Ümit Akdag,ROU,DF,20,500,1.0973608883148063,-0.4905789538418827,-0.4184645451621774,-0.18754227544089638,0.3342041218930305,-0.09992796909489797,-0.014188016292095212
Kjetil Haug,NOR,GB,26,498,1.6516639112755565,0.4243680485095755,0.23223612720456122,0.11141469368574893,-0.30458991719305495,0.15426857271288638,0.11317125069911718
Rafik Messali,FRA,DF,21,456,-1.0790921763277577,-1.1147477827062235,1.0177158618993887,-0.3658801149815726,-0.5630382435009504,-0.0015979153627986385,-0.14176871332795804
Denis Genreau,AUS,MT,25,222,-0.48331313783689805,-1.0850201912174342,0.3828811410618322,0.8475413952145453,0.8511640242161107,0.46433508860171036,-0.3146811679872037
Niklas Schmidt,GER,MT,26,205,-2.107918725003578,-1.7079516657695502,1.9931682388251895,-3.1213997017093607,-0.14437390288549082,-0.36347789122644114,-0.41826365795408255
Miha Zajc,SVN,MT,30,262,0.33436682248639726,-1.13406195705572,-0.7061182920174761,0.12651709785829313,0.8382015848838293,-0.401129510318598,-0.299507978668332
Noah Edjouma,FRA,"MT,AT",18,171,-3.8114719241034694,3.4337267284348196,-2.348156476389312,1.546162838003233,1.5568516136262627,-0.9156051556619172,1.5258341481354731
Logan Costa,CPV,DF,23,90,-0.8040676258990105,-1.3128512579929752,1.7599663046041545,-0.2291292120158463,0.9558450741726712,2.9605265693308023,0.47059625673419253
Álex Domínguez,ESP,GB,26,19,1.6516639112755565,0.4243680485095755,0.23223612720456122,0.11141469368574893,-0.30458991719305495,0.15426857271288638,0.11317125069911718
Edhy Zuliani,FRA,DF,19,9,1.6516639112755565,0.4243680485095755,0.23223612720456122,0.11141469368574893,-0.30458991719305495,0.15426857271288638,0.11317125069911718
Naatan Skyttä,FIN,AT,22,5,1.6516639112755565,0.4243680485095755,0.23223612720456122,0.11141469368574893,-0.30458991719305495,0.15426857271288638,0.11317125069911718
Donovan Léon,GUF,GB,31,2880,1.3713423398095224,0.3952672793062067,0.4996679865793281,-0.2020105065290381,-0.5233557801862014,-0.04414350332360113,0.05835387656645885
Gaëtan Perrin,FRA,"MT,AT",28,2691,-3.0494123996221676,0.021788566560650865,1.4766545298679918,-1.3059814338305449,-0.3356976480282243,-0.6447816130726677,0.34713828774177585
Jubal,BRA,DF,30,2640,0.611396336553781,1.23171331731171,-0.2238564620450632,0.017187263244221658,0.27624835485842364,0.2486509836894606,0.1825703042948083
Clément Akpa,CIV,DF,22,2486,0.9836563317190258,-0.18405206360564147,0.21418968060434368,-0.03684426757456955,-0.036132566845042756,-0.1288550928977085,-0.004194226296054527
Elisha Owusu,GHA,MT,26,2344,0.6187003521433445,-0.05473219310003343,0.36653745795089776,-0.7202183908467268,-0.35691280669119785,-0.28959315105104766,0.0871399503856843
Gideon Mensah,GHA,DF,26,2280,0.2695256991720735,-0.7810764479478732,0.21269549965055515,0.2970835081938938,-0.029628316941281384,0.12057414346775867,0.07494639092290419
Ki-Jana Hoever,NED,DF,22,2124,-0.19302861039772004,-0.7625935168846049,0.310710186683044,0.3300675640726913,-0.2699554151079525,-0.06221655722008257,0.17901345818629483
Hamed Junior Traorè,CIV,MT,24,2093,-2.021095713254531,0.9262709115114286,-0.5688038168974776,0.3765963868340371,0.5109646852400455,-0.2398445716826674,0.41242843464749696
Sinaly Diomande,CIV,DF,23,1945,0.4890876802094998,0.3362606794736308,0.10862038942352867,-0.6108520938126899,0.058686208033543776,-0.33117943617029166,0.3041800985570504
Gabriel Osho,NGA,DF,25,1654,1.143432573905591,0.2393192396517242,-0.05032605155447377,0.08248139202724132,0.19035912457154505,-0.03094830760270462,0.05493795337443018
Kévin Danois,FRA,MT,20,1460,0.234766605758918,-0.7417121606949395,-0.2048221560525741,-0.08235812961800608,0.5371440255619815,0.6231219706701102,-0.2034375928853335
Han-Noah Massengo,FRA,MT,23,1046,1.071046563817761,-0.12427510541910797,0.059481354902415816,0.26474090206833784,0.08660107700821541,0.04255348233902061,-0.030010207203445303
Theo Bair,CAN,AT,24,939,-0.8416196963029782,0.8616971813154581,0.10238413108912416,0.09867109719598018,-0.16719646387803896,0.17346794606299643,-0.2657776264932164
Paul Joly,FRA,DF,24,1009,-0.3111161014313293,-0.9816695131739084,0.24829417902710166,0.1539741214652429,-0.1623676027615421,-0.03916316856772223,-0.11088669931702316
Ado Onaiwu,JPN,"MT,AT",28,957,-1.650205946581262,1.2353564009991054,-0.7118054888905311,0.12157977477077753,0.07410893778590762,0.043351579931708094,0.16387479629208138
Rayan Raveloson,MAD,"MT,DF",27,724,0.6815829200053958,0.27451109751827646,-0.45740957546948335,-0.058203051477313736,0.3851667748403273,-0.002581246487362902,0.13198622079089656
Assane Dioussé,SEN,MT,26,663,1.2092820525681391,-0.29312404695122124,-0.24804033318215668,-0.3475145901739831,0.2878571051120158,0.16666113880886613,0.017534730967128598
Florian Ayé,FRA,AT,27,575,-0.27182814159703456,1.5386446189870437,-0.8644505517547129,0.4726993441087551,0.060709435948716,0.1392570457414505,0.20736477640760764
Fredrik Oppegard,NOR,DF,21,273,0.8076364206583512,-0.2890056808869371,-0.11109689518121954,0.5521322865598594,-0.14064314957121019,0.005780197417393865,-0.02686130509366774
Théo De Percin,MTQ,GB,23,180,1.6516639112755565,0.4243680485095755,0.23223612720456122,0.11141469368574893,-0.30458991719305495,0.15426857271288638,0.11317125069911718
Rudy Matondo,FRA,MT,16,66,1.1829654077350626,-0.2417548504294303,-0.05089215232676714,0.3267648990725179,0.06490824703095854,-0.22745344707571943,0.04851502745424222
Théo Pellenard,FRA,DF,30,45,1.0651962797618422,-0.273537566200013,0.0519023715172703,0.6604631420747549,-0.038511480064875786,-0.32666393734825444,0.062199573276595706
Aristide Zossou,CIV,MT,19,16,-0.9508539958551613,-2.861377394134883,-1.9828502909574584,1.364401920378075,-0.01938360098218107,-1.0812476929051833,0.07722207918540648
Eros Maddy,NED,DF,23,15,-3.26986247064264,-3.5385710961410655,0.06483301813869755,2.0661517004777936,-0.7465502178604896,2.545728835440728,0.7961135179671204
Loïc N'Gatta,FRA,DF,20,13,-1.235477914898284,-2.779118944066049,1.0857996404974875,4.27093353256564,2.107509156109269,-3.3193951663921064,-0.3719048806717312
Yoann Cissé,FRA,MT,19,5,-0.4895731448082246,-1.2971951019578154,-3.1187471211003674,1.2783511079958427,-4.269305473075237,1.2393471839446601,0.8515960486875924
Ben Viadere,FRA,MT,18,5,-6.136739392765414,-4.993523474296897,4.072995497004941,6.7007120080045866,0.8205958775990215,1.916907733977852,0.8119281375032539
Ludovic Blas,FRA,"MT,AT",26,2293,-2.546086752741942,-0.2625963072097324,0.8201963204953845,-0.6473738585480812,-0.6413760149810908,-0.8324628191261713,0.058005964556738746
Azor Matusiwa,NED,MT,26,2078,0.10106297697029616,-0.4951270549339119,0.2567048685930025,-0.9223768289609364,0.14656271928066436,-0.28972268283227287,-0.11543898323841649
Hans Hateboer,NED,DF,30,1684,0.5626331086502977,-0.7663934018131182,-0.18900766695014648,0.15003121436682293,0.2888025853431043,0.2344322244987796,0.03465795519000746
Brice Samba,FRA,GB,30,1529,1.6486926504413149,0.4161546026835174,0.22532216550205006,0.10455134076097554,-0.2964713108045547,0.15194568824375845,0.11188048205938644
Steve Mandanda,FRA,GB,39,1486,1.60784031169404,0.40207865354970646,0.26600411035490007,0.10807259288859992,-0.2969876815029402,0.21939635368893284,0.12338749391713816
Christopher Wooh,CMR,DF,22,1456,1.1234554593236699,-0.01708168363772517,-0.20618846253779166,0.034370491083301175,0.33335614209442854,-0.13719977876142858,-0.2872134832246396
Lilian Brassier,FRA,DF,24,1234,0.2860649614918187,-0.18302469209339056,-0.16466541379430208,-0.2839185266513321,0.444793700172618,-0.5562981123352218,-0.23730309343031236
Leo Skiri Østigård,NOR,DF,24,1227,1.0726810964869153,0.16163744197946187,-0.23624759135054285,-0.23794056473141728,0.37222342600792513,0.06335168941766132,0.1190527424525066
Jordan James,WAL,MT,20,1178,-0.04617871218395173,-0.7154517165799644,0.5275725731359918,-0.32878125167698746,0.391984279933197,0.26084055493657066,-0.22807389118559102
Djaoui Cissé,FRA,MT,20,1121,0.6818495063736956,-0.5155492499891131,-0.5518727367474678,-0.191126670968843,0.7915714101186848,-0.2924367568464345,0.16032923746500324
Amine Gouiri,ALG,"MT,AT",24,1037,-1.2741000073012765,0.7426123663540599,-0.3936293398645933,-0.29417370232696255,-0.2297315998579109,-0.8479436278764276,-0.22367361866281968
Anthony Rouault,FRA,DF,23,972,1.3211443011455668,0.04760196045815602,-0.1900567402485427,-0.1565086141169343,0.2203176434906283,-0.011010031302166184,-0.15543411343677555
Jérémy Jacquet,FRA,DF,19,927,0.3927169105289346,-0.2124695645817889,0.43211938896923124,-0.5663417456592796,0.04608829397179926,-0.0457723038504946,-0.3182207016540482
Alidu Seidu,GHA,DF,24,803,0.6909839996646193,-0.7560529115792306,-0.06919419264938292,0.5503645222737908,0.44068150037390824,-0.369495726795638,-0.021403435778094573
Seko Fofana,CIV,MT,29,844,-1.2328984063628576,-0.8434599727274436,-0.05601276488529321,0.0033305277897237562,0.6977967801812244,-0.4399635665653736,-0.36066995679752745
Albert Grønbaek,DEN,"MT,AT",23,813,-1.1576401778147325,0.0615331658328191,0.004154725311678921,0.2529899325632756,-0.1400846903194511,-0.15773619260827768,0.2809530974752146
Glen Kamara,FIN,MT,28,662,0.43431845172896694,-0.47146300568245975,0.08647271337642713,-0.7993816722608542,-0.4358010228982211,-0.5641124868329264,-0.14803175765005136
Mikayil Ngor Faye,SEN,DF,20,688,0.9903767523172777,-0.35994450772867553,-0.22949424318079514,0.17871636688027667,0.4704046396548861,-0.3430121646879198,-0.20310264495706623
Mohamed Meité,FRA,AT,16,544,-1.062262787613642,1.5907482320846946,-0.7664934586163026,0.7250776365355188,0.16574396982982145,0.6191165278112365,-0.04321004062201746
Baptiste Santamaria,FRA,MT,29,482,0.18416462683913323,-0.5366460199386907,0.43418893305447986,-1.225048068313875,-0.37547699034930904,-0.6270373833056062,-0.21098502355176527
Ismaël Koné,CAN,MT,22,469,-2.0662462184891286,-0.3926153344176074,0.9294277204253593,-0.51654045077531,0.5975115435989792,-0.2105458197523549,1.3039333326134255
Mahamadou Nagida,CMR,DF,19,430,-1.9515703096117776,0.5438327463546557,-1.207808859980824,1.7827596607864975,0.21642813563382843,-0.38261404224248297,0.6275650093588376
Kazeem Olaigbe,BEL,"MT,AT",21,299,-5.0108405719722535,-2.538195070370991,3.762751926216994,-1.6817483240679407,-1.5748565597574602,0.10626747771881659,-0.39065871361716986
Carlos Gómez,COL,"MT,DF",21,381,-2.0335280686225468,1.9269322893284637,-1.6866260351009512,0.9478076833813897,0.22533745121430415,-0.07156952272665254,1.773252429771529
Kyogo Furuhashi,JPN,AT,29,123,1.3206741931868355,0.5592367834849477,-0.08764437683832554,0.22055680849470222,-0.48168591987326304,0.2752818230339147,-0.1816856955923652
Benjamin Bourigeaud,FRA,MT,30,80,-1.7621450173211655,3.1599801383608654,-2.0953722004732667,-0.4140652381802933,1.4185070885551447,-0.6656499215036812,3.677634606216779
Henrik Meister,DEN,AT,20,63,-4.1874524337676675,2.9678844316255866,-0.25144597223018444,0.7202673552441219,2.0242797327862134,0.8911292878240592,5.453733079929036
Naouirou Ahamada,FRA,"MT,AT",22,58,0.8454423874066801,-0.28791284037575376,0.24059573489896172,1.106682108839944,0.08671171527204546,-0.5592572942958485,-0.07701833756412983
Gauthier Gallon,FRA,GB,31,45,1.6516639112755565,0.4243680485095755,0.23223612720456122,0.11141469368574893,-0.30458991719305495,0.15426857271288638,0.11317125069911718
Ayanda Sishuba,BEL,AT,19,3,1.6516639112755565,0.4243680485095755,0.23223612720456122,0.11141469368574893,-0.30458991719305495,0.15426857271288638,0.11317125069911718
Matthis Abline,FRA,AT,21,2768,-1.2373317937425075,0.8591454163497539,-0.08352260761940346,0.6255474933240875,0.03643306926369151,0.09476993460681205,0.19078602730681524
Pedro Chirivella,ESP,MT,27,2348,0.5092211631952249,-0.7193947781799075,0.010559342564529992,-0.8319863762235445,0.3509821699715683,-0.10775924650971114,-0.12167917229196623
Douglas,BRA,MT,27,2307,0.017948031944062106,0.2577587363708032,-0.18433802760346574,-0.6321278274914752,0.35094065274299013,-0.1375273873174179,0.09556661789196247
Kelvin Amian,FRA,DF,26,2165,0.7646199374629192,-0.2080501119811269,-0.2363033051531039,0.3317427902228075,0.025243504828315683,0.006589120407712082,0.10525423189088685
Johann Lepenant,FRA,MT,21,2048,0.43497383565564984,-0.10150141347665116,-0.20602090896803105,-0.07849258433406535,0.10992751500075268,-0.12598942426986887,0.1596213055996626
Nicolas Pallois,FRA,DF,36,2017,0.9894363959588247,0.05316227720665703,0.37183395001851727,-0.5147472418277752,-0.2940674203836802,-0.24438365369712334,-0.09181776081919624
Anthony Lopes,POR,GB,33,1563,1.6516639112755565,0.4243680485095755,0.23223612720456122,0.11141469368574893,-0.30458991719305495,0.15426857271288638,0.11317125069911718
Nathan Zeze,FRA,DF,19,1512,1.4470913294532197,0.07636240955344219,-0.10072972443961963,-0.1567040021272546,0.099961711324813,0.030886217380142217,-0.02526655558179042
Alban Lafont,FRA,GB,25,1080,1.6516639112755565,0.4243680485095755,0.23223612720456122,0.11141469368574893,-0.30458991719305495,0.15426857271288638,0.11317125069911718
Mostafa Mohamed,EGY,AT,26,1252,-0.6003985731997352,1.9276765128057896,-0.9415249152879193,0.42726875710850737,0.38145671682166754,0.1759219002911053,-0.005188033322476976
Marcus Coco,FRA,DF,28,951,0.19323850886758512,-0.6032456973406086,0.44620157720059905,-0.2498505084343832,-0.3357398906415805,0.2538898565967665,0.06818881740438669
Saidou Sow,GUI,DF,22,799,0.9207952797629232,0.5460490388931228,0.0549408263755189,-0.023025288883635465,0.21748116730835476,0.30887400207564725,0.26131381858944414
Louis Leroux,FRA,"MT,DF",18,816,-0.7266467288242314,0.4116080740449294,0.4171637970232119,-0.4147774565193299,0.3058569359940115,0.18331083569428452,0.2755432838711538
Jean-Kevin Duverne,HAI,DF,27,537,1.0097032162134474,-0.22228252410689311,-0.1899979404203852,0.0961590319545912,0.2265989387485126,-0.026184357488809318,-0.1352607122436442
Tino Kadewere,ZIM,"MT,AT",28,512,-2.1082023514508395,0.5258421419240095,0.95516088935712,-1.5833620992144386,-0.9654185076910962,-0.4385632731995985,-0.5613031463174855
Patrik Carlgren,SWE,GB,32,417,1.6516639112755565,0.4243680485095755,0.23223612720456122,0.11141469368574893,-0.30458991719305495,0.15426857271288638,0.11317125069911718
Fabien Centonze,FRA,DF,28,265,-0.055256178977937165,-1.4357347090868209,-0.740298453697081,1.0504187835861556,-0.3326452426844561,-0.1979425029735218,0.18053952174412766
Florent Mollet,FRA,"MT,AT",32,242,0.22267091078667556,-0.36870713551196616,-0.08382087526828227,0.24769553966532806,0.05473814441860112,0.7948695943165413,-0.23205593662694107
Francis Coquelin,FRA,MT,33,224,-3.9737714250269773,1.0794072616589625,2.2529387030456838,-1.9682608411562836,0.046926358460412765,0.7656958278496708,-0.09054544865611804
Jean-Philippe Gbamin,CIV,MT,28,216,0.7318270809267773,0.1583747314489109,-0.5759983455799896,-0.0662995213580232,0.5849015241022407,-0.08903127919596768,-0.8388079600852679
Meschak Elia,COD,AT,26,170,-2.9556105864236573,1.5724780218626337,-1.497686107211922,1.9829932358575393,0.538069274195313,-0.12135894516296729,0.0168979977727199
Dehmaine Assoumani,FRA,"MT,AT",19,98,-3.4038262319292367,-2.352585122860087,2.452249087173611,1.361999829552377,-0.0663465791493334,4.986979314678996,0.7298956827641421
Sékou Doucoure,FRA,DF,19,12,1.6516639112755565,0.4243680485095755,0.23223612720456122,0.11141469368574893,-0.30458991719305495,0.15426857271288638,0.11317125069911718
Jordan Lefort,FRA,DF,30,3060,1.1799799970627147,0.004752784442999347,0.11880523313779054,-0.2778215348026839,-0.02857386808316618,0.09355730963281231,-0.020795841781866505
Yahia Fofana,CIV,GB,23,2970,1.6516639112755565,0.4243680485095755,0.23223612720456122,0.11141469368574893,-0.30458991719305495,0.15426857271288638,0.11317125069911718
Himad Abdelli,ALG,"MT,AT",24,2842,-0.903351363674646,-0.3440497754672278,-0.39929560060560526,0.5188890000438942,0.9849256690178758,-0.30525329176784594,-0.028786872867102922
Florent Hanin,ALG,DF,34,2672,0.3167988458031625,-0.4358175745197156,0.1339476457255898,0.040277260494677225,-0.2056729656155812,-0.17058815458560453,0.054521576031639464
Jean-Eudes Aholou,CIV,MT,30,1959,0.7423479744314946,0.20711291010340221,-0.11840897441493632,0.008018521474454416,0.36425164718775344,0.18890486469680143,0.1214435989208786
Carlens Arcus,HAI,DF,28,2047,0.5751075916728882,-0.5681931578651923,0.1447272762432617,0.2454104379626339,-0.1547601827353715,-0.05267936231232007,0.08742883120340793
Jim Allevinah,GAB,AT,29,1750,-1.0345627003229843,-0.17816258365786278,0.5788691055330598,0.29318371747081484,-0.4007980092062001,-0.20047385040207502,-0.5926030611006378
Farid El Melali,ALG,AT,27,1893,-1.0745942688434913,-0.16787420856610621,0.6574778639235843,0.3669590003073158,-0.39105124980609063,-0.07848745492125749,-0.17423067202188838
Haris Belkebla,ALG,MT,30,1792,0.9584144299600186,-0.2615585181725036,0.193538596374903,-0.4043661148045709,0.006269448133791018,0.04679274928815712,0.03524272386418986
Esteban Lepaul,FRA,AT,24,1629,-0.839573965065728,1.8906578052307494,-0.7509236218355628,0.6146483959143634,0.5108026744497097,-0.0110517179036463,0.9829724829876638
Yassin Belkhdim,FRA,MT,22,1523,0.6025699601074876,0.08562411464616028,0.1892518585098719,-0.039979413164822085,-0.16501397339257842,-0.1326165648352602,0.08627746759995295
Abdoulaye Bamba,CIV,DF,34,1510,1.4792543890972103,0.2609800295180538,0.17672359861622491,0.021005589617083324,-0.1507486274132704,0.24094642299904975,0.07467531076698182
Emmanuel Biumla,FRA,DF,19,1336,1.2914975272599987,0.5681834601226583,-0.006212104811090905,0.06580612813883478,-0.00731124724913675,0.04088149120230333,0.1568198853940522
Ibrahima Niane,SEN,AT,25,943,-1.6844197333353144,1.8483063447511856,-0.3186850799779496,0.43199755615108004,0.0002086463640299389,0.15289351636150442,-0.8627556524118523
Bamba Dieng,SEN,AT,24,532,-1.313393836236819,2.61567054862314,-1.5012888619871512,0.6491990979559753,0.37460810653732635,0.0398114695076981,0.09303569889167534
Zinédine Ould Khaled,FRA,MT,24,343,1.3094850160609128,-0.09926987605614826,-0.17857805435665935,0.00986229717875122,0.011433135313395966,-0.035296028136555684,0.026393276231179236
Pierrick Capelle,FRA,MT,37,483,-0.0591324772310752,-0.9202904726095329,0.495732259228032,0.30467498141274296,0.45079354105638014,1.0742963655180124,0.08977110285772379
Sidiki Cherif,FRA,AT,17,324,0.2914685691324533,0.17246685174048196,-0.07160083930708036,1.013337086423702,-0.2302073636216021,0.18008941953062332,-0.5778511234345538
Marius Courcoul,FRA,"MT,DF",17,309,1.0535415431347035,-0.1324022602376583,-0.02083334423182037,0.4695241250859721,-0.05882815576835397,-0.11976979792896988,-0.029089784106602724
Cédric Hountondji,BEN,DF,30,270,1.6348377712179436,0.37785560899830556,0.19308261815589614,0.0725477802710137,-0.2586145499041037,0.1411141639969729,0.105861675698568
Ousmane Camara,FRA,DF,21,252,1.4905498127899302,0.33541805371724537,0.10727371607389662,-0.006157503911616892,-0.12098795294672111,0.1935721300885748,-0.014644154276906757
Melvin Zinga,FRA,GB,22,90,1.6516639112755565,0.4243680485095755,0.23223612720456122,0.11141469368574893,-0.30458991719305495,0.15426857271288638,0.11317125069911718
Enzo Caumont,FRA,MT,20,34,1.51804456375922,0.05500455827301976,-0.07868879759366164,-0.1972343246077368,0.06050858774861637,0.04980709173357334,0.055124625694755985
Prosper Peter,NGA,"MT,AT",16,27,1.4534012208974285,0.2649640530959282,-0.07804009949033962,0.21946436167742428,-0.671693209404368,0.2547388144936062,0.18154391717953156
Lois Diony,FRA,AT,31,21,1.1418455645889418,0.01447206030305381,-0.5656170271537553,0.38925669709291416,-1.2485698114507173,0.41262062300616587,0.28898667879161133
Lanroy Machine,FRA,AT,18,8,-0.39818844026429046,1.5386251266710145,-1.6109727985675695,0.7377736825785066,-1.0981627903340165,0.8712106457014852,-1.9974861792280256
Gautier Lloris,FRA,DF,29,2768,0.9117964937449685,0.1353894762012634,-0.005432576496738242,-0.26971470137412057,0.2031094798179311,-0.03416925571394431,0.14236125169264796
Abdoulaye Touré,GUI,MT,30,2324,-0.6867836476218621,1.699562369675484,-0.9280497388331146,-0.24227254322745248,0.8729828195497588,-0.2576180571407569,0.05957257755304947
Etienne Youte Kinkoue,FRA,DF,22,2320,1.28217921575696,0.11455071365135672,-0.038030025531579914,0.014260946754601335,0.11459213734599086,0.04867176391937977,-0.1282932902076069
Yassine Kechta,MAR,"MT,AT",22,2096,0.2296581775090386,-0.1915322973507255,-0.40604491851617247,0.4242955005325874,0.33469824727694264,-0.02345685481393844,0.01622017839843467
Arthur Desmas,FRA,GB,30,1620,1.6516639112755565,0.4243680485095755,0.23223612720456122,0.11141469368574893,-0.30458991719305495,0.15426857271288638,0.11317125069911718
Mathieu Gorgelin,FRA,GB,33,1440,1.6516639112755565,0.4243680485095755,0.23223612720456122,0.11141469368574893,-0.30458991719305495,0.15426857271288638,0.11317125069911718
Arouna Sangante,SEN,DF,22,1244,0.6269013475313971,0.5765142436456039,-0.37674879472828066,-0.019276484313410107,0.5861356095203238,-0.22585194199619377,0.5871370882615295
André Ayew,GHA,AT,34,1453,-0.10208106232028187,1.4582944337523631,-0.4025713130975964,-0.07060038075476747,-0.09985959659564139,-0.04540257520960637,0.003137811714025043
Timothee Pembele,FRA,DF,21,1113,0.42160764637330056,-0.11538212426707287,-0.4157963134446118,0.6259228955983179,0.20352810663597334,-0.3185280374477559,-0.013065745557630341
Oussama Targhalline,MAR,MT,22,990,0.48481499901980507,-1.017636013952953,-0.26306042800504403,0.2996408273664016,0.514570948258906,-0.12876686508092178,0.006375814535392601
Rassoul Ndiaye,SEN,MT,22,1061,0.49505602393579984,0.20001757344011437,-0.47951820521769783,-0.057179636014755536,0.2905093168275841,0.3048598730679128,-0.15579387154906368
Junior Mwanga,FRA,MT,21,952,-0.5201129911141735,-0.06876768580179803,0.6857054369202874,-0.7808894360767173,-0.16899627851311172,-0.47637422625993125,-0.2066804745621039
Koka,EGY,AT,31,851,-1.134475897290035,2.2714833582916216,-0.40976901706765206,-0.4057075849279465,0.09378853550678774,0.20076766422240153,-0.6949003089211563
Antoine Joujou,FRA,"MT,AT",21,943,-1.742571725228126,-1.3013218573491159,1.5802605206338385,0.5877170752994306,-0.8137146892158423,0.4078081297259126,-0.02535472089072087
Yoann Salmier,GUF,DF,31,797,1.0601304261179252,0.1407695498761271,-0.05103921938130713,0.11421319737562574,0.2403511721860695,0.055558193730569125,-0.32266825173940633
Mahamadou Diawara,FRA,MT,19,582,0.24525433496401444,-0.15998003550808448,0.7614218416506706,-0.41546785736641884,-0.3836727103440536,-0.4719243913534208,-0.28606182217949394
Daler Kuzyaev,RUS,MT,31,567,0.40542449311430706,-0.10732330993964838,-0.26931851289762065,-0.27279256396781376,0.6644575696548344,0.3133001028908508,0.579787535729684
Steve Ngoura,FRA,AT,19,289,-0.4511380211503516,0.4372671041008436,-0.460591318063952,0.4424047375347938,-0.02711474741843622,1.1483568029630156,-1.2275352704125713
Samuel Grandsir,FRA,"MT,AT",27,84,-2.668139249497712,-2.893863349100839,2.263522089967164,1.1016944976155867,1.5121455545927813,3.0650271304994274,0.5543989158537401
Elysée Logbo,FRA,AT,20,27,-0.10330763177640202,1.7311564983860295,-1.1715038471737447,0.5849845607121972,-0.6005796464155935,0.7269696276565653,-2.053733834682167
Mathéo Bodmer,FRA,MT,20,6,1.6516639112755565,0.4243680485095755,0.23223612720456122,0.11141469368574893,-0.30458991719305495,0.15426857271288638,0.11317125069911718
Kandet Diawara,GUI,AT,24,4,1.6516639112755565,0.4243680485095755,0.23223612720456122,0.11141469368574893,-0.30458991719305495,0.15426857271288638,0.11317125069911718
Alois Confais,FRA,MT,27,3,1.6516639112755565,0.4243680485095755,0.23223612720456122,0.11141469368574893,-0.30458991719305495,0.15426857271288638,0.11317125069911718
Yehvann Diouf,SEN,GB,24,3060,1.6501792518587082,0.4202640097291694,0.22878140581791434,0.10798526014915467,-0.30053326713814754,0.15310788959089408,0.11252628819906874
Valentin Atangana Edoa,FRA,MT,18,2854,0.8291222809795724,-0.01309389842650208,-0.08349207165254299,0.28413674764904323,0.24348113727082735,-0.008941310196649132,-0.12103020687260517
Sergio Akieme,ESP,DF,26,2523,-0.1365809352440536,-0.34367894457303033,0.42924017961679883,-0.02873711378786533,-0.23539252444931297,-0.24796268080023476,0.10687072643010528
Cédric Kipré,CIV,DF,27,2190,0.8969356204243593,-0.16930702993890764,0.2806023146283548,-0.23984775930254543,0.13643845814388544,0.10556554118664839,-0.07103826426124848
Aurélio Buta,POR,DF,27,1970,0.6699794685447059,-0.5066514882258718,0.006527141277350612,-0.047817537840352295,-0.10248837635209422,-0.1606837369681037,0.00474775594355839
Joseph Okumu,KEN,DF,27,1695,0.8984502346994925,-0.33990892375454695,-0.45733141979553116,-0.2560690274407824,0.7551736089835734,-0.253346288907891,-0.037249960620799764
Oumar Diakité,CIV,AT,20,1628,-0.6626197593435234,0.9110000631594312,-0.5155842141883566,0.21817200915609578,-0.0445278899001562,0.037094580353648654,-0.18865241960066653
Marshall Munetsi,ZIM,MT,28,1692,-0.4674980466264426,0.9579156843132468,0.25604556253094324,-0.3829521143558764,-0.20324218699645782,0.2612156093931935,0.09784895949840369
Amadou Koné,MLI,MT,19,1293,0.9511545696065821,-0.4219295495536433,-0.21482133479084356,0.06726646723025273,0.4527163726937704,-0.16204920434920722,-0.13843093740871718
Emmanuel Agbadou,CIV,DF,27,1260,1.0735998161095714,-0.39070139025101114,-0.3003589587339227,-0.2673952261977518,0.5864582335088061,-0.0768998010939015,-0.15773998102684667
Hiroki Sekine,JPN,DF,21,887,0.6986805459138589,-0.6947464607352126,-0.27568056018170356,0.5759053479015146,0.0648843110395956,-0.26283331775775076,0.036100938749949255
Teddy Teuma,MLT,MT,30,750,-0.24488513147881505,-0.19939814161771352,-0.5093930015358806,-0.04696155228655962,0.6020410488727337,0.637952450637286,-0.030771465200788366
Yaya Kader Fofana,MLI,"MT,AT",20,634,-1.2821975135802788,-0.49493827150006325,1.0337380956306745,0.021366507312729516,-0.007128472237042051,0.3887670245318955,0.31439993397825483
Jordan Pefok,USA,AT,28,380,-0.3159710364059487,0.9918877427169823,0.205664895086702,0.261625894687112,0.4252255126279333,1.0195040009954186,0.36356105879081296
John Joe,IRL,MT,20,545,1.1981578341652017,-0.049470106553142545,-0.0969126091870016,0.25810024523466585,-0.023565599403030338,-0.10291089289900276,-0.0441833054185221
Hafiz Ibrahim,NGA,AT,18,391,-0.5884156566564596,-0.01137294005820054,1.2873794401059317,-0.5182614400671169,-1.1251581700315816,-0.11126617081435723,-0.42407105040196547
Amine Salama,FRA,AT,24,373,-0.09081498827311311,-0.3717268111401186,-0.20618738861452565,1.145138612862357,-0.20808756318599872,0.21296421759487455,-0.43576995365512394
Thibault De Smet,BEL,DF,26,192,1.1411485291312256,-0.09834085744356601,-0.38401314577945345,-0.15241456893323002,0.2736583781472753,-0.04964740546129557,-0.23574637542415303
Ange Martial Tia,MLI,"MT,DF",17,171,-0.5900959238927153,1.232968980466749,-1.4101971644594897,0.43330902608791416,0.3680381172904788,0.36529544070982767,-2.4663645685869344
Malcolm Jeng,SWE,DF,19,107,1.524288458502974,0.07226453445229804,-0.06415959550028676,-0.18281147328561131,0.043447909947603704,0.05468846934942906,0.05783708480710931
Abdoul Koné,FRA,DF,19,133,1.5089401061110768,0.1087365907629803,-0.06920598144341668,-0.10335868097711051,-0.09911428851376913,0.09455147096995033,0.08253445554517992
Gabriel Moscardo,BRA,"MT,DF",18,84,0.6119307902703023,0.23528818739500093,-0.5979967332451658,0.31800778710469224,0.05555848489137146,0.010727696272614516,-0.7479960140847728
Reda Khadra,GER,"MT,AT",23,78,-0.028274856802714403,-1.4098975609779651,-0.3879119031330183,1.4747390444865396,-0.02896835616155602,-0.66133436361965,0.09346850840803622
Martin Adeline,FRA,MT,20,26,0.8113567727154913,-0.3005317204861394,0.32671414402038756,1.465308801358202,-0.3215060517026227,-0.5415111426507556,0.10085816478122543
Mohamed Daramy,DEN,AT,22,16,-3.842737258526402,-2.928120551378654,2.220603125438621,6.443961039543492,0.8328235691307335,-1.259639445502537,-0.5303630443240478
Mohamed Bamba,CIV,MT,19,10,0.2887465666089236,-3.343139551903293,-2.9391981057373124,-3.0368052929078053,3.419414833211992,-0.911238533276107,-0.47890432434536706
Ike Orazi,IRL,MT,17,3,-5.630997956245008,-5.858096616119954,1.0510456062750566,11.84516362684701,-0.4511964162759754,-5.8758222937720115,0.006457839410721945
Gautier Larsonneur,FRA,GB,27,3060,1.6516639112755565,0.4243680485095755,0.23223612720456122,0.11141469368574893,-0.30458991719305495,0.15426857271288638,0.11317125069911718
Léo Pétrot,FRA,DF,27,2634,0.4292800941851288,-0.4090072440394499,0.2530170677366632,-0.3360130867330532,-0.43749684908861675,-0.13141789023294034,-0.03631509011520988
Pierre Ekwah Elimby,FRA,MT,22,2575,0.9271664293891757,-0.35037971016383124,-0.26307097430561527,-0.22340496281423786,0.509793662210708,0.061525476860568716,0.033948074821874744
Mickael Nade,FRA,DF,25,2306,0.828364057514535,0.06598685586315226,0.2828611664521797,-0.3873581320680928,-0.06990186067409376,-0.3412602380319797,0.006821200505637314
Lucas Stassin,BEL,AT,19,1887,-2.5825321956307055,1.8139864827837162,-0.10792141210055002,-0.4248494480748352,-0.23954655736751185,0.03585586050714359,0.9485014369573358
Dennis Appiah,FRA,DF,32,2128,0.20578913861427137,-0.9354737487301121,0.018592351704735756,0.25683380795332267,0.017462921590002844,0.01783104376816921,0.057448673547900585
Dylan Batubinsika,COD,DF,28,2016,1.2248521766204354,0.2230295641934666,-0.03331844710148875,0.027386253436216725,0.15145595212335763,0.00873043701595789,0.059382384730504785
Benjamin Bouchouari,MAR,MT,22,1772,0.3204106239068621,-0.9220427092698704,-0.41594625957102926,0.26365053331227417,0.7398549842425723,-0.29736640115783036,0.08060407360255127
Florian Tardieu,FRA,MT,32,1252,-1.1669312891299342,-0.9482005266010571,0.16511607249101537,-2.1981321839484678,0.022764962713994398,-1.0322065368585311,0.057752498664425354
Irvin Cardona,FRA,AT,26,1063,-3.0044564516791366,1.0692641267087681,-0.3247606357523955,-0.168616863749148,-0.8826846659399422,-0.5354427362892398,0.09827170407545013
Aimen Moueffek,FRA,MT,23,1039,0.02599017908061288,-0.4658456925698272,0.37936707744897635,-0.08618731097696965,-0.05289919649312901,-0.015075578109585167,-0.29992797330934234
Louis Mouton,FRA,MT,22,1045,-0.1736546906334226,-0.6133419799516577,0.10349690675490614,-0.20104215993045718,-0.10371830154501939,0.1174397304547314,-0.3473888305164283
Yunis Abdelhamid,MAR,DF,36,1033,1.3907310121480203,0.12200063741770784,0.03844292503444422,0.02453959032055856,-0.003688241023373777,0.08144319327386894,0.0015571034177878779
Yvann Macon,FRA,DF,25,790,0.38435629740452176,-0.9366172257068309,-0.39778693267141396,0.6706911930428001,0.28764841036801214,-0.3592242203830063,-0.10096280412997757
Mathis Amougou,FRA,MT,18,859,0.9294753386952123,-0.26689145814926246,-0.18227418780226512,0.029900176725757174,0.20070750230069814,0.14904559879084667,-0.1061079367654575
Maxime Bernauer,FRA,DF,26,763,1.233942636036311,-0.357235920224387,-0.24926898792663998,-0.1520832081529558,0.4565272574692306,-0.22134090830654368,-0.0505180330068969
Mathieu Cafaro,FRA,"MT,AT",27,732,-0.5629172614587754,-0.026162427181618687,-0.02530439950117875,0.8911609271522619,0.03642127227330593,0.7545853654422949,0.05362392443365776
Ibrahim Sissoko,MLI,AT,28,819,-1.4216184617690177,1.8683818784144277,-0.40008496825733164,0.18653366744900862,0.02985636537986568,-0.19679077929070637,-0.5158900188510873
Pierre Cornud,FRA,DF,27,576,0.8277026374686424,-0.4916140653634607,0.04019882188848308,0.44136465692110444,0.06459281283321686,0.03640681270441617,0.10605607358482275
Lamine Fomba,FRA,MT,26,217,0.2664859994933703,-1.2576788415951206,-0.1280306640602579,-0.007415232532939794,0.893406800839866,0.20855353421974554,0.01200973912818042
Djylian N'Guessan,FRA,AT,15,181,0.1344915152870936,-0.2636566184472798,-0.9550527975509865,0.07314023693203997,-0.2676163686553971,0.6675326942027653,-0.5262206263307401
Marwann Nzuzi,FRA,DF,20,125,0.855287528694811,-0.2250849935065044,0.07268641250286621,0.5586608272236021,-0.2651668633493241,0.20180214634480262,0.0901173108964819
Beres Owusu,FRA,DF,20,90,1.3795649031030899,-0.05242317970463397,-0.0019287360325512181,-0.2543034815966771,0.15200543643957046,0.22578573007516742,0.07430689687925121
Kévin Pedro,FRA,DF,18,10,-2.1826239452158367,-2.914719962651294,1.561267626723091,6.8599299500049815,0.5986250723277382,-3.7350555999859956,-0.13546299557103877
Jibril Othman,TUN,AT,20,5,1.6516639112755565,0.4243680485095755,0.23223612720456122,0.11141469368574893,-0.30458991719305495,0.15426857271288638,0.11317125069911718
Anthony Briançon,FRA,DF,29,1,1.6516639112755565,0.4243680485095755,0.23223612720456122,0.11141469368574893,-0.30458991719305495,0.15426857271288638,0.11317125069911718
Benjamin Lecomte,FRA,GB,33,2700,1.6499812972697951,0.41971680455844856,0.22832077629969474,0.10752800234427544,-0.2999923804641599,0.15295313184129508,0.11244029319906226
Téji Savanier,FRA,MT,32,2363,-1.481514938998453,-0.8244518517965471,0.6726701522077517,-1.2722997930455908,0.1539502394659535,0.6876089970802546,-0.2048886661143279
Modibo Sagnan,MLI,DF,25,2141,1.0684635158571472,0.2739380428604702,0.03190246705939569,0.04283741077892258,0.20358534107421478,0.09292974626406489,0.26747461021672647
Joris Chotard,FRA,MT,22,1892,0.859709237128808,-0.08058172792631288,-0.3048456364043628,0.06797689184371553,0.2740093306982577,-0.04146766479151852,0.01874139378998787
Enzo Tchato,CMR,DF,21,1899,0.5495366182332158,-0.6470319247099771,-0.017980040418559735,0.6298448568865443,-0.0686031396430932,0.1412202574435105,0.11594956273655116
Becir Omeragic,SUI,DF,22,1799,1.2589073614981132,-0.10133935794280985,0.07160713154225898,0.1945529089521088,0.16281228397325603,-0.11533441854305014,0.0062231713393752905
Jordan Ferri,FRA,MT,32,1773,0.35386567543852326,-0.8564036710650221,-0.1094618201466415,-0.8099367356777062,0.211447880765821,-0.384276776910301,-0.15464749284794596
Rabby Nzingoula,CGO,MT,18,1689,0.571467053608625,-0.06148466001227384,0.17995920000366056,0.3742920312970863,0.14345082813431964,0.39054776380247436,0.11648756293509849
Issiaga Sylla,GUI,DF,30,1156,0.04448462977403142,-0.21377675523899842,-0.3543456476312788,0.6892967409225347,0.4241220566390948,-0.14896456171170158,-0.18903945362689978
Falaye Sacko,MLI,DF,29,1233,0.6872306069754334,-0.5685701311167319,-0.010386950865594515,-0.12096864322707669,-0.08523041605698303,-0.5357807337439341,-0.03190485754111727
Arnaud Nordin,FRA,AT,26,1166,-1.6781604802803378,0.6981866216899612,-0.44477110833277145,1.2262577328502193,-0.1707905122231706,-0.518474191757276,0.08117192700217067
Akor Adams,NGA,AT,24,1075,-0.7701064019332646,1.5139127914439354,-0.16168543685080347,0.16053240238508168,-0.17043668640780538,0.21860352891737492,-0.2825697974265948
Théo Sainte-Luce,FRA,DF,25,1018,0.36551485893931984,0.12169975377082583,-0.010680081086412642,0.5694222796150518,0.10844901844421174,0.21102795501995755,0.11063880814923027
Khalil Fayad,FRA,"MT,AT",20,1028,0.48544335178696846,-0.4616174968592416,-0.42315840911355584,0.5411267847433432,0.23213270694509006,-0.2199144322910494,-0.3575419884863397
Yael Mouanga,FRA,DF,19,946,1.3622361280697788,0.04958230912685164,0.08045843556412939,0.0036515658691189915,0.038916657482116486,0.12214338874078215,0.042200501157829834
Boubakar Kouyaté,MLI,DF,27,756,1.3804783026956633,0.3272115074063147,0.03039214933412971,0.09827791504670562,-0.02686215145024364,0.051907684145750255,-0.15334010563242553
Lucas Mincarelli,FRA,DF,20,715,0.43589843982476717,0.09845167059861239,-0.21574420650971485,0.47978244900296796,0.37643475529039966,-0.20839635295942988,0.24949724430172854
Andy Delort,ALG,AT,32,607,0.20616101182144372,0.3846185354338507,0.21888886148561812,0.3340507842321167,-0.06673798253246593,1.1611607868201907,-0.5937664444125733
Nikola Maksimović,SRB,DF,32,581,1.4970389978003227,0.14217731311852505,0.09014077856716758,-0.0370073664563074,-0.038994314422799735,0.11452168950095593,0.0810511463773313
Bamo Meïté,CIV,DF,22,424,1.5251323303523259,0.17258525447611123,0.06350097705181225,0.021185402283942726,-0.1006898589881752,0.05296643810785999,0.07983342762151541
Junior Ndiaye,FRA,AT,19,441,0.49224578664179874,-0.10165484442852252,-0.08038178276762724,0.47733073602442183,-0.3842392187382125,0.6526282923733284,-0.13075963913299235
Dimitry Bertaud,COD,GB,26,360,1.6516639112755565,0.4243680485095755,0.23223612720456122,0.11141469368574893,-0.30458991719305495,0.15426857271288638,0.11317125069911718
Wilfried Ndollo,CMR,DF,19,401,1.0861769836425614,-0.18878135915919,-0.1538569172334597,0.45641661018738544,-0.40043953512159447,0.017949553047096282,0.14354920110477007
Birama Touré,MLI,"MT,DF",32,300,1.336751535668916,-0.012605581340197562,-0.03537943838217091,-0.1956534909071581,0.05173289615361051,0.2618037770364493,0.05542783338979204
Théo Chennahi,FRA,DF,19,181,1.2534284906178483,0.46648169177679494,0.08993141224192114,0.36659384159101244,-0.3447989760137388,0.19635462590220693,-0.16134315204856817
Yanis Issoufou,FRA,"MT,AT",17,77,0.5960756104045406,-0.3936983761012926,0.07228226037474875,1.2019769354302865,0.1797106230935981,-0.6353677162034896,-0.238891857773325
Gabriel Bares,SUI,"MT,DF",23,56,1.1137341539716534,-0.5081062750948673,-0.1406291544283838,0.12573087043169534,0.5295532416731444,-0.4074821449196861,-0.031238713216618825
Axel Gueguin,FRA,AT,19,23,1.2213965001553435,-0.30877397515178856,-0.5916293320955215,-0.21800815788830674,-0.19582642683169102,0.11779058031213813,0.1076267613435914
Simon Cara,FRA,"MT,AT",19,9,1.0568758401411729,-0.0538439377313665,-0.6985925528801413,0.435563697660775,-1.4058997938269944,0.4556792980550458,0.31828925014036036
Matz Sels,BEL,GB,32,3420,1.6039628349834605,0.3933784069211618,0.2686273700176286,0.10941223296439499,-0.2802887176360245,0.209411099901233,0.12035765520843136
Nikola Milenković,SRB,DF,26,3330,0.6784395045263999,0.8289345893670785,0.09111184604615828,-0.265239235048908,-0.016897912217654878,0.016676079624832963,0.16518579209417256
Murillo,BRA,DF,22,3188,1.0209266400792947,0.07862330569200039,-0.08231453518510344,-0.050401561274357916,0.34293202921300747,0.054320366163166184,0.1294786105496689
Ola Aina,NGA,DF,27,2995,0.5410296337246716,-0.30690418967671407,0.09560898737591791,0.34736108635800383,0.1602019332182768,-0.2889622650886066,0.18800465646177714
Chris Wood,NZL,AT,32,2959,-1.624901637922,2.6573486837198614,-0.6235208217956942,-0.2361144410675299,0.45096369747530163,-0.018719827754318328,0.8365194240119002
Morgan Gibbs-White,ENG,MT,24,2803,-1.8989557163485453,-0.07071030955141898,0.6224641001040558,-0.9276600848756102,-0.1987170422583682,-0.5987062753479759,-0.030369173985388638
Elliot Anderson,ENG,MT,21,2728,-0.6361213753710083,-0.510433798552108,0.639867081490698,-0.7800330533637123,-0.3073259954291625,-0.5188687051907087,-0.08298445679156548
Neco Williams,WAL,DF,23,2594,0.006587795163523501,-0.3683532449116705,0.2705191171042997,0.2074857342598624,-0.25151956800529546,-0.49748573065304613,-0.18860610295919733
Nicolás Domínguez,ARG,"MT,AT",26,1963,0.6391522551759018,-0.23179179436598452,0.0723633328090462,-0.2761311984123323,0.06898190843603472,0.0855448558180227,-0.21999647357354896
Ryan Yates,ENG,MT,26,1915,0.47898500529858556,0.34480690699280436,0.1278342342675883,-0.10241718759360242,0.11532570142774982,-0.02063237965553487,-0.03398239322970783
Ibrahim Sangaré,CIV,MT,26,590,0.5418769919350781,-0.33389190167146965,0.5256999739096584,-1.087347367129915,-0.2954026907647886,-0.29652366680407943,-0.07222267941080432
Morato,BRA,DF,23,907,1.4878677092694936,0.19381159711238574,-0.012186444324746708,-0.06116461870770107,-0.030669985302074362,0.07211081842383826,-0.0040542579686260564
James Ward-Prowse,ENG,MT,29,400,-0.5535823427559937,-0.6252798313637836,1.634103746392548,-1.5013286926655205,-0.404557372103305,0.570679166550447,-0.012664944837708896
Danilo,BRA,"MT,AT",23,275,1.330512949326379,-0.19938768043617194,-0.14229335235671173,-0.06294741641814683,0.22478823096473785,-0.1292290113353024,0.025186595374271165
Taiwo Awoniyi,NGA,AT,26,416,-0.5194882931311201,1.5919839584026998,-0.9301526831511121,0.6817494346527724,0.21072049303716342,0.16019450872079222,-0.7615605339997136
Willy Boly,CIV,DF,33,150,1.5020113701963012,0.36351975418400345,0.039926935876022314,-0.01162288109627516,-0.11034306346430024,0.1312904437213184,-0.06420226312857223
Harry Toffolo,ENG,DF,28,137,1.4067776145251218,0.14202192347548093,-0.17952802977814308,0.04761530964849667,-0.40558455419528855,0.18771633243869207,0.10049464652800441
Andrej Kramarić,CRO,"MT,AT",33,2767,-2.6732921742699105,0.7807302168132717,0.06561948692696377,-0.6457455425048153,-0.21542838998971633,-0.6869035424347261,-0.1535128113640798
Tom Bischof,GER,"MT,AT",19,2559,-0.49363405894499324,-0.238792973271779,0.021999041050436697,-0.1704886214186822,0.3449220380718478,0.11614563158112924,0.45252956487300355
Anton Stach,GER,"MT,DF",25,2585,0.27602698686782234,-0.45152932157953346,0.0970999567716542,-0.42679827240320717,0.33494936205526704,-0.06058501835382562,-0.15916175109790934
Oliver Baumann,GER,GB,34,2520,1.5291973629011462,0.3612053002348741,0.346257826578792,0.0913344269843613,-0.2568469369514599,0.34276600758454107,0.13930990313413508
Arthur Chaves,BRA,DF,23,2185,1.2690736645532845,0.1951826121029748,-0.12344729833150922,0.007697632753426203,0.077410463515325,-0.03037556246416262,0.09858869715271153
Kevin Akpoguma,NGA,DF,29,2220,1.2682905676248175,-0.2721378717014326,-0.18708206922768933,-0.1325241342675977,0.24595593112608152,-0.05085440902729658,0.03466717586950233
Alexander Prass,AUT,DF,23,1566,-0.04505079952608321,-0.7046718006099418,0.44557479566970776,0.021170198042406923,-0.026653606352841475,0.5365841657257836,-0.03550086349010229
Pavel Kadeřábek,CZE,DF,32,1576,0.2882648837717463,-0.12588772335581885,-0.1680606170496468,0.2021876625435928,-0.05571222270335912,0.6332647754041286,0.4921876224730513
Stanley N'Soki,FRA,DF,25,1308,1.1774564780476315,-0.23735549598717784,-0.0382587332646246,-0.057274591883204794,0.26585682206221944,0.06247060062988772,0.015774730403112038
Valentin Gendrey,FRA,DF,24,1414,-0.1232703236733948,-0.40499079365188195,0.09325981746160084,0.12296100249891394,-0.2539211001294277,0.3380839943936315,0.12420918870739697
Leo Skiri Østigård,NOR,DF,24,927,1.2889175008184244,-0.21063344767251876,-0.3575135591709229,-0.4554245327678448,0.40347681936407687,0.04338003567677324,-0.09773677868192805
Florian Grillitsch,AUT,MT,28,601,1.0084468248950205,-0.6253671521414477,-0.4328260558502652,-0.4300595112119089,0.6584652549921688,-0.02406078841332845,-0.0820559374529304
Dennis Geiger,GER,"MT,AT",26,734,0.7139623199184083,-0.6326475245974027,-0.15246312617429797,0.1703004166857535,0.29242827328330706,0.1047431243550116,0.009401203435531675
Gift Orban,NGA,AT,22,687,-1.1289945190314965,2.4605369680878395,-1.1575031517992516,0.5983550832184668,0.46530450822258074,0.06641575462270057,0.46581119862016035
Finn Ole Becker,GER,MT,24,670,0.4945238287535593,-0.5650496744188125,0.11715181816555259,-1.0908540439819132,0.025200579447822613,-0.44806160525384836,-0.186158698332652
Haris Tabakovic,BIH,AT,30,821,-1.3271023590433375,1.6280567035546993,-0.10220044043111116,-0.20095593120167715,-0.2343892114820787,0.5480444733552217,0.029918147089649183
David Jurásek,CZE,DF,23,619,-0.4897491027604217,-0.925594099199469,0.6514667762754843,0.001304786402942248,-0.6692609729389174,-0.17531237790867146,-0.007839710699819893
Luca Philipp,GER,GB,23,540,1.6516639112755565,0.4243680485095755,0.23223612720456122,0.11141469368574893,-0.30458991719305495,0.15426857271288638,0.11317125069911718
Diadie Samassékou,MLI,MT,28,290,1.2272471061548542,-0.17881722289143884,-0.14012897438638203,0.07589657982371706,0.21025774939998348,-0.16475672234496577,-0.04689592793166261
Andrey Santos,BRA,MT,20,2855,-0.637453876092572,0.6916215340819939,-0.0785823329266962,-0.5858475568084272,0.6687948046912354,-0.12753292155440954,0.5888407796098968
Đorđe Petrović,SRB,GB,24,2790,1.6441234271257688,0.41465412564729487,0.23233019140342656,0.11922467187274897,-0.29674571699216834,0.14553930408176424,0.11168745590378218
Guela Doué,CIV,DF,21,2717,0.4534075729926068,-0.6158876907489127,-0.1242626206472883,-0.2517708748021334,0.2789803260644492,-0.5908621039852955,-0.07358888341578541
Dilane Bakwa,FRA,"MT,DF",21,2497,-2.815026276243544,-0.7065172294481503,0.936070894705166,-0.32613018374508196,-0.6409839991276094,-0.45791239968139485,0.19103586053578245
Mamadou Sarr,FRA,DF,18,2365,1.2346433859035932,0.1603668841200725,0.18367536081775235,-0.2181601117356664,-0.1302175732853348,-0.07631831498021088,-0.0822446432755532
Habib Diarra,SEN,"MT,AT",20,2352,-1.325473025551077,-0.3660672300046593,0.6682445061473233,-0.4559377425379324,-0.1467940452242145,-0.21546351084777673,0.07013669658898972
Emanuel Emegha,NED,AT,21,2293,-2.4928371201273847,3.02003195493899,-0.6057533457478359,0.21508558340319053,0.34218897993420155,0.011243939442421923,-0.36631769569153216
Sebastian Nanasi,SWE,"MT,AT",22,2107,-2.0861207702444493,0.09107585507873198,0.22477769576588463,-0.43437817435716247,0.24652800645349449,0.14122271297146718,-0.02650264377716798
Félix Lemaréchal,FRA,"MT,AT",20,1779,-1.1418961447756097,0.23970879024312575,0.41048355761090305,-0.2514269637224824,-0.20372680746867516,0.01843348326589902,0.14231592550004132
Valentín Barco,ARG,"MT,DF",20,1157,-0.30681129311203514,-0.8472836729379336,0.4364732399118207,-0.6257378303768252,-0.3725781572540774,-0.24675754471825773,-0.16631642404778507
Saidou Sow,GUI,DF,22,1018,1.1049289863786798,0.2710651203962375,0.3980585970804607,-0.4971470020054173,-0.44915983131854553,-0.20536031763917872,-0.11320033534098731
Abakar Sylla,CIV,DF,21,950,1.2027000526549758,0.4693231227495565,-0.13239514018345283,-0.11716326922484685,0.09906692634837726,0.10179007889311531,0.26882516081267266
Andrew Omobamidele,IRL,DF,22,539,1.5758058030380815,0.2146737479300095,0.05571845190167402,-0.06381090853652684,-0.09731692551930461,0.09496391004188492,0.08021713706027761
Karl-Johan Johnsson,SWE,GB,34,270,1.6516639112755565,0.4243680485095755,0.23223612720456122,0.11141469368574893,-0.30458991719305495,0.15426857271288638,0.11317125069911718
Junior Mwanga,FRA,MT,21,296,1.3103394547579852,-0.14664117299718266,-0.0689043053218577,-0.010573640108390934,0.12608058311607037,-0.024650259265941048,0.05330690403599011
Marvin Senaya,TOG,DF,23,227,1.2083921646877256,-0.024552227523891138,0.15748975471188625,0.025885383681810387,0.0017757011794931605,0.3309007104028113,0.08352727326127339
Andrey Santos,BRA,MT,20,2855,-0.637453876092572,0.6916215340819939,-0.0785823329266962,-0.5858475568084272,0.6687948046912354,-0.12753292155440954,0.5888407796098968
Đorđe Petrović,SRB,GB,24,2790,1.6441234271257688,0.41465412564729487,0.23233019140342656,0.11922467187274897,-0.29674571699216834,0.14553930408176424,0.11168745590378218
Guela Doué,CIV,DF,21,2717,0.4534075729926068,-0.6158876907489127,-0.1242626206472883,-0.2517708748021334,0.2789803260644492,-0.5908621039852955,-0.07358888341578541
Dilane Bakwa,FRA,"MT,DF",21,2497,-2.815026276243544,-0.7065172294481503,0.936070894705166,-0.32613018374508196,-0.6409839991276094,-0.45791239968139485,0.19103586053578245
Mamadou Sarr,FRA,DF,18,2365,1.2346433859035932,0.1603668841200725,0.18367536081775235,-0.2181601117356664,-0.1302175732853348,-0.07631831498021088,-0.0822446432755532
Habib Diarra,SEN,"MT,AT",20,2352,-1.325473025551077,-0.3660672300046593,0.6682445061473233,-0.4559377425379324,-0.1467940452242145,-0.21546351084777673,0.07013669658898972
Emanuel Emegha,NED,AT,21,2293,-2.4928371201273847,3.02003195493899,-0.6057533457478359,0.21508558340319053,0.34218897993420155,0.011243939442421923,-0.36631769569153216
Sebastian Nanasi,SWE,"MT,AT",22,2107,-2.0861207702444493,0.09107585507873198,0.22477769576588463,-0.43437817435716247,0.24652800645349449,0.14122271297146718,-0.02650264377716798
Félix Lemaréchal,FRA,"MT,AT",20,1779,-1.1418961447756097,0.23970879024312575,0.41048355761090305,-0.2514269637224824,-0.20372680746867516,0.01843348326589902,0.14231592550004132
Valentín Barco,ARG,"MT,DF",20,1157,-0.30681129311203514,-0.8472836729379336,0.4364732399118207,-0.6257378303768252,-0.3725781572540774,-0.24675754471825773,-0.16631642404778507
Saidou Sow,GUI,DF,22,1018,1.1049289863786798,0.2710651203962375,0.3980585970804607,-0.4971470020054173,-0.44915983131854553,-0.20536031763917872,-0.11320033534098731
Abakar Sylla,CIV,DF,21,950,1.2027000526549758,0.4693231227495565,-0.13239514018345283,-0.11716326922484685,0.09906692634837726,0.10179007889311531,0.26882516081267266
Andrew Omobamidele,IRL,DF,22,539,1.5758058030380815,0.2146737479300095,0.05571845190167402,-0.06381090853652684,-0.09731692551930461,0.09496391004188492,0.08021713706027761
Karl-Johan Johnsson,SWE,GB,34,270,1.6516639112755565,0.4243680485095755,0.23223612720456122,0.11141469368574893,-0.30458991719305495,0.15426857271288638,0.11317125069911718
Junior Mwanga,FRA,MT,21,296,1.3103394547579852,-0.14664117299718266,-0.0689043053218577,-0.010573640108390934,0.12608058311607037,-0.024650259265941048,0.05330690403599011
Marvin Senaya,TOG,DF,23,227,1.2083921646877256,-0.024552227523891138,0.15748975471188625,0.025885383681810387,0.0017757011794931605,0.3309007104028113,0.08352727326127339
Jordan Pickford,ENG,GB,30,3420,1.4921812262487482,0.40230138907451857,0.3874901639954131,-0.046128678946963764,-0.40899176935928705,0.08733028690411815,0.09059217015845156
Vitaliy Mykolenko,UKR,DF,25,3082,0.4909415900501301,-0.3686855912320315,0.20508629762505692,-0.17224083362383297,-0.15531337686517824,0.12052463198159971,0.16160279784121057
Idrissa Gana Gueye,SEN,MT,34,3063,0.6183122302278018,-0.3613111780860862,0.25950113425342575,-0.5456493725729292,0.016062056419324507,-0.22925635131572228,-0.1461623595662201
James Tarkowski,ENG,DF,31,2922,0.8409781950351415,0.06518234958550685,0.37395846679821837,-0.244408675541614,0.11072141730098131,0.4422694055061788,0.06773652576578021
Abdoulaye Doucouré,MLI,MT,31,2564,-0.1858632465479031,0.14659051104344173,0.07722035497000286,0.05294464426868367,-0.020576371263440522,0.0729075602203541,-0.06554116934233155
Iliman Ndiaye,SEN,AT,24,2430,-0.8468085036266746,0.77865485016293,-0.4203884936830341,1.1418077489041363,0.5305459585789791,-0.2061725634870919,0.5057985469853248
Jarrad Branthwaite,ENG,DF,22,2511,1.1337621644111702,0.09717817285353961,0.17276481816163522,-0.23023284567262747,-0.04943794883331251,-0.04244377970228764,-0.12104148099480845
Jack Harrison,ENG,AT,27,2076,-0.43495340542441363,-0.4587521721603238,0.23777242592541642,1.138002288601557,0.11543532145146612,0.574502056945468,-0.17231243830656578
Ashley Young,ENG,DF,39,1875,-0.0025615375179867408,-0.4988897993982766,0.6303420370578605,-0.703522765710732,-0.08099736143251934,-0.18057139035422734,0.12232791690242219
Dominic Calvert-Lewin,ENG,AT,27,1609,-0.6410547439547786,1.1607687901407828,-0.600810570240074,0.4473672833884354,-0.3900717822568356,0.09326773681484465,-0.6423050736022033
James Garner,ENG,"MT,DF",23,1594,0.6038176627314344,-0.24131368993772295,0.34050124317102776,-0.18908771967143345,-0.10705828970904034,0.16846788263570103,-0.076749636863384
Jake O'Brien,IRL,DF,23,1571,0.8913497557586637,0.24407062447469496,-0.23550568996742222,-0.052596850296149744,0.1901858706703665,0.12017229166744063,0.3560456175667668
Beto,GNB,AT,26,1534,-1.2328398269580976,2.378604871102636,-1.0163072073252646,0.538704669506193,0.4785766415567733,0.41894644013656157,0.16642092898171712
Dwight McNeil,ENG,"MT,AT",24,1371,-3.004859721122664,-0.6503056272222332,2.000245113945512,-1.531869337493556,-0.6633135191637021,-0.1438162992619946,0.6614216962345991
Jesper Lindstrøm,DEN,AT,24,1239,-0.40499561501321796,-0.3599386801282974,0.4023825118818052,0.5005952205709561,-0.4278224675731517,0.49329968472231756,-0.36390046857842995
Orel Mangala,BEL,MT,26,1261,0.8333944853511004,0.26156629037701123,-0.10513769625359928,0.01974473802563324,0.1460915402721157,0.311051500440499,0.08119033888588627
Michael Keane,ENG,DF,31,1049,0.8239082720816834,1.0636288055707712,-0.21461087659988445,-0.02397246890268941,0.23154007432282792,-0.014271357594068189,0.8795224278071593
Tim Iroegbunam,ENG,MT,21,574,0.3733122258494373,-0.13983341983323036,0.6603384858919763,-0.47809724105674295,-0.5649735680513793,-0.6662806831539599,-0.23206902662090953
Armando Broja,ALB,AT,22,334,0.3472062033258111,-0.5254049965827818,0.06454846602799315,1.4217110754796187,-0.5686111927751959,-0.06844840565313579,0.09880659382567292
Nathan Patterson,SCO,DF,22,347,-0.6020054986710899,-0.704044545798339,1.000754606076649,-0.9414931253877894,-1.0470583734606398,-0.6180187668538554,-0.15273759932590192
Séamus Coleman,IRL,DF,35,215,0.6337506043936308,0.21365494530482465,-0.8391322586266587,-0.07905026165568865,0.22427112296000423,0.11038299299353015,-0.8441281565140832
Roman Dixon,ENG,DF,19,90,1.592185104162118,0.3765468498854813,0.13915325919609095,0.14382959408325152,-0.4147209048564489,0.18440964524710232,0.13368305064324149
Harrison Armstrong,ENG,MT,17,48,-0.8863272550220298,1.4270324264802903,-0.0965190114608425,0.782332379304493,0.8468550284769261,0.9536277901082709,-2.453207662242909
Andrej Kramarić,CRO,"MT,AT",33,2767,-2.6732921742699105,0.7807302168132717,0.06561948692696377,-0.6457455425048153,-0.21542838998971633,-0.6869035424347261,-0.1535128113640798
Tom Bischof,GER,"MT,AT",19,2559,-0.49363405894499324,-0.238792973271779,0.021999041050436697,-0.1704886214186822,0.3449220380718478,0.11614563158112924,0.45252956487300355
Anton Stach,GER,"MT,DF",25,2585,0.27602698686782234,-0.45152932157953346,0.0970999567716542,-0.42679827240320717,0.33494936205526704,-0.06058501835382562,-0.15916175109790934
Oliver Baumann,GER,GB,34,2520,1.5291973629011462,0.3612053002348741,0.346257826578792,0.0913344269843613,-0.2568469369514599,0.34276600758454107,0.13930990313413508
Arthur Chaves,BRA,DF,23,2185,1.2690736645532845,0.1951826121029748,-0.12344729833150922,0.007697632753426203,0.077410463515325,-0.03037556246416262,0.09858869715271153
Kevin Akpoguma,NGA,DF,29,2220,1.2682905676248175,-0.2721378717014326,-0.18708206922768933,-0.1325241342675977,0.24595593112608152,-0.05085440902729658,0.03466717586950233
Alexander Prass,AUT,DF,23,1566,-0.04505079952608321,-0.7046718006099418,0.44557479566970776,0.021170198042406923,-0.026653606352841475,0.5365841657257836,-0.03550086349010229
Pavel Kadeřábek,CZE,DF,32,1576,0.2882648837717463,-0.12588772335581885,-0.1680606170496468,0.2021876625435928,-0.05571222270335912,0.6332647754041286,0.4921876224730513
Stanley N'Soki,FRA,DF,25,1308,1.1774564780476315,-0.23735549598717784,-0.0382587332646246,-0.057274591883204794,0.26585682206221944,0.06247060062988772,0.015774730403112038
Valentin Gendrey,FRA,DF,24,1414,-0.1232703236733948,-0.40499079365188195,0.09325981746160084,0.12296100249891394,-0.2539211001294277,0.3380839943936315,0.12420918870739697
Leo Skiri Østigård,NOR,DF,24,927,1.2889175008184244,-0.21063344767251876,-0.3575135591709229,-0.4554245327678448,0.40347681936407687,0.04338003567677324,-0.09773677868192805
Florian Grillitsch,AUT,MT,28,601,1.0084468248950205,-0.6253671521414477,-0.4328260558502652,-0.4300595112119089,0.6584652549921688,-0.02406078841332845,-0.0820559374529304
Dennis Geiger,GER,"MT,AT",26,734,0.7139623199184083,-0.6326475245974027,-0.15246312617429797,0.1703004166857535,0.29242827328330706,0.1047431243550116,0.009401203435531675
Gift Orban,NGA,AT,22,687,-1.1289945190314965,2.4605369680878395,-1.1575031517992516,0.5983550832184668,0.46530450822258074,0.06641575462270057,0.46581119862016035
Finn Ole Becker,GER,MT,24,670,0.4945238287535593,-0.5650496744188125,0.11715181816555259,-1.0908540439819132,0.025200579447822613,-0.44806160525384836,-0.186158698332652
Haris Tabakovic,BIH,AT,30,821,-1.3271023590433375,1.6280567035546993,-0.10220044043111116,-0.20095593120167715,-0.2343892114820787,0.5480444733552217,0.029918147089649183
David Jurásek,CZE,DF,23,619,-0.4897491027604217,-0.925594099199469,0.6514667762754843,0.001304786402942248,-0.6692609729389174,-0.17531237790867146,-0.007839710699819893
Luca Philipp,GER,GB,23,540,1.6516639112755565,0.4243680485095755,0.23223612720456122,0.11141469368574893,-0.30458991719305495,0.15426857271288638,0.11317125069911718
Diadie Samassékou,MLI,MT,28,290,1.2272471061548542,-0.17881722289143884,-0.14012897438638203,0.07589657982371706,0.21025774939998348,-0.16475672234496577,-0.04689592793166261
Andrey Santos,BRA,MT,20,2855,-0.637453876092572,0.6916215340819939,-0.0785823329266962,-0.5858475568084272,0.6687948046912354,-0.12753292155440954,0.5888407796098968
Đorđe Petrović,SRB,GB,24,2790,1.6441234271257688,0.41465412564729487,0.23233019140342656,0.11922467187274897,-0.29674571699216834,0.14553930408176424,0.11168745590378218
Guela Doué,CIV,DF,21,2717,0.4534075729926068,-0.6158876907489127,-0.1242626206472883,-0.2517708748021334,0.2789803260644492,-0.5908621039852955,-0.07358888341578541
Dilane Bakwa,FRA,"MT,DF",21,2497,-2.815026276243544,-0.7065172294481503,0.936070894705166,-0.32613018374508196,-0.6409839991276094,-0.45791239968139485,0.19103586053578245
Mamadou Sarr,FRA,DF,18,2365,1.2346433859035932,0.1603668841200725,0.18367536081775235,-0.2181601117356664,-0.1302175732853348,-0.07631831498021088,-0.0822446432755532
Habib Diarra,SEN,"MT,AT",20,2352,-1.325473025551077,-0.3660672300046593,0.6682445061473233,-0.4559377425379324,-0.1467940452242145,-0.21546351084777673,0.07013669658898972
Emanuel Emegha,NED,AT,21,2293,-2.4928371201273847,3.02003195493899,-0.6057533457478359,0.21508558340319053,0.34218897993420155,0.011243939442421923,-0.36631769569153216
Sebastian Nanasi,SWE,"MT,AT",22,2107,-2.0861207702444493,0.09107585507873198,0.22477769576588463,-0.43437817435716247,0.24652800645349449,0.14122271297146718,-0.02650264377716798
Félix Lemaréchal,FRA,"MT,AT",20,1779,-1.1418961447756097,0.23970879024312575,0.41048355761090305,-0.2514269637224824,-0.20372680746867516,0.01843348326589902,0.14231592550004132
Valentín Barco,ARG,"MT,DF",20,1157,-0.30681129311203514,-0.8472836729379336,0.4364732399118207,-0.6257378303768252,-0.3725781572540774,-0.24675754471825773,-0.16631642404778507
Saidou Sow,GUI,DF,22,1018,1.1049289863786798,0.2710651203962375,0.3980585970804607,-0.4971470020054173,-0.44915983131854553,-0.20536031763917872,-0.11320033534098731
Abakar Sylla,CIV,DF,21,950,1.2027000526549758,0.4693231227495565,-0.13239514018345283,-0.11716326922484685,0.09906692634837726,0.10179007889311531,0.26882516081267266
Andrew Omobamidele,IRL,DF,22,539,1.5758058030380815,0.2146737479300095,0.05571845190167402,-0.06381090853652684,-0.09731692551930461,0.09496391004188492,0.08021713706027761
Karl-Johan Johnsson,SWE,GB,34,270,1.6516639112755565,0.4243680485095755,0.23223612720456122,0.11141469368574893,-0.30458991719305495,0.15426857271288638,0.11317125069911718
Junior Mwanga,FRA,MT,21,296,1.3103394547579852,-0.14664117299718266,-0.0689043053218577,-0.010573640108390934,0.12608058311607037,-0.024650259265941048,0.05330690403599011
Marvin Senaya,TOG,DF,23,227,1.2083921646877256,-0.024552227523891138,0.15748975471188625,0.025885383681810387,0.0017757011794931605,0.3309007104028113,0.08352727326127339
Andrej Kramarić,CRO,"MT,AT",33,2767,-2.6732921742699105,0.7807302168132717,0.06561948692696377,-0.6457455425048153,-0.21542838998971633,-0.6869035424347261,-0.1535128113640798
Tom Bischof,GER,"MT,AT",19,2559,-0.49363405894499324,-0.238792973271779,0.021999041050436697,-0.1704886214186822,0.3449220380718478,0.11614563158112924,0.45252956487300355
Anton Stach,GER,"MT,DF",25,2585,0.27602698686782234,-0.45152932157953346,0.0970999567716542,-0.42679827240320717,0.33494936205526704,-0.06058501835382562,-0.15916175109790934
Oliver Baumann,GER,GB,34,2520,1.5291973629011462,0.3612053002348741,0.346257826578792,0.0913344269843613,-0.2568469369514599,0.34276600758454107,0.13930990313413508
Arthur Chaves,BRA,DF,23,2185,1.2690736645532845,0.1951826121029748,-0.12344729833150922,0.007697632753426203,0.077410463515325,-0.03037556246416262,0.09858869715271153
Kevin Akpoguma,NGA,DF,29,2220,1.2682905676248175,-0.2721378717014326,-0.18708206922768933,-0.1325241342675977,0.24595593112608152,-0.05085440902729658,0.03466717586950233
Alexander Prass,AUT,DF,23,1566,-0.04505079952608321,-0.7046718006099418,0.44557479566970776,0.021170198042406923,-0.026653606352841475,0.5365841657257836,-0.03550086349010229
Pavel Kadeřábek,CZE,DF,32,1576,0.2882648837717463,-0.12588772335581885,-0.1680606170496468,0.2021876625435928,-0.05571222270335912,0.6332647754041286,0.4921876224730513
Stanley N'Soki,FRA,DF,25,1308,1.1774564780476315,-0.23735549598717784,-0.0382587332646246,-0.057274591883204794,0.26585682206221944,0.06247060062988772,0.015774730403112038
Valentin Gendrey,FRA,DF,24,1414,-0.1232703236733948,-0.40499079365188195,0.09325981746160084,0.12296100249891394,-0.2539211001294277,0.3380839943936315,0.12420918870739697
Leo Skiri Østigård,NOR,DF,24,927,1.2889175008184244,-0.21063344767251876,-0.3575135591709229,-0.4554245327678448,0.40347681936407687,0.04338003567677324,-0.09773677868192805
Florian Grillitsch,AUT,MT,28,601,1.0084468248950205,-0.6253671521414477,-0.4328260558502652,-0.4300595112119089,0.6584652549921688,-0.02406078841332845,-0.0820559374529304
Dennis Geiger,GER,"MT,AT",26,734,0.7139623199184083,-0.6326475245974027,-0.15246312617429797,0.1703004166857535,0.29242827328330706,0.1047431243550116,0.009401203435531675
Gift Orban,NGA,AT,22,687,-1.1289945190314965,2.4605369680878395,-1.1575031517992516,0.5983550832184668,0.46530450822258074,0.06641575462270057,0.46581119862016035
Finn Ole Becker,GER,MT,24,670,0.4945238287535593,-0.5650496744188125,0.11715181816555259,-1.0908540439819132,0.025200579447822613,-0.44806160525384836,-0.186158698332652
Haris Tabakovic,BIH,AT,30,821,-1.3271023590433375,1.6280567035546993,-0.10220044043111116,-0.20095593120167715,-0.2343892114820787,0.5480444733552217,0.029918147089649183
David Jurásek,CZE,DF,23,619,-0.4897491027604217,-0.925594099199469,0.6514667762754843,0.001304786402942248,-0.6692609729389174,-0.17531237790867146,-0.007839710699819893
Luca Philipp,GER,GB,23,540,1.6516639112755565,0.4243680485095755,0.23223612720456122,0.11141469368574893,-0.30458991719305495,0.15426857271288638,0.11317125069911718
Diadie Samassékou,MLI,MT,28,290,1.2272471061548542,-0.17881722289143884,-0.14012897438638203,0.07589657982371706,0.21025774939998348,-0.16475672234496577,-0.04689592793166261
Andrey Santos,BRA,MT,20,2855,-0.637453876092572,0.6916215340819939,-0.0785823329266962,-0.5858475568084272,0.6687948046912354,-0.12753292155440954,0.5888407796098968
Đorđe Petrović,SRB,GB,24,2790,1.6441234271257688,0.41465412564729487,0.23233019140342656,0.11922467187274897,-0.29674571699216834,0.14553930408176424,0.11168745590378218
Guela Doué,CIV,DF,21,2717,0.4534075729926068,-0.6158876907489127,-0.1242626206472883,-0.2517708748021334,0.2789803260644492,-0.5908621039852955,-0.07358888341578541
Dilane Bakwa,FRA,"MT,DF",21,2497,-2.815026276243544,-0.7065172294481503,0.936070894705166,-0.32613018374508196,-0.6409839991276094,-0.45791239968139485,0.19103586053578245
Mamadou Sarr,FRA,DF,18,2365,1.2346433859035932,0.1603668841200725,0.18367536081775235,-0.2181601117356664,-0.1302175732853348,-0.07631831498021088,-0.0822446432755532
Habib Diarra,SEN,"MT,AT",20,2352,-1.325473025551077,-0.3660672300046593,0.6682445061473233,-0.4559377425379324,-0.1467940452242145,-0.21546351084777673,0.07013669658898972
Emanuel Emegha,NED,AT,21,2293,-2.4928371201273847,3.02003195493899,-0.6057533457478359,0.21508558340319053,0.34218897993420155,0.011243939442421923,-0.36631769569153216
Sebastian Nanasi,SWE,"MT,AT",22,2107,-2.0861207702444493,0.09107585507873198,0.22477769576588463,-0.43437817435716247,0.24652800645349449,0.14122271297146718,-0.02650264377716798
Félix Lemaréchal,FRA,"MT,AT",20,1779,-1.1418961447756097,0.23970879024312575,0.41048355761090305,-0.2514269637224824,-0.20372680746867516,0.01843348326589902,0.14231592550004132
Valentín Barco,ARG,"MT,DF",20,1157,-0.30681129311203514,-0.8472836729379336,0.4364732399118207,-0.6257378303768252,-0.3725781572540774,-0.24675754471825773,-0.16631642404778507
Saidou Sow,GUI,DF,22,1018,1.1049289863786798,0.2710651203962375,0.3980585970804607,-0.4971470020054173,-0.44915983131854553,-0.20536031763917872,-0.11320033534098731
Abakar Sylla,CIV,DF,21,950,1.2027000526549758,0.4693231227495565,-0.13239514018345283,-0.11716326922484685,0.09906692634837726,0.10179007889311531,0.26882516081267266
Andrew Omobamidele,IRL,DF,22,539,1.5758058030380815,0.2146737479300095,0.05571845190167402,-0.06381090853652684,-0.09731692551930461,0.09496391004188492,0.08021713706027761
Karl-Johan Johnsson,SWE,GB,34,270,1.6516639112755565,0.4243680485095755,0.23223612720456122,0.11141469368574893,-0.30458991719305495,0.15426857271288638,0.11317125069911718
Junior Mwanga,FRA,MT,21,296,1.3103394547579852,-0.14664117299718266,-0.0689043053218577,-0.010573640108390934,0.12608058311607037,-0.024650259265941048,0.05330690403599011
Marvin Senaya,TOG,DF,23,227,1.2083921646877256,-0.024552227523891138,0.15748975471188625,0.025885383681810387,0.0017757011794931605,0.3309007104028113,0.08352727326127339
Hauke Wahl,GER,DF,30,2970,1.1025634521616157,-0.29629924983992645,-0.15168008625657495,-0.05234722086467478,0.4013100579683001,-0.07165236420774163,-0.09220025321056549
Nikola Vasilj,BIH,GB,28,2969,1.6516639112755565,0.4243680485095755,0.23223612720456122,0.11141469368574893,-0.30458991719305495,0.15426857271288638,0.11317125069911718
Philipp Treu,GER,"MT,DF",23,2881,0.2872503662951347,-0.5547987877488422,0.2204281033231205,0.16732813456482634,-0.15844898970048327,-0.01349857126954645,-0.06977049202744671
Jackson Irvine,AUS,MT,31,2610,-0.4339190247922143,-0.3371852860865462,0.8724320231087795,-1.1526739667237105,-0.4513221868448295,-0.054515485458540326,-0.4606938521464019
Manolis Saliakas,GRE,"MT,DF",27,2314,0.20971924225327138,-0.22144273979474127,0.03806130183153311,-0.06501501730254124,0.09832817163365798,0.28711107939552233,0.19079766398920778
David Nemeth,AUT,DF,23,2137,1.1713872282648046,-0.059269484482012025,0.14309546041712873,-0.1935209461910896,-0.024933420682526845,-0.18795695905826387,-0.027591791110727508
Johannes Eggestein,GER,AT,26,1853,-1.0819284632193171,0.43318069031609513,0.1874129477505593,-0.4284176455775399,-0.874642513150001,-0.1754769860008986,-0.24382860218111438
Carlo Boukhalfa,MAR,MT,25,1646,0.6284117505750716,0.3092523741432245,-0.1685937386850058,0.1048144439941808,0.08397743014906259,0.35468155539940904,0.26202408918594966
Karol Mets,EST,DF,31,900,1.1728342790303214,-0.4316319161593653,-0.29450702855118455,-0.3387810995216419,0.5065354690957663,-0.03567769188649348,-0.03299284131420043
James Sands,USA,"MT,DF",24,453,1.3980312095848704,-0.049550568906149624,-0.26494717984538013,-0.21637555903363628,0.009752582345824773,0.07084674675463726,0.030150436690712618
Robert Wagner,GER,MT,21,407,1.3366006022258925,0.03820132027133747,-0.21181490637428033,0.0058497383181657266,-0.18113281222206778,0.08806529671217013,0.024650336217272046
Connor Metcalfe,AUS,"MT,AT",24,358,0.547473883282363,0.1698576105637123,-0.15331397202098926,0.5623740663890069,0.013398567166654449,0.17250804242941795,-0.554383638650233
Ben Alexander Voll,GER,GB,23,91,1.2494514190957173,0.2304371398003101,0.6262918545408062,0.05836151185305267,-0.1618664237528398,0.7872913587312281,0.2029106546493729
Andreas Albers,DEN,AT,34,62,-5.179440139582114,5.3033852587664505,-3.0100423694283442,0.4320239782813056,2.2298316612491136,0.2129074093443568,2.2940515052592088
Abdoulie Ceesay,GAM,AT,20,60,0.8172544782603443,-0.2076656075923345,-0.7665415706962083,0.48447754390597136,-1.5833447211217175,0.7058682789289802,0.38623467121368565
Maurides,BRA,AT,30,2,1.6516639112755565,0.4243680485095755,0.23223612720456122,0.11141469368574893,-0.30458991719305495,0.15426857271288638,0.11317125069911718
Finley Stevens,WAL,DF,21,1,1.6516639112755565,0.4243680485095755,0.23223612720456122,0.11141469368574893,-0.30458991719305495,0.15426857271288638,0.11317125069911718
Andrej Kramarić,CRO,"MT,AT",33,2767,-2.6732921742699105,0.7807302168132717,0.06561948692696377,-0.6457455425048153,-0.21542838998971633,-0.6869035424347261,-0.1535128113640798
Tom Bischof,GER,"MT,AT",19,2559,-0.49363405894499324,-0.238792973271779,0.021999041050436697,-0.1704886214186822,0.3449220380718478,0.11614563158112924,0.45252956487300355
Anton Stach,GER,"MT,DF",25,2585,0.27602698686782234,-0.45152932157953346,0.0970999567716542,-0.42679827240320717,0.33494936205526704,-0.06058501835382562,-0.15916175109790934
Oliver Baumann,GER,GB,34,2520,1.5291973629011462,0.3612053002348741,0.346257826578792,0.0913344269843613,-0.2568469369514599,0.34276600758454107,0.13930990313413508
Arthur Chaves,BRA,DF,23,2185,1.2690736645532845,0.1951826121029748,-0.12344729833150922,0.007697632753426203,0.077410463515325,-0.03037556246416262,0.09858869715271153
Kevin Akpoguma,NGA,DF,29,2220,1.2682905676248175,-0.2721378717014326,-0.18708206922768933,-0.1325241342675977,0.24595593112608152,-0.05085440902729658,0.03466717586950233
Alexander Prass,AUT,DF,23,1566,-0.04505079952608321,-0.7046718006099418,0.44557479566970776,0.021170198042406923,-0.026653606352841475,0.5365841657257836,-0.03550086349010229
Pavel Kadeřábek,CZE,DF,32,1576,0.2882648837717463,-0.12588772335581885,-0.1680606170496468,0.2021876625435928,-0.05571222270335912,0.6332647754041286,0.4921876224730513
Stanley N'Soki,FRA,DF,25,1308,1.1774564780476315,-0.23735549598717784,-0.0382587332646246,-0.057274591883204794,0.26585682206221944,0.06247060062988772,0.015774730403112038
Valentin Gendrey,FRA,DF,24,1414,-0.1232703236733948,-0.40499079365188195,0.09325981746160084,0.12296100249891394,-0.2539211001294277,0.3380839943936315,0.12420918870739697
Leo Skiri Østigård,NOR,DF,24,927,1.2889175008184244,-0.21063344767251876,-0.3575135591709229,-0.4554245327678448,0.40347681936407687,0.04338003567677324,-0.09773677868192805
Florian Grillitsch,AUT,MT,28,601,1.0084468248950205,-0.6253671521414477,-0.4328260558502652,-0.4300595112119089,0.6584652549921688,-0.02406078841332845,-0.0820559374529304
Dennis Geiger,GER,"MT,AT",26,734,0.7139623199184083,-0.6326475245974027,-0.15246312617429797,0.1703004166857535,0.29242827328330706,0.1047431243550116,0.009401203435531675
Gift Orban,NGA,AT,22,687,-1.1289945190314965,2.4605369680878395,-1.1575031517992516,0.5983550832184668,0.46530450822258074,0.06641575462270057,0.46581119862016035
Finn Ole Becker,GER,MT,24,670,0.4945238287535593,-0.5650496744188125,0.11715181816555259,-1.0908540439819132,0.025200579447822613,-0.44806160525384836,-0.186158698332652
Haris Tabakovic,BIH,AT,30,821,-1.3271023590433375,1.6280567035546993,-0.10220044043111116,-0.20095593120167715,-0.2343892114820787,0.5480444733552217,0.029918147089649183
David Jurásek,CZE,DF,23,619,-0.4897491027604217,-0.925594099199469,0.6514667762754843,0.001304786402942248,-0.6692609729389174,-0.17531237790867146,-0.007839710699819893
Luca Philipp,GER,GB,23,540,1.6516639112755565,0.4243680485095755,0.23223612720456122,0.11141469368574893,-0.30458991719305495,0.15426857271288638,0.11317125069911718
Diadie Samassékou,MLI,MT,28,290,1.2272471061548542,-0.17881722289143884,-0.14012897438638203,0.07589657982371706,0.21025774939998348,-0.16475672234496577,-0.04689592793166261
Andrey Santos,BRA,MT,20,2855,-0.637453876092572,0.6916215340819939,-0.0785823329266962,-0.5858475568084272,0.6687948046912354,-0.12753292155440954,0.5888407796098968
Đorđe Petrović,SRB,GB,24,2790,1.6441234271257688,0.41465412564729487,0.23233019140342656,0.11922467187274897,-0.29674571699216834,0.14553930408176424,0.11168745590378218
Guela Doué,CIV,DF,21,2717,0.4534075729926068,-0.6158876907489127,-0.1242626206472883,-0.2517708748021334,0.2789803260644492,-0.5908621039852955,-0.07358888341578541
Dilane Bakwa,FRA,"MT,DF",21,2497,-2.815026276243544,-0.7065172294481503,0.936070894705166,-0.32613018374508196,-0.6409839991276094,-0.45791239968139485,0.19103586053578245
Mamadou Sarr,FRA,DF,18,2365,1.2346433859035932,0.1603668841200725,0.18367536081775235,-0.2181601117356664,-0.1302175732853348,-0.07631831498021088,-0.0822446432755532
Habib Diarra,SEN,"MT,AT",20,2352,-1.325473025551077,-0.3660672300046593,0.6682445061473233,-0.4559377425379324,-0.1467940452242145,-0.21546351084777673,0.07013669658898972
Emanuel Emegha,NED,AT,21,2293,-2.4928371201273847,3.02003195493899,-0.6057533457478359,0.21508558340319053,0.34218897993420155,0.011243939442421923,-0.36631769569153216
Sebastian Nanasi,SWE,"MT,AT",22,2107,-2.0861207702444493,0.09107585507873198,0.22477769576588463,-0.43437817435716247,0.24652800645349449,0.14122271297146718,-0.02650264377716798
Félix Lemaréchal,FRA,"MT,AT",20,1779,-1.1418961447756097,0.23970879024312575,0.41048355761090305,-0.2514269637224824,-0.20372680746867516,0.01843348326589902,0.14231592550004132
Valentín Barco,ARG,"MT,DF",20,1157,-0.30681129311203514,-0.8472836729379336,0.4364732399118207,-0.6257378303768252,-0.3725781572540774,-0.24675754471825773,-0.16631642404778507
Saidou Sow,GUI,DF,22,1018,1.1049289863786798,0.2710651203962375,0.3980585970804607,-0.4971470020054173,-0.44915983131854553,-0.20536031763917872,-0.11320033534098731
Abakar Sylla,CIV,DF,21,950,1.2027000526549758,0.4693231227495565,-0.13239514018345283,-0.11716326922484685,0.09906692634837726,0.10179007889311531,0.26882516081267266
Andrew Omobamidele,IRL,DF,22,539,1.5758058030380815,0.2146737479300095,0.05571845190167402,-0.06381090853652684,-0.09731692551930461,0.09496391004188492,0.08021713706027761
Karl-Johan Johnsson,SWE,GB,34,270,1.6516639112755565,0.4243680485095755,0.23223612720456122,0.11141469368574893,-0.30458991719305495,0.15426857271288638,0.11317125069911718
Junior Mwanga,FRA,MT,21,296,1.3103394547579852,-0.14664117299718266,-0.0689043053218577,-0.010573640108390934,0.12608058311607037,-0.024650259265941048,0.05330690403599011
Marvin Senaya,TOG,DF,23,227,1.2083921646877256,-0.024552227523891138,0.15748975471188625,0.025885383681810387,0.0017757011794931605,0.3309007104028113,0.08352727326127339
Rayan Aït-Nouri,ALG,DF,23,3109,-1.1679340992545668,-0.4548446214138816,0.8776088717898736,-0.2530305666301203,-0.5119322820034341,-0.31135881682682054,0.1656002429479263
João Gomes,BRA,MT,23,2974,0.2526713187656333,-0.26234317073874075,-0.2880537990384148,0.09134836790549067,0.4393489445067971,-0.2785569430953304,0.007872291006681579
Nélson Semedo,POR,DF,30,2886,0.016219872231529486,-0.5441347305231609,0.6248039828527051,0.046261345350834794,-0.4739869780401907,-0.24824055435749692,-0.07444733494340094
André,BRA,MT,23,2472,1.1955927208485564,-0.21224394399349136,-0.1348131949141428,-0.21520339568016875,0.29415843843264394,0.12767322875016443,-0.02300770108442415
Toti Gomes,POR,DF,25,2614,0.9882272415341614,-0.1495608821255622,0.13420172160712854,-0.0357800188665661,0.07908430328221548,-0.08082584272247277,-0.07934745142416824
Jørgen Strand Larsen,NOR,AT,24,2587,-1.6014790076392809,2.1100381994817217,-0.20912321294817626,-0.37402435630660025,-0.04478985756993098,-0.042448979472913054,0.5665025452577691
José Sá,POR,GB,31,2609,1.607960057369527,0.39534800580419677,0.26353786901205334,0.09806486295209331,-0.28080177699582,0.2148482063524387,0.12063228557467301
Matheus Cunha,BRA,"MT,AT",25,2597,-3.401409182606679,0.5295092881675132,0.548973536846159,-0.08009604474172259,0.6270525062049643,-0.19702772089771697,0.8518981538676087
Matt Doherty,IRL,DF,32,2109,0.4186298040350253,-0.11347213293359976,0.10876243611128909,-0.021672526838181348,0.18590949719785976,0.011536274597718726,0.2505692863502471
Jean-Ricner Bellegarde,FRA,"MT,AT",26,1677,-2.000912109417601,-0.48127778290951073,1.8922152257761398,-1.0237348894200837,-1.2352400920262576,-0.8586180252914949,-0.018841643279523538
Santiago Bueno,URU,DF,25,1687,1.518770451916031,0.25805666786773357,0.0325542319590705,-0.03345284850119053,-0.08445217088730643,0.096784887597649,0.004695358165029747
Emmanuel Agbadou,CIV,DF,27,1410,1.1473170083209483,0.34069556881848556,-0.013045276149280504,0.02110764041289187,0.13740477848798077,0.10177377233601047,0.11599573475206539
Mario Lemina,GAB,"MT,DF",30,1364,-0.12179147623606863,0.11076362970900301,0.6554176607470291,-1.0512136759722008,-0.4999762512400701,-0.4758801083259912,-0.16700997369486964
Marshall Munetsi,ZIM,"MT,AT",28,1078,-0.6290787337337991,0.9650995120994649,0.31834339826469044,-0.0219033373164077,-0.11136364024771005,0.6759603910177259,-0.23644012189946315
Gonçalo Guedes,POR,"MT,AT",27,995,-2.5597380514206485,0.0038280642257472615,0.8547566277114537,-0.5461378049828459,-1.0258886763442858,-1.4605916227496698,-0.612886741637438
Craig Dawson,ENG,DF,34,971,1.3172510070124495,0.18691579079465284,-0.025896667136975644,0.13088012014873662,-0.0054986642468622775,-0.002991627462265121,-0.12018253183907672
Pablo Sarabia,ESP,"MT,AT",32,814,-2.4882016634133683,0.28038329944335755,-0.13733732479216115,-0.9909129314850998,0.09178628292061125,-0.09903883365051706,0.029331786052981028
Sam Johnstone,ENG,GB,31,630,1.6516639112755565,0.4243680485095755,0.23223612720456122,0.11141469368574893,-0.30458991719305495,0.15426857271288638,0.11317125069911718
Hwang Hee-chan,KOR,"MT,AT",28,661,-0.0776756952742576,0.594075795287415,-0.586174441923082,0.8225203062841956,-0.03386931197738766,-0.2269226943481245,0.7546271342719132
Yerson Mosquera,COL,DF,23,441,1.3432221194955118,0.3727866941421009,0.0533725417877497,-0.03622263009965148,-0.02872075001886439,0.26715814173765096,-0.16456094520818196
Tommy Doyle,ENG,MT,22,488,-0.26765769641798565,-0.7431849095586489,0.35160941750327157,-1.246876709099558,0.23635695212972826,-0.5211711036173632,-0.5463002819877378
Daniel Bentley,ENG,GB,31,180,1.6516639112755565,0.4243680485095755,0.23223612720456122,0.11141469368574893,-0.30458991719305495,0.15426857271288638,0.11317125069911718
Carlos Forbs,POR,"MT,AT",20,239,0.030722289299013418,-0.9948804829038423,-0.6745688158538029,1.4685192649350398,-0.6037856080618066,-0.42345367076794144,-0.007101075739699405
Pedro Lima,BRA,DF,18,70,-0.909583484125388,-1.7886311409190172,-0.8044488798547231,1.7967855995441508,-0.4328287864900179,-0.19876381518772784,-0.01688044060144279
Nasser Djiga,BFA,DF,21,66,1.282946354804568,-0.2768878871944494,-0.502146578415793,-0.277184060774631,-0.04070401227427369,0.07503102720180967,0.07940410281271619
Daniel Podence,POR,"MT,AT",28,48,0.6282706777062473,-0.48433657852066087,-0.5959999900011317,0.5586229012274808,-0.1592339650178356,-0.21490913331812575,-0.16316513316711634
Chiquinho,POR,MT,24,7,-0.03762855587976751,-0.39014176806933876,1.8872701820167899,-0.11140867001157517,0.29484875525584875,2.8129642739899214,0.4900767472901913
Tom King,WAL,GB,29,1,1.6516639112755565,0.4243680485095755,0.23223612720456122,0.11141469368574893,-0.30458991719305495,0.15426857271288638,0.11317125069911718
Alfie Pond,ENG,DF,20,1,1.6516639112755565,0.4243680485095755,0.23223612720456122,0.11141469368574893,-0.30458991719305495,0.15426857271288638,0.11317125069911718
Boubacar Traoré,MLI,MT,22,1,1.6516639112755565,0.4243680485095755,0.23223612720456122,0.11141469368574893,-0.30458991719305495,0.15426857271288638,0.11317125069911718
Mohamed Salah,EGY,AT,32,3371,-6.730623751601814,1.7361278008383174,0.7618588276981585,-0.9431215248221362,-0.6459025710388229,-0.42586087649091914,0.37376736852607645
Virgil van Dijk,NED,DF,33,3330,0.7497414736860658,-0.08646025653448654,-0.30448918716388884,-0.44699880684488086,0.5356814041114826,-0.2189440345892886,0.04289841598799103
Ryan Gravenberch,NED,MT,22,3160,0.06678834379379378,-0.796424817350898,0.4618110817562185,-0.31703476364003763,0.15859871511354764,-0.35232238844014235,-0.163950610539044
Alexis Mac Allister,ARG,MT,25,2599,-0.9752227729299011,-0.3535348862608924,0.3882594964567087,-1.0045005651905194,0.21664946535375063,-0.08914010709916549,0.22650773906725827
Ibrahima Konaté,FRA,DF,25,2560,0.6577407523054165,-0.08072580487019657,0.12369506791708745,-0.3948511837039496,0.1951832004297612,-0.31388243908439667,-0.11864022828483517
Dominik Szoboszlai,HUN,MT,23,2491,-2.393373025328193,-0.09101353983395565,0.9029605779364603,-0.5468025370402773,0.11304271032197555,0.2514801995789641,-0.14765345799635005
Andrew Robertson,SCO,DF,30,2482,-0.2606041165221076,-1.2550935189791055,0.17043977486460518,0.050388261691783134,0.5017271259622945,0.4108987731404373,-0.04287823395531205
Alisson,BRA,GB,31,2508,1.5694099862783621,0.3805745467246431,0.30683218198475304,0.0966198202291066,-0.2710957172418472,0.2794569854375689,0.1303322155202097
Luis Díaz,COL,AT,27,2399,-3.5762775513073843,0.8373495675465749,-0.38711693652261975,0.47018310755304465,-0.0367248389368065,-0.3439353924767201,0.2486869154245521
Trent Alexander-Arnold,ENG,DF,25,2365,-1.806184273606286,-1.3649488889448755,0.8844089073738911,-1.4133066660082736,0.4071751112395457,0.19586880514744218,0.10133909091325502
Cody Gakpo,NED,AT,25,1935,-3.0937218666918302,0.7997909271462917,-0.31024241195482266,0.2110715859657838,-0.7214322470213,0.08988387052996218,0.7449563728507702
Curtis Jones,ENG,"MT,DF",23,1712,-0.9441721946369885,0.03754955105430187,-0.2924837208887685,-0.6830313673580554,0.07926527470968447,-0.6272742584715097,-0.36099891291294656
Diogo Jota,POR,AT,27,1196,-3.2069357313652187,1.852449084331849,-0.14273094829895253,-0.048663885139860176,-0.07921310327043131,-0.48835526084873415,-0.5785951432654034
Caoimhín Kelleher,IRL,GB,25,900,1.6516639112755565,0.4243680485095755,0.23223612720456122,0.11141469368574893,-0.30458991719305495,0.15426857271288638,0.11317125069911718
Kostas Tsimikas,GRE,DF,28,837,-0.8223382688028624,-1.5816807870249698,0.3417529059671103,-0.6992148604262282,0.42758285081936764,0.5513952779140926,-0.07554149184191837
Darwin Núñez,URU,AT,25,1133,-2.121913037932462,1.6576730013247687,-0.36647160285878666,-0.03059794962524761,-0.136163273513695,-0.25923114022455884,-0.17519598444237625
Conor Bradley,NIR,DF,21,754,-1.405741938381635,-1.160857890380001,1.3331118209558843,0.027283828250967184,-0.4835911685875529,-0.7435502315525807,-0.380258279606076
Joe Gomez,ENG,DF,27,519,0.9516930183475744,-0.45812224475561386,-0.4068086520893066,-0.2593008777690825,0.6572382137248192,-0.11203735659521952,-0.24231793311149907
Jarell Quansah,ENG,DF,21,495,1.2090758349219506,-0.16607929240740238,-0.12244044959128587,-0.07432233518460254,0.19210514685716829,0.05257667185098905,-0.018374993372054962
Harvey Elliott,ENG,MT,21,371,-4.255446588330035,-0.5431785555552909,0.710954309875002,-2.5164578106662363,-0.32346324486501676,-1.0149071531708602,-1.0411694232147084
Wataru Endo,JPN,"MT,DF",31,273,1.0377498649290344,-0.6678377809241567,-0.6305032028878116,-0.42580631545618,0.3321280139753278,0.036977475647196216,0.03992562957750459
Federico Chiesa,ITA,AT,26,108,-0.5065511148674183,-0.152138912949956,-0.07186961436849765,0.944378343991797,0.07613879758589098,0.7737515526447369,-0.8049748804532232
Vitezslav Jaros,CZE,GB,23,12,1.6516639112755565,0.4243680485095755,0.23223612720456122,0.11141469368574893,-0.30458991719305495,0.15426857271288638,0.11317125069911718
Jayden Danns,ENG,MT,18,11,1.6516639112755565,0.4243680485095755,0.23223612720456122,0.11141469368574893,-0.30458991719305495,0.15426857271288638,0.11317125069911718
